Algorithm: Bellman-Ford
Source: 0
Vertex Distance
0 0
1 37
2 24
3 44
4 34
5 37
6 47
7 29
8 45
9 40
10 34
11 INF
12 39
13 45
14 37
15 28
16 41
17 INF
18 43
19 42
20 36
21 36
22 INF
23 41
24 40
25 32
26 51
27 37
28 38
29 43
30 46
31 35
32 37
33 36
34 44
35 36
36 INF
37 24
38 34
39 32
40 33
41 28
42 39
43 43
44 35
45 31
46 38
47 INF
48 INF
49 INF
50 41
51 39
52 38
53 41
54 33
55 INF
56 28
57 38
58 INF
59 47
60 33
61 42
62 29
63 INF
64 42
65 31
66 43
67 34
68 37
69 37
70 35
71 INF
72 42
73 35
74 36
75 41
76 42
77 28
78 48
79 48
80 38
81 INF
82 41
83 23
84 32
85 22
86 44
87 42
88 30
89 INF
90 39
91 INF
92 36
93 48
94 31
95 46
96 45
97 41
98 42
99 33
100 35
101 47
102 51
103 49
104 49
105 41
106 40
107 INF
108 46
109 36
110 40
111 35
112 31
113 INF
114 35
115 42
116 43
117 41
118 37
119 43
120 34
121 35
122 53
123 25
124 38
125 42
126 40
127 INF
128 31
129 37
130 41
131 31
132 34
133 37
134 INF
135 35
136 47
137 50
138 34
139 39
140 32
141 39
142 35
143 38
144 41
145 21
146 31
147 39
148 43
149 34
150 35
151 42
152 INF
153 50
154 47
155 37
156 40
157 29
158 33
159 36
160 INF
161 33
162 39
163 INF
164 43
165 48
166 38
167 38
168 43
169 24
170 44
171 26
172 39
173 45
174 39
175 44
176 31
177 32
178 38
179 41
180 29
181 35
182 22
183 INF
184 40
185 45
186 INF
187 31
188 44
189 42
190 27
191 40
192 43
193 27
194 34
195 48
196 36
197 47
198 43
199 36
200 35
201 25
202 35
203 33
204 46
205 42
206 38
207 39
208 45
209 46
210 INF
211 33
212 INF
213 44
214 40
215 40
216 36
217 32
218 36
219 35
220 INF
221 38
222 41
223 24
224 47
225 38
226 26
227 44
228 40
229 34
230 41
231 48
232 50
233 48
234 30
235 45
236 44
237 44
238 43
239 45
240 30
241 40
242 37
243 33
244 49
245 43
246 36
247 40
248 INF
249 31
250 48
251 41
252 19
253 48
254 31
255 36
256 40
257 43
258 46
259 32
260 34
261 39
262 40
263 47
264 32
265 41
266 39
267 36
268 32
269 35
270 49
271 35
272 28
273 38
274 43
275 46
276 34
277 23
278 31
279 40
280 32
281 48
282 36
283 34
284 43
285 43
286 37
287 39
288 37
289 46
290 40
291 38
292 36
293 39
294 43
295 INF
296 41
297 33
298 46
299 38
300 32
301 42
302 42
303 35
304 37
305 31
306 44
307 43
308 32
309 39
310 39
311 33
312 36
313 39
314 47
315 29
316 38
317 47
318 30
319 37
320 28
321 37
322 40
323 36
324 32
325 45
326 49
327 INF
328 42
329 33
330 35
331 48
332 35
333 38
334 42
335 41
336 44
337 30
338 29
339 37
340 39
341 27
342 41
343 41
344 40
345 36
346 29
347 36
348 47
349 45
350 37
351 41
352 42
353 46
354 37
355 37
356 44
357 47
358 41
359 47
360 41
361 44
362 32
363 54
364 40
365 35
366 41
367 33
368 36
369 36
370 41
371 35
372 38
373 40
374 34
375 33
376 41
377 INF
378 42
379 38
380 INF
381 49
382 45
383 43
384 51
385 30
386 40
387 35
388 43
389 52
390 37
391 34
392 42
393 41
394 44
395 35
396 43
397 34
398 39
399 34
400 43
401 41
402 43
403 40
404 44
405 42
406 47
407 33
408 44
409 41
410 40
411 34
412 43
413 42
414 44
415 26
416 52
417 INF
418 41
419 41
420 45
421 42
422 46
423 37
424 42
425 35
426 30
427 43
428 INF
429 37
430 43
431 33
432 46
433 31
434 41
435 INF
436 41
437 41
438 INF
439 35
440 46
441 INF
442 42
443 42
444 37
445 41
446 49
447 47
448 INF
449 39
450 42
451 48
452 45
453 38
454 30
455 41
456 38
457 42
458 40
459 33
460 34
461 42
462 51
463 INF
464 39
465 49
466 55
467 30
468 34
469 31
470 53
471 38
472 INF
473 33
474 43
475 41
476 32
477 37
478 40
479 22
480 INF
481 42
482 41
483 27
484 38
485 47
486 38
487 44
488 40
489 43
490 INF
491 40
492 33
493 43
494 35
495 38
496 INF
497 36
498 40
499 42
500 36
501 36
502 43
503 30
504 43
505 44
506 INF
507 39
508 37
509 INF
510 44
511 43
512 41
513 38
514 39
515 INF
516 33
517 39
518 49
519 42
520 43
521 34
522 45
523 38
524 37
525 29
526 45
527 32
528 24
529 INF
530 37
531 46
532 40
533 27
534 56
535 32
536 38
537 33
538 42
539 32
540 66
541 42
542 43
543 34
544 39
545 41
546 41
547 33
548 47
549 46
550 36
551 22
552 47
553 31
554 37
555 45
556 39
557 37
558 27
559 40
560 42
561 35
562 34
563 50
564 28
565 41
566 38
567 36
568 28
569 48
570 34
571 36
572 39
573 48
574 38
575 33
576 37
577 38
578 41
579 46
580 INF
581 41
582 34
583 37
584 39
585 37
586 41
587 39
588 40
589 53
590 38
591 57
592 38
593 38
594 39
595 46
596 47
597 42
598 50
599 39
600 48
601 34
602 46
603 35
604 39
605 29
606 42
607 42
608 45
609 35
610 36
611 41
612 55
613 46
614 43
615 31
616 38
617 33
618 41
619 40
620 46
621 42
622 46
623 INF
624 INF
625 23
626 42
627 37
628 46
629 44
630 36
631 32
632 40
633 33
634 31
635 42
636 45
637 67
638 43
639 36
640 37
641 39
642 31
643 48
644 45
645 38
646 40
647 52
648 INF
649 33
650 36
651 51
652 34
653 INF
654 39
655 41
656 48
657 30
658 45
659 38
660 45
661 31
662 42
663 33
664 36
665 43
666 37
667 34
668 31
669 31
670 34
671 40
672 40
673 36
674 36
675 32
676 45
677 40
678 42
679 35
680 38
681 36
682 41
683 41
684 39
685 40
686 45
687 50
688 53
689 55
690 32
691 INF
692 34
693 INF
694 43
695 33
696 45
697 41
698 51
699 42
700 42
701 42
702 35
703 46
704 43
705 INF
706 34
707 38
708 42
709 36
710 49
711 INF
712 34
713 53
714 44
715 29
716 40
717 40
718 34
719 46
720 34
721 39
722 39
723 39
724 40
725 39
726 32
727 42
728 40
729 36
730 39
731 32
732 41
733 41
734 44
735 37
736 33
737 INF
738 38
739 34
740 46
741 50
742 43
743 42
744 43
745 49
746 38
747 38
748 36
749 40
750 42
751 23
752 44
753 38
754 35
755 40
756 32
757 INF
758 30
759 36
760 29
761 44
762 31
763 46
764 42
765 28
766 35
767 38
768 38
769 38
770 43
771 40
772 34
773 43
774 38
775 48
776 39
777 37
778 34
779 45
780 39
781 45
782 39
783 32
784 42
785 40
786 35
787 41
788 48
789 43
790 INF
791 32
792 39
793 41
794 37
795 INF
796 42
797 35
798 47
799 47
800 36
801 45
802 48
803 39
804 39
805 46
806 36
807 INF
808 38
809 47
810 45
811 43
812 44
813 42
814 32
815 45
816 35
817 40
818 40
819 37
820 INF
821 42
822 36
823 35
824 42
825 38
826 27
827 46
828 38
829 34
830 46
831 33
832 40
833 32
834 44
835 38
836 53
837 INF
838 40
839 26
840 39
841 37
842 42
843 INF
844 40
845 37
846 33
847 35
848 37
849 INF
850 39
851 46
852 38
853 25
854 38
855 26
856 41
857 46
858 38
859 45
860 44
861 44
862 42
863 37
864 35
865 36
866 28
867 33
868 46
869 41
870 38
871 33
872 24
873 37
874 36
875 41
876 59
877 21
878 38
879 30
880 45
881 41
882 39
883 37
884 44
885 39
886 47
887 43
888 38
889 31
890 45
891 43
892 37
893 46
894 41
895 36
896 31
897 39
898 32
899 45
900 41
901 49
902 46
903 32
904 44
905 37
906 39
907 36
908 66
909 31
910 48
911 39
912 40
913 50
914 40
915 41
916 46
917 35
918 46
919 34
920 35
921 INF
922 41
923 44
924 INF
925 30
926 45
927 37
928 47
929 39
930 43
931 46
932 INF
933 32
934 31
935 INF
936 55
937 37
938 40
939 29
940 42
941 32
942 INF
943 34
944 33
945 29
946 43
947 34
948 25
949 36
950 48
951 51
952 36
953 40
954 43
955 41
956 39
957 48
958 53
959 38
960 50
961 32
962 52
963 49
964 INF
965 46
966 50
967 INF
968 34
969 41
970 36
971 33
972 37
973 32
974 45
975 39
976 50
977 37
978 41
979 41
980 34
981 39
982 45
983 38
984 39
985 44
986 36
987 32
988 INF
989 25
990 44
991 48
992 48
993 INF
994 29
995 46
996 35
997 49
998 35
999 37
1000 45
1001 37
1002 37
1003 52
1004 41
1005 38
1006 40
1007 35
1008 INF
1009 42
1010 27
1011 40
1012 36
1013 29
1014 45
1015 45
1016 31
1017 45
1018 34
1019 42
1020 46
1021 42
1022 45
1023 36
1024 34
1025 31
1026 40
1027 41
1028 46
1029 INF
1030 30
1031 INF
1032 41
1033 47
1034 51
1035 41
1036 35
1037 30
1038 36
1039 40
1040 44
1041 45
1042 36
1043 48
1044 34
1045 32
1046 42
1047 43
1048 30
1049 45
1050 44
1051 38
1052 42
1053 39
1054 38
1055 34
1056 40
1057 39
1058 INF
1059 29
1060 36
1061 37
1062 37
1063 38
1064 69
1065 55
1066 41
1067 27
1068 42
1069 33
1070 32
1071 52
1072 33
1073 42
1074 49
1075 29
1076 36
1077 37
1078 45
1079 32
1080 37
1081 46
1082 42
1083 31
1084 49
1085 43
1086 47
1087 33
1088 22
1089 35
1090 44
1091 35
1092 43
1093 34
1094 INF
1095 28
1096 37
1097 35
1098 40
1099 33
1100 41
1101 50
1102 20
1103 48
1104 33
1105 43
1106 54
1107 42
1108 34
1109 51
1110 40
1111 42
1112 37
1113 32
1114 35
1115 44
1116 39
1117 39
1118 34
1119 43
1120 37
1121 30
1122 50
1123 45
1124 40
1125 49
1126 42
1127 52
1128 31
1129 37
1130 41
1131 35
1132 38
1133 42
1134 36
1135 52
1136 46
1137 39
1138 36
1139 38
1140 37
1141 39
1142 41
1143 43
1144 47
1145 38
1146 49
1147 32
1148 41
1149 42
1150 INF
1151 36
1152 35
1153 37
1154 44
1155 37
1156 38
1157 33
1158 40
1159 30
1160 43
1161 37
1162 32
1163 44
1164 39
1165 25
1166 48
1167 50
1168 36
1169 39
1170 46
1171 49
1172 41
1173 45
1174 INF
1175 40
1176 45
1177 41
1178 39
1179 39
1180 50
1181 52
1182 42
1183 39
1184 33
1185 32
1186 41
1187 35
1188 37
1189 41
1190 35
1191 35
1192 40
1193 32
1194 32
1195 39
1196 50
1197 41
1198 31
1199 INF
1200 32
1201 30
1202 40
1203 37
1204 38
1205 37
1206 44
1207 44
1208 28
1209 35
1210 41
1211 INF
1212 36
1213 34
1214 46
1215 48
1216 42
1217 42
1218 53
1219 44
1220 36
1221 36
1222 33
1223 41
1224 26
1225 33
1226 33
1227 37
1228 52
1229 37
1230 INF
1231 45
1232 40
1233 35
1234 41
1235 38
1236 38
1237 36
1238 38
1239 40
1240 38
1241 40
1242 34
1243 35
1244 43
1245 40
1246 34
1247 31
1248 38
1249 38
1250 37
1251 35
1252 43
1253 41
1254 45
1255 33
1256 46
1257 44
1258 39
1259 36
1260 34
1261 36
1262 42
1263 36
1264 33
1265 37
1266 30
1267 46
1268 42
1269 45
1270 50
1271 40
1272 37
1273 33
1274 45
1275 27
1276 INF
1277 39
1278 55
1279 30
1280 43
1281 38
1282 39
1283 26
1284 28
1285 38
1286 INF
1287 47
1288 36
1289 41
1290 35
1291 43
1292 43
1293 30
1294 INF
1295 45
1296 41
1297 35
1298 41
1299 42
1300 42
1301 39
1302 35
1303 44
1304 48
1305 40
1306 34
1307 30
1308 39
1309 33
1310 39
1311 INF
1312 41
1313 45
1314 35
1315 42
1316 28
1317 36
1318 45
1319 INF
1320 31
1321 48
1322 47
1323 40
1324 37
1325 41
1326 41
1327 37
1328 45
1329 39
1330 43
1331 36
1332 35
1333 46
1334 34
1335 38
1336 34
1337 25
1338 39
1339 51
1340 40
1341 40
1342 36
1343 42
1344 43
1345 35
1346 38
1347 43
1348 35
1349 41
1350 44
1351 45
1352 39
1353 38
1354 38
1355 50
1356 37
1357 39
1358 41
1359 46
1360 39
1361 43
1362 24
1363 43
1364 28
1365 30
1366 37
1367 INF
1368 43
1369 45
1370 46
1371 INF
1372 41
1373 45
1374 40
1375 37
1376 47
1377 41
1378 28
1379 38
1380 49
1381 25
1382 37
1383 36
1384 57
1385 41
1386 33
1387 46
1388 31
1389 INF
1390 48
1391 36
1392 34
1393 37
1394 39
1395 49
1396 41
1397 29
1398 32
1399 36
1400 47
1401 38
1402 33
1403 47
1404 32
1405 INF
1406 36
1407 42
1408 40
1409 42
1410 44
1411 INF
1412 42
1413 38
1414 46
1415 40
1416 35
1417 34
1418 INF
1419 43
1420 34
1421 30
1422 41
1423 42
1424 INF
1425 30
1426 INF
1427 INF
1428 48
1429 36
1430 29
1431 36
1432 34
1433 43
1434 8
1435 36
1436 31
1437 34
1438 40
1439 43
1440 30
1441 INF
1442 49
1443 47
1444 29
1445 36
1446 37
1447 39
1448 38
1449 50
1450 INF
1451 51
1452 39
1453 36
1454 32
1455 42
1456 46
1457 INF
1458 39
1459 40
1460 34
1461 33
1462 49
1463 50
1464 28
1465 50
1466 44
1467 37
1468 40
1469 47
1470 27
1471 42
1472 INF
1473 INF
1474 32
1475 INF
1476 43
1477 47
1478 41
1479 38
1480 52
1481 46
1482 41
1483 44
1484 37
1485 29
1486 40
1487 27
1488 37
1489 39
1490 38
1491 45
1492 51
1493 52
1494 43
1495 37
1496 44
1497 36
1498 43
1499 36
1500 INF
1501 36
1502 44
1503 INF
1504 33
1505 41
1506 33
1507 44
1508 25
1509 44
1510 41
1511 34
1512 41
1513 38
1514 36
1515 50
1516 50
1517 47
1518 37
1519 INF
1520 INF
1521 45
1522 45
1523 39
1524 40
1525 36
1526 34
1527 26
1528 39
1529 31
1530 24
1531 35
1532 41
1533 INF
1534 42
1535 44
1536 41
1537 47
1538 42
1539 37
1540 35
1541 44
1542 52
1543 37
1544 43
1545 45
1546 42
1547 36
1548 42
1549 36
1550 42
1551 40
1552 38
1553 41
1554 36
1555 36
1556 28
1557 51
1558 39
1559 46
1560 47
1561 44
1562 INF
1563 48
1564 45
1565 38
1566 45
1567 32
1568 41
1569 46
1570 41
1571 37
1572 35
1573 32
1574 52
1575 31
1576 35
1577 32
1578 36
1579 44
1580 42
1581 47
1582 42
1583 34
1584 39
1585 40
1586 48
1587 INF
1588 42
1589 42
1590 42
1591 41
1592 37
1593 38
1594 35
1595 40
1596 43
1597 41
1598 26
1599 37
1600 43
1601 36
1602 35
1603 42
1604 34
1605 28
1606 42
1607 40
1608 44
1609 41
1610 49
1611 41
1612 40
1613 31
1614 47
1615 41
1616 36
1617 36
1618 54
1619 40
1620 41
1621 28
1622 INF
1623 40
1624 38
1625 55
1626 37
1627 42
1628 31
1629 47
1630 37
1631 INF
1632 40
1633 45
1634 50
1635 49
1636 50
1637 46
1638 53
1639 37
1640 35
1641 24
1642 43
1643 34
1644 38
1645 39
1646 30
1647 51
1648 INF
1649 35
1650 42
1651 35
1652 37
1653 44
1654 46
1655 43
1656 32
1657 25
1658 33
1659 30
1660 36
1661 43
1662 36
1663 35
1664 45
1665 41
1666 36
1667 43
1668 42
1669 39
1670 41
1671 44
1672 48
1673 33
1674 INF
1675 33
1676 43
1677 36
1678 39
1679 27
1680 42
1681 26
1682 48
1683 45
1684 34
1685 33
1686 48
1687 34
1688 44
1689 48
1690 57
1691 INF
1692 39
1693 37
1694 35
1695 35
1696 45
1697 35
1698 45
1699 28
1700 23
1701 29
1702 33
1703 39
1704 36
1705 55
1706 36
1707 34
1708 39
1709 42
1710 28
1711 47
1712 39
1713 36
1714 41
1715 43
1716 37
1717 INF
1718 39
1719 46
1720 27
1721 51
1722 39
1723 INF
1724 46
1725 36
1726 INF
1727 42
1728 44
1729 28
1730 43
1731 INF
1732 34
1733 38
1734 43
1735 44
1736 INF
1737 41
1738 32
1739 38
1740 35
1741 44
1742 32
1743 35
1744 46
1745 INF
1746 39
1747 42
1748 44
1749 INF
1750 46
1751 42
1752 43
1753 34
1754 34
1755 46
1756 34
1757 37
1758 41
1759 39
1760 34
1761 35
1762 38
1763 35
1764 34
1765 40
1766 37
1767 48
1768 42
1769 29
1770 31
1771 47
1772 46
1773 36
1774 INF
1775 36
1776 44
1777 37
1778 46
1779 42
1780 42
1781 57
1782 38
1783 35
1784 38
1785 57
1786 45
1787 INF
1788 17
1789 38
1790 40
1791 40
1792 23
1793 38
1794 38
1795 28
1796 40
1797 36
1798 41
1799 47
1800 30
1801 39
1802 44
1803 41
1804 39
1805 41
1806 39
1807 35
1808 39
1809 35
1810 35
1811 54
1812 35
1813 42
1814 45
1815 29
1816 35
1817 INF
1818 42
1819 39
1820 52
1821 29
1822 48
1823 39
1824 47
1825 41
1826 45
1827 43
1828 41
1829 42
1830 40
1831 28
1832 34
1833 40
1834 35
1835 34
1836 39
1837 53
1838 47
1839 34
1840 40
1841 30
1842 13
1843 40
1844 39
1845 42
1846 32
1847 43
1848 35
1849 51
1850 48
1851 49
1852 42
1853 42
1854 39
1855 25
1856 36
1857 34
1858 44
1859 36
1860 41
1861 46
1862 33
1863 54
1864 41
1865 43
1866 35
1867 43
1868 30
1869 36
1870 37
1871 32
1872 40
1873 41
1874 41
1875 40
1876 39
1877 46
1878 41
1879 43
1880 29
1881 37
1882 39
1883 INF
1884 47
1885 36
1886 51
1887 33
1888 INF
1889 52
1890 39
1891 40
1892 45
1893 41
1894 33
1895 47
1896 36
1897 36
1898 33
1899 43
1900 37
1901 40
1902 26
1903 54
1904 40
1905 48
1906 41
1907 42
1908 INF
1909 34
1910 INF
1911 53
1912 30
1913 37
1914 30
1915 INF
1916 39
1917 42
1918 46
1919 47
1920 39
1921 41
1922 47
1923 34
1924 37
1925 39
1926 INF
1927 36
1928 37
1929 31
1930 47
1931 45
1932 34
1933 41
1934 44
1935 43
1936 38
1937 44
1938 50
1939 35
1940 38
1941 37
1942 41
1943 38
1944 32
1945 42
1946 43
1947 38
1948 25
1949 30
1950 29
1951 36
1952 34
1953 37
1954 41
1955 41
1956 50
1957 39
1958 26
1959 35
1960 35
1961 41
1962 INF
1963 38
1964 41
1965 41
1966 49
1967 INF
1968 41
1969 44
1970 INF
1971 39
1972 46
1973 40
1974 41
1975 33
1976 41
1977 38
1978 39
1979 40
1980 46
1981 44
1982 34
1983 31
1984 35
1985 47
1986 36
1987 44
1988 INF
1989 41
1990 43
1991 35
1992 47
1993 41
1994 42
1995 48
1996 33
1997 35
1998 20
1999 37
2000 39
2001 40
2002 47
2003 37
2004 39
2005 33
2006 41
2007 39
2008 38
2009 39
2010 39
2011 37
2012 35
2013 INF
2014 51
2015 42
2016 44
2017 35
2018 37
2019 40
2020 31
2021 INF
2022 40
2023 41
2024 INF
2025 48
2026 INF
2027 35
2028 35
2029 43
2030 49
2031 39
2032 38
2033 41
2034 47
2035 40
2036 39
2037 38
2038 43
2039 28
2040 41
2041 37
2042 35
2043 38
2044 29
2045 33
2046 43
2047 43
2048 36
2049 36
2050 29
2051 30
2052 44
2053 39
2054 46
2055 46
2056 50
2057 36
2058 38
2059 38
2060 47
2061 47
2062 46
2063 48
2064 35
2065 42
2066 40
2067 40
2068 41
2069 40
2070 33
2071 34
2072 36
2073 29
2074 42
2075 40
2076 34
2077 42
2078 38
2079 32
2080 40
2081 45
2082 38
2083 33
2084 52
2085 42
2086 48
2087 48
2088 40
2089 INF
2090 30
2091 INF
2092 53
2093 35
2094 33
2095 25
2096 24
2097 49
2098 43
2099 44
2100 37
2101 30
2102 32
2103 43
2104 44
2105 INF
2106 26
2107 39
2108 40
2109 38
2110 40
2111 36
2112 INF
2113 41
2114 42
2115 36
2116 30
2117 42
2118 INF
2119 34
2120 38
2121 35
2122 38
2123 38
2124 42
2125 39
2126 36
2127 43
2128 38
2129 33
2130 39
2131 42
2132 45
2133 30
2134 36
2135 44
2136 44
2137 38
2138 38
2139 42
2140 38
2141 32
2142 INF
2143 34
2144 43
2145 43
2146 37
2147 40
2148 47
2149 42
2150 41
2151 48
2152 38
2153 49
2154 35
2155 37
2156 40
2157 29
2158 37
2159 42
2160 50
2161 INF
2162 46
2163 49
2164 42
2165 37
2166 38
2167 31
2168 32
2169 33
2170 39
2171 41
2172 INF
2173 40
2174 44
2175 39
2176 41
2177 36
2178 39
2179 37
2180 33
2181 33
2182 44
2183 INF
2184 35
2185 39
2186 35
2187 32
2188 INF
2189 48
2190 40
2191 35
2192 40
2193 27
2194 29
2195 52
2196 46
2197 40
2198 36
2199 24
2200 32
2201 34
2202 41
2203 INF
2204 49
2205 26
2206 40
2207 35
2208 32
2209 41
2210 34
2211 35
2212 34
2213 40
2214 34
2215 35
2216 42
2217 42
2218 37
2219 38
2220 41
2221 34
2222 33
2223 39
2224 47
2225 29
2226 42
2227 36
2228 36
2229 45
2230 33
2231 41
2232 40
2233 42
2234 34
2235 39
2236 33
2237 INF
2238 40
2239 34
2240 32
2241 40
2242 38
2243 43
2244 36
2245 46
2246 37
2247 42
2248 25
2249 30
2250 36
2251 35
2252 41
2253 44
2254 44
2255 41
2256 29
2257 47
2258 35
2259 32
2260 34
2261 40
2262 48
2263 INF
2264 41
2265 39
2266 38
2267 39
2268 36
2269 42
2270 34
2271 29
2272 30
2273 39
2274 50
2275 33
2276 37
2277 40
2278 35
2279 40
2280 39
2281 43
2282 48
2283 35
2284 INF
2285 32
2286 38
2287 37
2288 43
2289 31
2290 39
2291 43
2292 50
2293 40
2294 41
2295 29
2296 40
2297 38
2298 34
2299 37
2300 46
2301 INF
2302 34
2303 21
2304 36
2305 37
2306 45
2307 40
2308 26
2309 34
2310 41
2311 32
2312 45
2313 41
2314 36
2315 40
2316 56
2317 49
2318 53
2319 44
2320 41
2321 30
2322 INF
2323 42
2324 37
2325 44
2326 30
2327 32
2328 34
2329 50
2330 39
2331 34
2332 45
2333 39
2334 39
2335 INF
2336 32
2337 44
2338 39
2339 38
2340 43
2341 42
2342 44
2343 43
2344 33
2345 35
2346 39
2347 36
2348 35
2349 44
2350 INF
2351 36
2352 39
2353 INF
2354 49
2355 43
2356 39
2357 33
2358 20
2359 38
2360 41
2361 35
2362 39
2363 47
2364 45
2365 47
2366 32
2367 31
2368 39
2369 45
2370 35
2371 43
2372 43
2373 45
2374 35
2375 49
2376 37
2377 30
2378 31
2379 39
2380 33
2381 30
2382 35
2383 24
2384 34
2385 48
2386 38
2387 36
2388 41
2389 37
2390 38
2391 38
2392 42
2393 37
2394 30
2395 35
2396 46
2397 INF
2398 32
2399 38
2400 41
2401 32
2402 38
2403 44
2404 43
2405 36
2406 35
2407 39
2408 37
2409 40
2410 32
2411 40
2412 61
2413 36
2414 41
2415 38
2416 INF
2417 32
2418 44
2419 36
2420 40
2421 39
2422 41
2423 28
2424 35
2425 38
2426 40
2427 43
2428 36
2429 INF
2430 38
2431 38
2432 44
2433 36
2434 49
2435 38
2436 46
2437 35
2438 36
2439 44
2440 45
2441 34
2442 62
2443 31
2444 27
2445 39
2446 34
2447 23
2448 INF
2449 45
2450 37
2451 43
2452 34
2453 29
2454 35
2455 33
2456 39
2457 36
2458 39
2459 40
2460 40
2461 45
2462 38
2463 42
2464 39
2465 38
2466 35
2467 33
2468 32
2469 38
2470 47
2471 37
2472 41
2473 49
2474 47
2475 17
2476 31
2477 INF
2478 INF
2479 39
2480 25
2481 34
2482 40
2483 50
2484 20
2485 34
2486 42
2487 38
2488 32
2489 38
2490 29
2491 33
2492 47
2493 51
2494 44
2495 52
2496 42
2497 36
2498 60
2499 44
2500 53
2501 41
2502 43
2503 33
2504 43
2505 48
2506 15
2507 51
2508 31
2509 36
2510 36
2511 37
2512 INF
2513 47
2514 43
2515 38
2516 46
2517 36
2518 55
2519 46
2520 30
2521 36
2522 34
2523 30
2524 45
2525 44
2526 35
2527 41
2528 47
2529 29
2530 36
2531 34
2532 56
2533 50
2534 36
2535 45
2536 41
2537 45
2538 38
2539 46
2540 45
2541 50
2542 36
2543 50
2544 41
2545 41
2546 31
2547 44
2548 36
2549 43
2550 INF
2551 31
2552 50
2553 42
2554 41
2555 44
2556 50
2557 39
2558 INF
2559 41
2560 INF
2561 29
2562 34
2563 46
2564 27
2565 43
2566 36
2567 INF
2568 43
2569 41
2570 37
2571 40
2572 42
2573 45
2574 45
2575 35
2576 36
2577 49
2578 29
2579 37
2580 49
2581 36
2582 37
2583 45
2584 35
2585 33
2586 36
2587 29
2588 32
2589 37
2590 37
2591 INF
2592 41
2593 43
2594 34
2595 41
2596 39
2597 37
2598 44
2599 39
2600 43
2601 43
2602 42
2603 41
2604 54
2605 31
2606 34
2607 36
2608 46
2609 43
2610 40
2611 45
2612 40
2613 40
2614 39
2615 INF
2616 31
2617 38
2618 46
2619 40
2620 38
2621 39
2622 46
2623 33
2624 29
2625 32
2626 34
2627 58
2628 40
2629 34
2630 39
2631 43
2632 45
2633 38
2634 43
2635 42
2636 39
2637 45
2638 49
2639 29
2640 40
2641 35
2642 39
2643 35
2644 43
2645 45
2646 47
2647 48
2648 37
2649 47
2650 39
2651 39
2652 29
2653 42
2654 34
2655 33
2656 50
2657 41
2658 44
2659 26
2660 31
2661 44
2662 25
2663 29
2664 INF
2665 41
2666 45
2667 48
2668 INF
2669 42
2670 32
2671 32
2672 39
2673 53
2674 39
2675 38
2676 22
2677 37
2678 34
2679 49
2680 50
2681 35
2682 INF
2683 38
2684 35
2685 41
2686 47
2687 39
2688 34
2689 38
2690 40
2691 41
2692 44
2693 48
2694 25
2695 54
2696 35
2697 37
2698 42
2699 44
2700 34
2701 36
2702 51
2703 27
2704 32
2705 30
2706 37
2707 27
2708 40
2709 22
2710 33
2711 37
2712 44
2713 36
2714 39
2715 30
2716 41
2717 44
2718 37
2719 33
2720 34
2721 41
2722 44
2723 39
2724 35
2725 47
2726 30
2727 42
2728 37
2729 44
2730 47
2731 31
2732 53
2733 36
2734 33
2735 54
2736 44
2737 47
2738 40
2739 42
2740 38
2741 38
2742 39
2743 37
2744 34
2745 38
2746 35
2747 30
2748 48
2749 40
2750 39
2751 45
2752 43
2753 37
2754 34
2755 35
2756 34
2757 39
2758 39
2759 48
2760 13
2761 30
2762 42
2763 37
2764 50
2765 37
2766 45
2767 25
2768 21
2769 42
2770 33
2771 43
2772 34
2773 37
2774 39
2775 38
2776 40
2777 30
2778 37
2779 39
2780 36
2781 34
2782 42
2783 43
2784 40
2785 30
2786 36
2787 INF
2788 39
2789 40
2790 15
2791 40
2792 27
2793 52
2794 39
2795 47
2796 45
2797 37
2798 38
2799 43
2800 36
2801 INF
2802 45
2803 44
2804 35
2805 38
2806 35
2807 40
2808 42
2809 41
2810 44
2811 38
2812 45
2813 37
2814 42
2815 38
2816 44
2817 36
2818 41
2819 38
2820 43
2821 42
2822 45
2823 40
2824 35
2825 34
2826 42
2827 31
2828 35
2829 39
2830 39
2831 40
2832 45
2833 43
2834 41
2835 41
2836 28
2837 43
2838 37
2839 38
2840 45
2841 33
2842 38
2843 41
2844 45
2845 41
2846 34
2847 47
2848 28
2849 43
2850 45
2851 42
2852 34
2853 37
2854 41
2855 32
2856 32
2857 40
2858 29
2859 43
2860 27
2861 28
2862 54
2863 28
2864 32
2865 38
2866 36
2867 34
2868 47
2869 38
2870 37
2871 37
2872 21
2873 42
2874 38
2875 44
2876 49
2877 51
2878 37
2879 42
2880 INF
2881 46
2882 54
2883 36
2884 47
2885 49
2886 40
2887 42
2888 31
2889 22
2890 45
2891 41
2892 45
2893 16
2894 42
2895 34
2896 53
2897 39
2898 44
2899 33
2900 40
2901 35
2902 38
2903 40
2904 34
2905 33
2906 32
2907 41
2908 39
2909 34
2910 48
2911 39
2912 INF
2913 48
2914 34
2915 36
2916 45
2917 38
2918 32
2919 37
2920 42
2921 35
2922 35
2923 39
2924 54
2925 54
2926 26
2927 42
2928 34
2929 42
2930 INF
2931 44
2932 32
2933 39
2934 36
2935 26
2936 45
2937 35
2938 40
2939 40
2940 42
2941 54
2942 40
2943 43
2944 42
2945 25
2946 40
2947 INF
2948 31
2949 34
2950 44
2951 44
2952 48
2953 37
2954 37
2955 40
2956 45
2957 38
2958 39
2959 39
2960 44
2961 38
2962 42
2963 37
2964 38
2965 30
2966 32
2967 34
2968 36
2969 41
2970 37
2971 37
2972 46
2973 37
2974 36
2975 37
2976 40
2977 42
2978 26
2979 40
2980 47
2981 37
2982 42
2983 42
2984 38
2985 40
2986 40
2987 36
2988 38
2989 32
2990 46
2991 45
2992 36
2993 40
2994 40
2995 INF
2996 43
2997 43
2998 40
2999 42
3000 39
3001 41
3002 38
3003 41
3004 51
3005 45
3006 38
3007 31
3008 31
3009 42
3010 40
3011 33
3012 41
3013 INF
3014 41
3015 38
3016 38
3017 41
3018 41
3019 40
3020 40
3021 39
3022 43
3023 48
3024 38
3025 32
3026 39
3027 25
3028 29
3029 31
3030 49
3031 29
3032 INF
3033 41
3034 43
3035 40
3036 43
3037 51
3038 34
3039 40
3040 INF
3041 56
3042 41
3043 INF
3044 32
3045 INF
3046 51
3047 34
3048 40
3049 43
3050 47
3051 49
3052 42
3053 33
3054 39
3055 45
3056 37
3057 39
3058 34
3059 41
3060 INF
3061 30
3062 43
3063 36
3064 37
3065 46
3066 48
3067 42
3068 47
3069 40
3070 34
3071 40
3072 39
3073 42
3074 39
3075 36
3076 55
3077 43
3078 52
3079 50
3080 17
3081 39
3082 47
3083 41
3084 44
3085 38
3086 37
3087 34
3088 36
3089 60
3090 INF
3091 34
3092 35
3093 36
3094 INF
3095 21
3096 38
3097 42
3098 38
3099 INF
3100 35
3101 37
3102 32
3103 46
3104 INF
3105 34
3106 37
3107 36
3108 41
3109 32
3110 44
3111 35
3112 38
3113 25
3114 32
3115 32
3116 40
3117 40
3118 30
3119 38
3120 37
3121 47
3122 16
3123 48
3124 49
3125 45
3126 33
3127 46
3128 50
3129 40
3130 49
3131 46
3132 INF
3133 36
3134 35
3135 41
3136 48
3137 37
3138 33
3139 41
3140 37
3141 47
3142 41
3143 34
3144 INF
3145 40
3146 39
3147 52
3148 37
3149 39
3150 52
3151 42
3152 41
3153 28
3154 49
3155 51
3156 38
3157 28
3158 30
3159 40
3160 33
3161 46
3162 44
3163 47
3164 33
3165 INF
3166 26
3167 42
3168 39
3169 47
3170 30
3171 48
3172 31
3173 34
3174 42
3175 49
3176 30
3177 40
3178 39
3179 35
3180 43
3181 37
3182 30
3183 32
3184 38
3185 34
3186 47
3187 INF
3188 40
3189 25
3190 37
3191 38
3192 37
3193 40
3194 38
3195 35
3196 27
3197 INF
3198 41
3199 43
3200 30
3201 44
3202 36
3203 45
3204 37
3205 48
3206 38
3207 37
3208 46
3209 36
3210 43
3211 36
3212 38
3213 36
3214 INF
3215 32
3216 38
3217 38
3218 INF
3219 26
3220 44
3221 39
3222 INF
3223 44
3224 34
3225 21
3226 43
3227 43
3228 40
3229 36
3230 INF
3231 32
3232 24
3233 42
3234 30
3235 35
3236 37
3237 47
3238 41
3239 36
3240 37
3241 37
3242 31
3243 30
3244 INF
3245 37
3246 27
3247 26
3248 46
3249 INF
3250 40
3251 35
3252 44
3253 29
3254 29
3255 INF
3256 INF
3257 40
3258 42
3259 41
3260 34
3261 34
3262 39
3263 40
3264 41
3265 50
3266 50
3267 40
3268 27
3269 28
3270 34
3271 39
3272 39
3273 INF
3274 40
3275 50
3276 29
3277 38
3278 48
3279 38
3280 35
3281 38
3282 32
3283 42
3284 32
3285 46
3286 41
3287 37
3288 39
3289 35
3290 50
3291 INF
3292 36
3293 33
3294 38
3295 40
3296 38
3297 44
3298 46
3299 32
3300 33
3301 35
3302 45
3303 43
3304 INF
3305 39
3306 36
3307 26
3308 34
3309 38
3310 41
3311 34
3312 40
3313 37
3314 46
3315 42
3316 31
3317 43
3318 47
3319 29
3320 40
3321 42
3322 44
3323 47
3324 35
3325 43
3326 44
3327 32
3328 34
3329 41
3330 32
3331 46
3332 34
3333 40
3334 43
3335 36
3336 INF
3337 42
3338 41
3339 45
3340 38
3341 45
3342 43
3343 37
3344 31
3345 48
3346 38
3347 38
3348 35
3349 24
3350 32
3351 41
3352 49
3353 40
3354 38
3355 INF
3356 41
3357 51
3358 38
3359 INF
3360 43
3361 47
3362 40
3363 40
3364 38
3365 41
3366 34
3367 41
3368 44
3369 33
3370 41
3371 47
3372 47
3373 44
3374 43
3375 45
3376 44
3377 INF
3378 33
3379 41
3380 45
3381 46
3382 INF
3383 39
3384 40
3385 44
3386 44
3387 45
3388 33
3389 51
3390 33
3391 41
3392 52
3393 INF
3394 33
3395 38
3396 38
3397 34
3398 36
3399 44
3400 37
3401 38
3402 34
3403 37
3404 35
3405 41
3406 30
3407 43
3408 44
3409 40
3410 40
3411 35
3412 31
3413 38
3414 33
3415 INF
3416 40
3417 26
3418 45
3419 INF
3420 36
3421 41
3422 39
3423 36
3424 INF
3425 33
3426 50
3427 34
3428 44
3429 35
3430 42
3431 34
3432 32
3433 56
3434 47
3435 40
3436 30
3437 38
3438 42
3439 41
3440 47
3441 31
3442 48
3443 33
3444 42
3445 36
3446 31
3447 32
3448 38
3449 38
3450 42
3451 33
3452 36
3453 41
3454 50
3455 53
3456 43
3457 39
3458 36
3459 32
3460 35
3461 38
3462 27
3463 51
3464 41
3465 35
3466 44
3467 40
3468 36
3469 38
3470 37
3471 37
3472 35
3473 46
3474 31
3475 40
3476 43
3477 43
3478 33
3479 37
3480 34
3481 48
3482 42
3483 45
3484 INF
3485 55
3486 41
3487 40
3488 36
3489 48
3490 44
3491 41
3492 24
3493 44
3494 30
3495 INF
3496 35
3497 40
3498 47
3499 41
3500 38
3501 42
3502 42
3503 50
3504 37
3505 39
3506 45
3507 36
3508 INF
3509 34
3510 40
3511 51
3512 43
3513 44
3514 40
3515 36
3516 INF
3517 33
3518 INF
3519 41
3520 38
3521 21
3522 39
3523 41
3524 46
3525 45
3526 INF
3527 44
3528 43
3529 46
3530 40
3531 40
3532 47
3533 30
3534 41
3535 43
3536 21
3537 INF
3538 44
3539 42
3540 37
3541 36
3542 43
3543 41
3544 31
3545 31
3546 43
3547 40
3548 36
3549 INF
3550 40
3551 39
3552 47
3553 37
3554 41
3555 33
3556 33
3557 31
3558 24
3559 INF
3560 40
3561 40
3562 42
3563 32
3564 54
3565 43
3566 29
3567 36
3568 35
3569 38
3570 46
3571 28
3572 42
3573 39
3574 24
3575 39
3576 38
3577 37
3578 35
3579 24
3580 41
3581 38
3582 41
3583 39
3584 34
3585 39
3586 38
3587 INF
3588 38
3589 36
3590 INF
3591 45
3592 40
3593 INF
3594 47
3595 42
3596 62
3597 32
3598 37
3599 49
3600 45
3601 49
3602 44
3603 INF
3604 44
3605 39
3606 36
3607 37
3608 INF
3609 43
3610 41
3611 34
3612 43
3613 48
3614 31
3615 42
3616 36
3617 33
3618 46
3619 40
3620 40
3621 36
3622 40
3623 39
3624 41
3625 35
3626 28
3627 44
3628 39
3629 37
3630 38
3631 36
3632 32
3633 39
3634 43
3635 38
3636 41
3637 43
3638 34
3639 44
3640 39
3641 36
3642 38
3643 36
3644 41
3645 54
3646 46
3647 46
3648 36
3649 27
3650 INF
3651 INF
3652 31
3653 25
3654 21
3655 36
3656 29
3657 34
3658 37
3659 40
3660 33
3661 40
3662 46
3663 46
3664 22
3665 38
3666 29
3667 43
3668 37
3669 40
3670 41
3671 46
3672 43
3673 41
3674 40
3675 43
3676 35
3677 47
3678 35
3679 42
3680 42
3681 INF
3682 39
3683 38
3684 INF
3685 39
3686 43
3687 43
3688 36
3689 31
3690 34
3691 37
3692 INF
3693 47
3694 23
3695 36
3696 37
3697 INF
3698 36
3699 41
3700 35
3701 36
3702 32
3703 44
3704 41
3705 29
3706 45
3707 43
3708 INF
3709 37
3710 40
3711 41
3712 40
3713 46
3714 INF
3715 34
3716 46
3717 34
3718 25
3719 41
3720 37
3721 36
3722 44
3723 35
3724 38
3725 38
3726 36
3727 40
3728 43
3729 28
3730 INF
3731 INF
3732 52
3733 35
3734 34
3735 49
3736 42
3737 36
3738 32
3739 43
3740 INF
3741 39
3742 33
3743 38
3744 37
3745 41
3746 35
3747 34
3748 28
3749 45
3750 33
3751 38
3752 40
3753 39
3754 45
3755 INF
3756 26
3757 39
3758 41
3759 50
3760 40
3761 INF
3762 38
3763 37
3764 49
3765 39
3766 47
3767 29
3768 37
3769 52
3770 31
3771 38
3772 43
3773 41
3774 29
3775 43
3776 35
3777 37
3778 44
3779 INF
3780 14
3781 43
3782 36
3783 40
3784 46
3785 36
3786 44
3787 41
3788 40
3789 40
3790 39
3791 29
3792 INF
3793 31
3794 31
3795 45
3796 33
3797 42
3798 42
3799 36
3800 46
3801 37
3802 29
3803 46
3804 40
3805 51
3806 36
3807 INF
3808 40
3809 41
3810 35
3811 25
3812 39
3813 INF
3814 37
3815 34
3816 39
3817 50
3818 27
3819 42
3820 38
3821 40
3822 35
3823 37
3824 39
3825 INF
3826 37
3827 40
3828 39
3829 43
3830 40
3831 35
3832 39
3833 42
3834 44
3835 44
3836 40
3837 48
3838 28
3839 35
3840 41
3841 51
3842 31
3843 38
3844 INF
3845 44
3846 37
3847 39
3848 42
3849 51
3850 43
3851 INF
3852 43
3853 39
3854 39
3855 33
3856 42
3857 47
3858 38
3859 31
3860 35
3861 41
3862 44
3863 42
3864 35
3865 39
3866 49
3867 44
3868 47
3869 48
3870 38
3871 36
3872 29
3873 41
3874 37
3875 40
3876 46
3877 38
3878 43
3879 36
3880 47
3881 39
3882 50
3883 21
3884 47
3885 43
3886 36
3887 41
3888 34
3889 45
3890 INF
3891 36
3892 38
3893 INF
3894 44
3895 33
3896 38
3897 34
3898 42
3899 41
3900 45
3901 33
3902 33
3903 42
3904 INF
3905 42
3906 50
3907 32
3908 39
3909 42
3910 35
3911 36
3912 32
3913 38
3914 45
3915 36
3916 36
3917 31
3918 40
3919 29
3920 INF
3921 43
3922 50
3923 37
3924 33
3925 INF
3926 31
3927 32
3928 31
3929 34
3930 48
3931 INF
3932 37
3933 INF
3934 40
3935 39
3936 INF
3937 34
3938 33
3939 40
3940 38
3941 36
3942 52
3943 42
3944 57
3945 INF
3946 41
3947 27
3948 40
3949 36
3950 46
3951 36
3952 41
3953 42
3954 35
3955 34
3956 42
3957 30
3958 38
3959 37
3960 39
3961 39
3962 27
3963 39
3964 40
3965 37
3966 40
3967 28
3968 39
3969 39
3970 47
3971 44
3972 38
3973 22
3974 38
3975 45
3976 34
3977 36
3978 39
3979 43
3980 49
3981 45
3982 41
3983 33
3984 43
3985 46
3986 23
3987 32
3988 32
3989 42
3990 43
3991 35
3992 42
3993 35
3994 43
3995 29
3996 40
3997 37
3998 38
3999 43
4000 42
4001 40
4002 50
4003 39
4004 31
4005 47
4006 18
4007 41
4008 46
4009 38
4010 48
4011 40
4012 45
4013 43
4014 50
4015 49
4016 39
4017 38
4018 50
4019 47
4020 38
4021 40
4022 33
4023 31
4024 33
4025 49
4026 28
4027 37
4028 50
4029 37
4030 35
4031 48
4032 35
4033 43
4034 37
4035 39
4036 48
4037 35
4038 39
4039 37
4040 44
4041 48
4042 41
4043 43
4044 46
4045 31
4046 34
4047 34
4048 INF
4049 34
4050 INF
4051 39
4052 48
4053 35
4054 40
4055 48
4056 43
4057 41
4058 41
4059 29
4060 38
4061 48
4062 INF
4063 40
4064 47
4065 41
4066 INF
4067 30
4068 44
4069 36
4070 52
4071 41
4072 40
4073 43
4074 40
4075 36
4076 51
4077 35
4078 44
4079 INF
4080 42
4081 31
4082 42
4083 40
4084 41
4085 INF
4086 INF
4087 39
4088 42
4089 44
4090 37
4091 41
4092 39
4093 40
4094 47
4095 INF
4096 37
4097 34
4098 42
4099 35
4100 38
4101 32
4102 49
4103 36
4104 37
4105 28
4106 45
4107 39
4108 44
4109 38
4110 46
4111 41
4112 INF
4113 37
4114 33
4115 38
4116 40
4117 40
4118 45
4119 30
4120 INF
4121 37
4122 41
4123 55
4124 48
4125 37
4126 INF
4127 48
4128 43
4129 INF
4130 41
4131 36
4132 43
4133 41
4134 38
4135 27
4136 52
4137 43
4138 54
4139 37
4140 48
4141 INF
4142 38
4143 INF
4144 34
4145 31
4146 38
4147 38
4148 41
4149 47
4150 35
4151 35
4152 42
4153 32
4154 41
4155 38
4156 42
4157 49
4158 38
4159 56
4160 50
4161 43
4162 34
4163 INF
4164 36
4165 44
4166 46
4167 32
4168 36
4169 29
4170 35
4171 INF
4172 47
4173 40
4174 35
4175 41
4176 34
4177 53
4178 41
4179 43
4180 41
4181 51
4182 29
4183 34
4184 42
4185 39
4186 34
4187 49
4188 46
4189 38
4190 44
4191 36
4192 43
4193 46
4194 42
4195 49
4196 34
4197 39
4198 37
4199 53
4200 46
4201 39
4202 41
4203 48
4204 40
4205 45
4206 47
4207 39
4208 INF
4209 39
4210 34
4211 38
4212 41
4213 34
4214 35
4215 34
4216 INF
4217 37
4218 37
4219 30
4220 43
4221 36
4222 38
4223 43
4224 39
4225 38
4226 48
4227 40
4228 43
4229 37
4230 39
4231 39
4232 44
4233 39
4234 40
4235 41
4236 INF
4237 48
4238 35
4239 INF
4240 36
4241 36
4242 40
4243 41
4244 49
4245 43
4246 39
4247 35
4248 41
4249 39
4250 42
4251 49
4252 42
4253 37
4254 34
4255 36
4256 50
4257 38
4258 42
4259 33
4260 34
4261 38
4262 18
4263 39
4264 48
4265 41
4266 34
4267 51
4268 51
4269 43
4270 41
4271 41
4272 39
4273 35
4274 33
4275 44
4276 44
4277 36
4278 48
4279 43
4280 44
4281 33
4282 34
4283 37
4284 43
4285 40
4286 INF
4287 36
4288 41
4289 39
4290 43
4291 35
4292 32
4293 44
4294 32
4295 INF
4296 34
4297 33
4298 37
4299 41
4300 47
4301 26
4302 34
4303 42
4304 56
4305 45
4306 40
4307 45
4308 61
4309 41
4310 37
4311 38
4312 38
4313 54
4314 47
4315 42
4316 INF
4317 38
4318 41
4319 37
4320 46
4321 38
4322 41
4323 42
4324 45
4325 39
4326 INF
4327 39
4328 42
4329 29
4330 40
4331 43
4332 INF
4333 42
4334 34
4335 36
4336 38
4337 29
4338 40
4339 INF
4340 50
4341 32
4342 38
4343 29
4344 37
4345 33
4346 26
4347 22
4348 33
4349 43
4350 44
4351 37
4352 42
4353 43
4354 36
4355 49
4356 INF
4357 INF
4358 29
4359 INF
4360 39
4361 45
4362 45
4363 36
4364 46
4365 39
4366 34
4367 47
4368 42
4369 43
4370 37
4371 36
4372 38
4373 44
4374 48
4375 INF
4376 44
4377 38
4378 55
4379 35
4380 31
4381 INF
4382 41
4383 34
4384 INF
4385 29
4386 41
4387 33
4388 32
4389 41
4390 61
4391 37
4392 35
4393 39
4394 32
4395 50
4396 40
4397 34
4398 45
4399 43
4400 31
4401 42
4402 48
4403 32
4404 45
4405 36
4406 39
4407 46
4408 45
4409 38
4410 INF
4411 43
4412 23
4413 43
4414 INF
4415 41
4416 40
4417 47
4418 37
4419 36
4420 44
4421 34
4422 31
4423 48
4424 41
4425 45
4426 53
4427 36
4428 45
4429 33
4430 42
4431 35
4432 44
4433 49
4434 40
4435 41
4436 47
4437 43
4438 30
4439 49
4440 35
4441 48
4442 47
4443 32
4444 36
4445 41
4446 45
4447 46
4448 48
4449 49
4450 54
4451 39
4452 38
4453 31
4454 42
4455 39
4456 40
4457 32
4458 50
4459 46
4460 15
4461 50
4462 45
4463 37
4464 42
4465 38
4466 32
4467 39
4468 36
4469 46
4470 46
4471 43
4472 38
4473 40
4474 42
4475 34
4476 39
4477 43
4478 33
4479 46
4480 46
4481 34
4482 28
4483 30
4484 43
4485 36
4486 46
4487 31
4488 33
4489 41
4490 34
4491 44
4492 37
4493 40
4494 37
4495 34
4496 43
4497 38
4498 42
4499 36
4500 38
4501 36
4502 42
4503 40
4504 32
4505 41
4506 34
4507 43
4508 34
4509 43
4510 34
4511 38
4512 35
4513 45
4514 41
4515 43
4516 47
4517 43
4518 38
4519 43
4520 60
4521 22
4522 34
4523 32
4524 32
4525 54
4526 INF
4527 40
4528 27
4529 42
4530 46
4531 39
4532 40
4533 52
4534 39
4535 45
4536 43
4537 45
4538 32
4539 36
4540 37
4541 39
4542 34
4543 36
4544 33
4545 31
4546 37
4547 42
4548 38
4549 40
4550 45
4551 42
4552 46
4553 INF
4554 44
4555 37
4556 35
4557 46
4558 35
4559 36
4560 40
4561 47
4562 36
4563 38
4564 51
4565 42
4566 35
4567 37
4568 46
4569 44
4570 38
4571 37
4572 INF
4573 49
4574 38
4575 43
4576 37
4577 40
4578 38
4579 39
4580 44
4581 45
4582 39
4583 42
4584 42
4585 36
4586 35
4587 42
4588 37
4589 39
4590 36
4591 39
4592 43
4593 39
4594 35
4595 39
4596 45
4597 33
4598 39
4599 35
4600 41
4601 39
4602 26
4603 33
4604 40
4605 43
4606 43
4607 41
4608 31
4609 44
4610 45
4611 39
4612 33
4613 24
4614 46
4615 40
4616 31
4617 37
4618 42
4619 32
4620 43
4621 43
4622 32
4623 50
4624 47
4625 44
4626 44
4627 39
4628 41
4629 29
4630 28
4631 INF
4632 42
4633 45
4634 42
4635 35
4636 39
4637 34
4638 38
4639 34
4640 42
4641 46
4642 47
4643 37
4644 38
4645 63
4646 39
4647 35
4648 30
4649 40
4650 31
4651 36
4652 INF
4653 43
4654 35
4655 35
4656 43
4657 42
4658 46
4659 66
4660 INF
4661 36
4662 29
4663 43
4664 32
4665 47
4666 41
4667 44
4668 35
4669 37
4670 27
4671 50
4672 35
4673 35
4674 48
4675 42
4676 INF
4677 43
4678 40
4679 48
4680 42
4681 25
4682 38
4683 32
4684 42
4685 26
4686 45
4687 INF
4688 44
4689 42
4690 34
4691 32
4692 30
4693 38
4694 35
4695 36
4696 34
4697 35
4698 36
4699 33
4700 43
4701 32
4702 38
4703 40
4704 34
4705 30
4706 44
4707 30
4708 39
4709 25
4710 36
4711 41
4712 41
4713 37
4714 33
4715 45
4716 INF
4717 39
4718 41
4719 39
4720 43
4721 41
4722 41
4723 41
4724 39
4725 42
4726 34
4727 51
4728 30
4729 43
4730 41
4731 32
4732 INF
4733 40
4734 41
4735 36
4736 30
4737 INF
4738 38
4739 33
4740 33
4741 36
4742 51
4743 36
4744 52
4745 40
4746 36
4747 50
4748 19
4749 39
4750 34
4751 41
4752 38
4753 43
4754 37
4755 48
4756 39
4757 37
4758 INF
4759 34
4760 35
4761 39
4762 43
4763 45
4764 37
4765 34
4766 25
4767 36
4768 38
4769 30
4770 37
4771 INF
4772 45
4773 38
4774 37
4775 39
4776 37
4777 37
4778 51
4779 45
4780 40
4781 53
4782 43
4783 39
4784 30
4785 29
4786 46
4787 39
4788 40
4789 45
4790 36
4791 44
4792 40
4793 41
4794 20
4795 43
4796 32
4797 39
4798 30
4799 32
4800 39
4801 35
4802 40
4803 41
4804 39
4805 41
4806 46
4807 44
4808 30
4809 45
4810 41
4811 42
4812 41
4813 36
4814 43
4815 41
4816 39
4817 44
4818 39
4819 43
4820 41
4821 36
4822 45
4823 37
4824 39
4825 37
4826 41
4827 30
4828 29
4829 44
4830 INF
4831 39
4832 34
4833 35
4834 43
4835 40
4836 42
4837 40
4838 40
4839 INF
4840 39
4841 45
4842 25
4843 INF
4844 35
4845 32
4846 46
4847 33
4848 34
4849 INF
4850 37
4851 41
4852 32
4853 52
4854 37
4855 34
4856 43
4857 37
4858 50
4859 48
4860 37
4861 44
4862 26
4863 40
4864 41
4865 50
4866 35
4867 34
4868 41
4869 43
4870 40
4871 36
4872 34
4873 39
4874 46
4875 33
4876 46
4877 47
4878 32
4879 38
4880 48
4881 34
4882 31
4883 36
4884 23
4885 35
4886 31
4887 38
4888 42
4889 38
4890 50
4891 41
4892 39
4893 42
4894 43
4895 32
4896 42
4897 27
4898 51
4899 37
4900 41
4901 35
4902 41
4903 34
4904 41
4905 52
4906 33
4907 49
4908 40
4909 40
4910 22
4911 32
4912 44
4913 37
4914 42
4915 37
4916 35
4917 45
4918 43
4919 41
4920 34
4921 30
4922 47
4923 47
4924 36
4925 33
4926 INF
4927 48
4928 41
4929 43
4930 36
4931 40
4932 42
4933 34
4934 40
4935 37
4936 40
4937 44
4938 55
4939 33
4940 39
4941 52
4942 38
4943 29
4944 37
4945 35
4946 41
4947 51
4948 41
4949 33
4950 39
4951 40
4952 26
4953 42
4954 29
4955 INF
4956 INF
4957 37
4958 38
4959 43
4960 46
4961 33
4962 37
4963 37
4964 36
4965 36
4966 50
4967 40
4968 32
4969 38
4970 31
4971 36
4972 44
4973 28
4974 40
4975 44
4976 36
4977 30
4978 42
4979 20
4980 38
4981 38
4982 32
4983 INF
4984 33
4985 34
4986 41
4987 35
4988 33
4989 28
4990 39
4991 37
4992 42
4993 38
4994 41
4995 32
4996 32
4997 40
4998 45
4999 42
5000 42
5001 42
5002 35
5003 39
5004 33
5005 45
5006 26
5007 24
5008 48
5009 41
5010 38
5011 54
5012 48
5013 38
5014 31
5015 28
5016 44
5017 39
5018 47
5019 52
5020 29
5021 44
5022 INF
5023 33
5024 27
5025 32
5026 41
5027 37
5028 26
5029 30
5030 44
5031 36
5032 34
5033 INF
5034 36
5035 45
5036 37
5037 40
5038 33
5039 42
5040 36
5041 22
5042 37
5043 23
5044 42
5045 27
5046 38
5047 35
5048 53
5049 36
5050 38
5051 15
5052 54
5053 42
5054 37
5055 37
5056 41
5057 35
5058 43
5059 40
5060 44
5061 43
5062 36
5063 INF
5064 51
5065 40
5066 43
5067 44
5068 43
5069 34
5070 35
5071 33
5072 35
5073 43
5074 47
5075 39
5076 52
5077 33
5078 43
5079 41
5080 43
5081 31
5082 36
5083 43
5084 45
5085 36
5086 52
5087 33
5088 40
5089 40
5090 39
5091 32
5092 43
5093 36
5094 43
5095 45
5096 33
5097 INF
5098 47
5099 40
5100 38
5101 41
5102 31
5103 INF
5104 30
5105 36
5106 41
5107 32
5108 42
5109 INF
5110 37
5111 34
5112 35
5113 38
5114 40
5115 34
5116 27
5117 INF
5118 33
5119 38
5120 40
5121 45
5122 48
5123 39
5124 42
5125 46
5126 39
5127 45
5128 37
5129 39
5130 40
5131 52
5132 36
5133 42
5134 27
5135 32
5136 37
5137 42
5138 33
5139 42
5140 35
5141 34
5142 38
5143 44
5144 39
5145 42
5146 INF
5147 59
5148 36
5149 48
5150 32
5151 43
5152 42
5153 INF
5154 38
5155 28
5156 40
5157 34
5158 32
5159 46
5160 INF
5161 51
5162 47
5163 INF
5164 46
5165 39
5166 39
5167 32
5168 43
5169 30
5170 51
5171 37
5172 35
5173 42
5174 44
5175 44
5176 37
5177 39
5178 39
5179 37
5180 35
5181 31
5182 35
5183 40
5184 INF
5185 35
5186 50
5187 38
5188 30
5189 48
5190 39
5191 48
5192 44
5193 35
5194 36
5195 46
5196 46
5197 53
5198 32
5199 42
5200 53
5201 46
5202 41
5203 35
5204 34
5205 40
5206 40
5207 36
5208 39
5209 41
5210 37
5211 35
5212 51
5213 37
5214 48
5215 41
5216 37
5217 35
5218 47
5219 45
5220 38
5221 46
5222 40
5223 INF
5224 42
5225 45
5226 40
5227 36
5228 51
5229 40
5230 42
5231 40
5232 31
5233 20
5234 36
5235 34
5236 36
5237 35
5238 36
5239 51
5240 39
5241 40
5242 43
5243 38
5244 58
5245 50
5246 38
5247 43
5248 40
5249 32
5250 41
5251 52
5252 41
5253 40
5254 44
5255 42
5256 36
5257 36
5258 46
5259 39
5260 42
5261 42
5262 37
5263 38
5264 INF
5265 36
5266 31
5267 61
5268 37
5269 32
5270 39
5271 32
5272 43
5273 32
5274 35
5275 45
5276 46
5277 44
5278 21
5279 29
5280 38
5281 31
5282 43
5283 46
5284 45
5285 40
5286 37
5287 INF
5288 34
5289 34
5290 61
5291 33
5292 31
5293 34
5294 37
5295 36
5296 43
5297 40
5298 37
5299 51
5300 33
5301 29
5302 47
5303 35
5304 34
5305 45
5306 30
5307 48
5308 38
5309 39
5310 40
5311 37
5312 INF
5313 34
5314 28
5315 41
5316 INF
5317 50
5318 38
5319 39
5320 44
5321 30
5322 44
5323 38
5324 36
5325 41
5326 29
5327 48
5328 39
5329 47
5330 24
5331 39
5332 36
5333 46
5334 INF
5335 37
5336 INF
5337 42
5338 46
5339 39
5340 50
5341 26
5342 40
5343 43
5344 51
5345 INF
5346 32
5347 53
5348 43
5349 41
5350 31
5351 49
5352 29
5353 INF
5354 38
5355 37
5356 32
5357 38
5358 39
5359 38
5360 21
5361 INF
5362 47
5363 39
5364 44
5365 36
5366 37
5367 45
5368 43
5369 38
5370 35
5371 39
5372 44
5373 52
5374 27
5375 36
5376 36
5377 41
5378 31
5379 44
5380 47
5381 36
5382 35
5383 38
5384 37
5385 33
5386 34
5387 44
5388 40
5389 INF
5390 47
5391 48
5392 INF
5393 20
5394 45
5395 33
5396 42
5397 18
5398 40
5399 39
5400 40
5401 48
5402 36
5403 35
5404 40
5405 55
5406 38
5407 40
5408 36
5409 39
5410 41
5411 37
5412 43
5413 45
5414 50
5415 36
5416 42
5417 47
5418 41
5419 46
5420 37
5421 55
5422 42
5423 37
5424 44
5425 54
5426 42
5427 52
5428 INF
5429 35
5430 34
5431 35
5432 37
5433 39
5434 42
5435 35
5436 42
5437 31
5438 34
5439 47
5440 38
5441 44
5442 43
5443 45
5444 40
5445 39
5446 37
5447 INF
5448 31
5449 INF
5450 39
5451 38
5452 46
5453 40
5454 40
5455 38
5456 40
5457 40
5458 36
5459 39
5460 44
5461 33
5462 35
5463 44
5464 44
5465 INF
5466 38
5467 28
5468 38
5469 33
5470 42
5471 44
5472 38
5473 48
5474 36
5475 40
5476 37
5477 45
5478 41
5479 INF
5480 43
5481 24
5482 44
5483 INF
5484 37
5485 33
5486 40
5487 43
5488 38
5489 42
5490 42
5491 INF
5492 INF
5493 28
5494 29
5495 45
5496 41
5497 41
5498 39
5499 39
5500 INF
5501 37
5502 49
5503 15
5504 43
5505 32
5506 42
5507 43
5508 35
5509 22
5510 38
5511 38
5512 51
5513 INF
5514 44
5515 36
5516 10
5517 31
5518 37
5519 INF
5520 48
5521 25
5522 28
5523 38
5524 INF
5525 43
5526 48
5527 38
5528 40
5529 45
5530 44
5531 INF
5532 51
5533 47
5534 42
5535 47
5536 26
5537 36
5538 30
5539 49
5540 49
5541 41
5542 35
5543 41
5544 45
5545 40
5546 44
5547 38
5548 44
5549 45
5550 40
5551 46
5552 INF
5553 36
5554 45
5555 36
5556 41
5557 20
5558 42
5559 41
5560 42
5561 50
5562 33
5563 50
5564 45
5565 49
5566 46
5567 52
5568 31
5569 30
5570 INF
5571 38
5572 INF
5573 31
5574 24
5575 35
5576 39
5577 47
5578 40
5579 39
5580 31
5581 41
5582 41
5583 40
5584 43
5585 31
5586 37
5587 39
5588 INF
5589 34
5590 37
5591 41
5592 38
5593 44
5594 34
5595 35
5596 32
5597 36
5598 31
5599 44
5600 38
5601 45
5602 31
5603 40
5604 33
5605 33
5606 28
5607 48
5608 40
5609 37
5610 39
5611 45
5612 INF
5613 36
5614 44
5615 40
5616 39
5617 30
5618 38
5619 37
5620 48
5621 46
5622 52
5623 40
5624 36
5625 26
5626 39
5627 39
5628 40
5629 39
5630 40
5631 41
5632 57
5633 35
5634 34
5635 38
5636 49
5637 44
5638 42
5639 45
5640 38
5641 36
5642 41
5643 32
5644 36
5645 INF
5646 40
5647 20
5648 INF
5649 37
5650 24
5651 39
5652 33
5653 42
5654 38
5655 41
5656 25
5657 42
5658 INF
5659 35
5660 46
5661 43
5662 32
5663 23
5664 42
5665 47
5666 42
5667 45
5668 43
5669 40
5670 41
5671 55
5672 INF
5673 38
5674 37
5675 44
5676 45
5677 46
5678 42
5679 44
5680 28
5681 31
5682 49
5683 43
5684 45
5685 46
5686 29
5687 32
5688 38
5689 INF
5690 42
5691 36
5692 40
5693 34
5694 41
5695 27
5696 45
5697 38
5698 34
5699 41
5700 41
5701 43
5702 39
5703 28
5704 33
5705 46
5706 36
5707 31
5708 INF
5709 42
5710 41
5711 INF
5712 37
5713 41
5714 43
5715 27
5716 29
5717 29
5718 47
5719 44
5720 41
5721 37
5722 36
5723 30
5724 28
5725 26
5726 40
5727 37
5728 24
5729 INF
5730 39
5731 41
5732 40
5733 36
5734 39
5735 48
5736 32
5737 37
5738 42
5739 28
5740 26
5741 42
5742 30
5743 41
5744 46
5745 41
5746 37
5747 41
5748 38
5749 24
5750 38
5751 40
5752 35
5753 27
5754 43
5755 30
5756 47
5757 39
5758 32
5759 39
5760 34
5761 48
5762 44
5763 40
5764 40
5765 45
5766 34
5767 43
5768 39
5769 38
5770 48
5771 44
5772 39
5773 37
5774 45
5775 INF
5776 41
5777 INF
5778 31
5779 47
5780 35
5781 47
5782 37
5783 50
5784 34
5785 46
5786 45
5787 40
5788 22
5789 43
5790 57
5791 35
5792 41
5793 44
5794 37
5795 40
5796 41
5797 35
5798 38
5799 32
5800 43
5801 39
5802 42
5803 34
5804 44
5805 38
5806 30
5807 45
5808 28
5809 31
5810 45
5811 36
5812 45
5813 45
5814 36
5815 44
5816 INF
5817 INF
5818 38
5819 43
5820 47
5821 29
5822 INF
5823 33
5824 24
5825 30
5826 41
5827 42
5828 46
5829 45
5830 51
5831 47
5832 46
5833 39
5834 38
5835 46
5836 38
5837 37
5838 52
5839 32
5840 39
5841 40
5842 31
5843 43
5844 38
5845 39
5846 38
5847 43
5848 45
5849 43
5850 42
5851 46
5852 48
5853 45
5854 39
5855 36
5856 40
5857 36
5858 35
5859 26
5860 41
5861 40
5862 39
5863 40
5864 45
5865 24
5866 39
5867 48
5868 41
5869 39
5870 43
5871 37
5872 53
5873 38
5874 38
5875 44
5876 40
5877 37
5878 30
5879 39
5880 49
5881 INF
5882 37
5883 37
5884 38
5885 32
5886 43
5887 42
5888 35
5889 43
5890 40
5891 39
5892 38
5893 37
5894 29
5895 36
5896 40
5897 45
5898 44
5899 43
5900 45
5901 40
5902 25
5903 32
5904 45
5905 33
5906 32
5907 26
5908 43
5909 44
5910 52
5911 54
5912 42
5913 44
5914 45
5915 31
5916 46
5917 30
5918 42
5919 32
5920 49
5921 45
5922 37
5923 45
5924 45
5925 41
5926 45
5927 38
5928 45
5929 40
5930 35
5931 38
5932 38
5933 38
5934 38
5935 41
5936 40
5937 35
5938 43
5939 37
5940 40
5941 29
5942 39
5943 39
5944 INF
5945 39
5946 41
5947 30
5948 44
5949 62
5950 41
5951 34
5952 42
5953 38
5954 42
5955 45
5956 45
5957 36
5958 INF
5959 INF
5960 29
5961 42
5962 24
5963 40
5964 28
5965 29
5966 26
5967 40
5968 37
5969 44
5970 INF
5971 33
5972 40
5973 44
5974 36
5975 32
5976 35
5977 43
5978 35
5979 35
5980 41
5981 40
5982 38
5983 INF
5984 35
5985 39
5986 37
5987 39
5988 29
5989 39
5990 45
5991 34
5992 46
5993 35
5994 44
5995 33
5996 46
5997 31
5998 INF
5999 41
6000 39
6001 37
6002 41
6003 47
6004 43
6005 38
6006 24
6007 46
6008 41
6009 43
6010 48
6011 42
6012 40
6013 45
6014 47
6015 37
6016 31
6017 46
6018 43
6019 43
6020 INF
6021 31
6022 41
6023 38
6024 41
6025 37
6026 32
6027 38
6028 46
6029 40
6030 43
6031 49
6032 53
6033 46
6034 31
6035 38
6036 35
6037 42
6038 39
6039 40
6040 32
6041 44
6042 48
6043 56
6044 45
6045 39
6046 30
6047 42
6048 45
6049 INF
6050 36
6051 37
6052 32
6053 37
6054 28
6055 19
6056 41
6057 36
6058 38
6059 42
6060 42
6061 35
6062 28
6063 41
6064 39
6065 31
6066 26
6067 33
6068 37
6069 38
6070 38
6071 39
6072 44
6073 34
6074 48
6075 45
6076 49
6077 INF
6078 36
6079 42
6080 INF
6081 49
6082 INF
6083 INF
6084 44
6085 38
6086 47
6087 48
6088 INF
6089 46
6090 46
6091 44
6092 42
6093 33
6094 45
6095 46
6096 38
6097 40
6098 44
6099 36
6100 43
6101 39
6102 33
6103 INF
6104 45
6105 38
6106 43
6107 32
6108 32
6109 18
6110 43
6111 39
6112 33
6113 35
6114 43
6115 37
6116 38
6117 40
6118 43
6119 35
6120 39
6121 44
6122 40
6123 INF
6124 39
6125 37
6126 44
6127 38
6128 INF
6129 48
6130 33
6131 40
6132 34
6133 41
6134 32
6135 48
6136 32
6137 38
6138 40
6139 45
6140 38
6141 32
6142 55
6143 39
6144 38
6145 37
6146 40
6147 49
6148 39
6149 31
6150 41
6151 37
6152 40
6153 30
6154 43
6155 44
6156 29
6157 43
6158 33
6159 40
6160 46
6161 45
6162 49
6163 32
6164 28
6165 35
6166 47
6167 41
6168 48
6169 INF
6170 44
6171 40
6172 34
6173 42
6174 36
6175 44
6176 38
6177 37
6178 42
6179 32
6180 28
6181 INF
6182 35
6183 42
6184 30
6185 41
6186 41
6187 49
6188 33
6189 31
6190 40
6191 36
6192 30
6193 43
6194 27
6195 36
6196 40
6197 40
6198 46
6199 42
6200 19
6201 42
6202 43
6203 31
6204 31
6205 51
6206 45
6207 45
6208 INF
6209 47
6210 48
6211 44
6212 34
6213 34
6214 26
6215 38
6216 37
6217 INF
6218 INF
6219 39
6220 17
6221 49
6222 44
6223 49
6224 39
6225 34
6226 22
6227 44
6228 33
6229 51
6230 44
6231 INF
6232 INF
6233 INF
6234 49
6235 27
6236 36
6237 48
6238 32
6239 INF
6240 33
6241 34
6242 49
6243 27
6244 38
6245 38
6246 37
6247 39
6248 37
6249 41
6250 30
6251 39
6252 35
6253 38
6254 45
6255 42
6256 40
6257 43
6258 43
6259 49
6260 39
6261 50
6262 47
6263 34
6264 42
6265 37
6266 40
6267 37
6268 45
6269 32
6270 32
6271 48
6272 40
6273 42
6274 40
6275 30
6276 32
6277 43
6278 33
6279 42
6280 41
6281 45
6282 INF
6283 38
6284 25
6285 46
6286 38
6287 46
6288 37
6289 37
6290 36
6291 35
6292 28
6293 36
6294 38
6295 44
6296 37
6297 41
6298 46
6299 29
6300 31
6301 43
6302 42
6303 33
6304 39
6305 42
6306 34
6307 32
6308 52
6309 34
6310 35
6311 38
6312 45
6313 46
6314 30
6315 INF
6316 32
6317 35
6318 40
6319 39
6320 48
6321 41
6322 40
6323 33
6324 39
6325 39
6326 48
6327 42
6328 38
6329 45
6330 44
6331 INF
6332 43
6333 43
6334 42
6335 32
6336 38
6337 41
6338 38
6339 53
6340 33
6341 34
6342 50
6343 44
6344 INF
6345 30
6346 40
6347 41
6348 25
6349 39
6350 32
6351 INF
6352 31
6353 30
6354 47
6355 49
6356 25
6357 35
6358 34
6359 32
6360 46
6361 33
6362 36
6363 37
6364 44
6365 48
6366 45
6367 37
6368 40
6369 45
6370 42
6371 29
6372 39
6373 50
6374 INF
6375 42
6376 42
6377 43
6378 44
6379 31
6380 INF
6381 37
6382 38
6383 51
6384 38
6385 38
6386 45
6387 36
6388 41
6389 44
6390 39
6391 40
6392 40
6393 35
6394 39
6395 41
6396 56
6397 INF
6398 39
6399 44
6400 37
6401 32
6402 35
6403 40
6404 40
6405 32
6406 34
6407 INF
6408 40
6409 28
6410 45
6411 39
6412 INF
6413 32
6414 42
6415 38
6416 35
6417 INF
6418 INF
6419 43
6420 31
6421 32
6422 42
6423 41
6424 44
6425 34
6426 37
6427 37
6428 44
6429 37
6430 44
6431 37
6432 23
6433 34
6434 28
6435 36
6436 50
6437 42
6438 37
6439 30
6440 INF
6441 43
6442 50
6443 42
6444 37
6445 INF
6446 34
6447 37
6448 33
6449 40
6450 61
6451 32
6452 41
6453 39
6454 41
6455 45
6456 44
6457 38
6458 35
6459 35
6460 33
6461 39
6462 27
6463 41
6464 33
6465 37
6466 36
6467 42
6468 43
6469 36
6470 38
6471 23
6472 28
6473 42
6474 35
6475 41
6476 INF
6477 42
6478 INF
6479 32
6480 44
6481 37
6482 35
6483 28
6484 42
6485 INF
6486 41
6487 38
6488 47
6489 41
6490 39
6491 44
6492 40
6493 36
6494 34
6495 36
6496 33
6497 41
6498 27
6499 39
6500 34
6501 41
6502 40
6503 39
6504 35
6505 36
6506 61
6507 32
6508 40
6509 38
6510 46
6511 45
6512 45
6513 45
6514 25
6515 37
6516 35
6517 37
6518 32
6519 39
6520 39
6521 44
6522 52
6523 40
6524 INF
6525 40
6526 40
6527 40
6528 33
6529 41
6530 34
6531 28
6532 41
6533 43
6534 39
6535 39
6536 45
6537 37
6538 35
6539 44
6540 39
6541 43
6542 40
6543 48
6544 40
6545 37
6546 41
6547 INF
6548 37
6549 50
6550 33
6551 INF
6552 48
6553 47
6554 42
6555 29
6556 31
6557 36
6558 38
6559 39
6560 42
6561 39
6562 52
6563 45
6564 25
6565 42
6566 29
6567 39
6568 30
6569 INF
6570 40
6571 37
6572 INF
6573 40
6574 32
6575 38
6576 35
6577 38
6578 23
6579 38
6580 65
6581 30
6582 44
6583 43
6584 27
6585 43
6586 37
6587 43
6588 37
6589 36
6590 43
6591 47
6592 39
6593 29
6594 INF
6595 32
6596 37
6597 43
6598 38
6599 38
6600 64
6601 39
6602 41
6603 52
6604 40
6605 42
6606 37
6607 36
6608 44
6609 49
6610 42
6611 42
6612 36
6613 40
6614 36
6615 33
6616 45
6617 31
6618 INF
6619 39
6620 INF
6621 41
6622 40
6623 33
6624 43
6625 42
6626 48
6627 43
6628 INF
6629 27
6630 42
6631 25
6632 30
6633 38
6634 32
6635 INF
6636 45
6637 42
6638 INF
6639 45
6640 37
6641 49
6642 41
6643 33
6644 39
6645 41
6646 34
6647 48
6648 57
6649 33
6650 35
6651 38
6652 36
6653 28
6654 25
6655 46
6656 30
6657 35
6658 INF
6659 35
6660 39
6661 39
6662 40
6663 37
6664 28
6665 36
6666 42
6667 50
6668 INF
6669 46
6670 42
6671 34
6672 INF
6673 INF
6674 INF
6675 44
6676 38
6677 46
6678 41
6679 41
6680 43
6681 43
6682 34
6683 40
6684 41
6685 39
6686 40
6687 33
6688 35
6689 37
6690 36
6691 40
6692 39
6693 35
6694 36
6695 20
6696 41
6697 35
6698 44
6699 42
6700 37
6701 43
6702 56
6703 36
6704 25
6705 46
6706 52
6707 56
6708 49
6709 38
6710 40
6711 33
6712 40
6713 37
6714 40
6715 38
6716 29
6717 42
6718 33
6719 42
6720 INF
6721 15
6722 39
6723 41
6724 36
6725 34
6726 36
6727 34
6728 41
6729 41
6730 39
6731 36
6732 35
6733 48
6734 40
6735 47
6736 41
6737 34
6738 38
6739 42
6740 44
6741 22
6742 36
6743 35
6744 43
6745 37
6746 48
6747 37
6748 43
6749 33
6750 32
6751 40
6752 36
6753 49
6754 39
6755 34
6756 56
6757 32
6758 47
6759 35
6760 INF
6761 44
6762 41
6763 45
6764 41
6765 42
6766 35
6767 47
6768 45
6769 65
6770 48
6771 29
6772 37
6773 46
6774 41
6775 45
6776 45
6777 48
6778 INF
6779 34
6780 INF
6781 37
6782 41
6783 26
6784 48
6785 50
6786 44
6787 38
6788 43
6789 43
6790 41
6791 48
6792 47
6793 37
6794 INF
6795 45
6796 37
6797 38
6798 38
6799 36
6800 45
6801 38
6802 44
6803 36
6804 37
6805 33
6806 39
6807 18
6808 43
6809 32
6810 49
6811 39
6812 47
6813 36
6814 36
6815 31
6816 30
6817 36
6818 41
6819 44
6820 39
6821 46
6822 36
6823 37
6824 28
6825 34
6826 39
6827 42
6828 41
6829 40
6830 41
6831 50
6832 39
6833 33
6834 INF
6835 45
6836 36
6837 34
6838 44
6839 48
6840 39
6841 40
6842 39
6843 42
6844 45
6845 43
6846 43
6847 36
6848 26
6849 40
6850 36
6851 34
6852 49
6853 44
6854 31
6855 26
6856 38
6857 32
6858 42
6859 42
6860 34
6861 31
6862 37
6863 27
6864 44
6865 40
6866 32
6867 46
6868 55
6869 38
6870 42
6871 28
6872 35
6873 38
6874 20
6875 42
6876 37
6877 44
6878 31
6879 45
6880 40
6881 37
6882 32
6883 41
6884 41
6885 42
6886 42
6887 41
6888 44
6889 46
6890 42
6891 32
6892 46
6893 34
6894 46
6895 INF
6896 36
6897 42
6898 39
6899 18
6900 37
6901 INF
6902 48
6903 60
6904 34
6905 INF
6906 35
6907 39
6908 28
6909 27
6910 41
6911 49
6912 29
6913 50
6914 38
6915 43
6916 39
6917 38
6918 46
6919 35
6920 35
6921 37
6922 24
6923 51
6924 33
6925 37
6926 43
6927 38
6928 INF
6929 34
6930 33
6931 36
6932 37
6933 43
6934 33
6935 36
6936 38
6937 42
6938 47
6939 42
6940 37
6941 40
6942 43
6943 53
6944 51
6945 37
6946 41
6947 42
6948 41
6949 28
6950 INF
6951 27
6952 39
6953 44
6954 38
6955 47
6956 38
6957 38
6958 39
6959 42
6960 INF
6961 37
6962 42
6963 28
6964 56
6965 35
6966 38
6967 36
6968 38
6969 33
6970 40
6971 44
6972 40
6973 39
6974 42
6975 19
6976 36
6977 37
6978 36
6979 40
6980 44
6981 40
6982 51
6983 29
6984 INF
6985 44
6986 30
6987 50
6988 INF
6989 55
6990 42
6991 34
6992 31
6993 49
6994 24
6995 31
6996 33
6997 56
6998 52
6999 56
7000 37
7001 45
7002 39
7003 36
7004 35
7005 43
7006 46
7007 43
7008 41
7009 41
7010 48
7011 35
7012 36
7013 INF
7014 48
7015 42
7016 37
7017 41
7018 33
7019 32
7020 33
7021 18
7022 39
7023 28
7024 41
7025 32
7026 INF
7027 31
7028 41
7029 45
7030 40
7031 41
7032 41
7033 35
7034 43
7035 51
7036 45
7037 37
7038 40
7039 49
7040 43
7041 41
7042 29
7043 30
7044 42
7045 48
7046 31
7047 52
7048 41
7049 37
7050 42
7051 45
7052 43
7053 43
7054 33
7055 40
7056 29
7057 36
7058 38
7059 40
7060 36
7061 40
7062 35
7063 42
7064 41
7065 39
7066 40
7067 39
7068 67
7069 35
7070 24
7071 38
7072 30
7073 40
7074 38
7075 33
7076 36
7077 43
7078 41
7079 40
7080 40
7081 38
7082 55
7083 36
7084 42
7085 38
7086 43
7087 36
7088 INF
7089 44
7090 41
7091 44
7092 39
7093 39
7094 41
7095 37
7096 31
7097 51
7098 36
7099 41
7100 40
7101 33
7102 33
7103 33
7104 40
7105 43
7106 37
7107 38
7108 37
7109 55
7110 43
7111 46
7112 31
7113 37
7114 42
7115 44
7116 29
7117 28
7118 32
7119 25
7120 INF
7121 27
7122 INF
7123 40
7124 43
7125 47
7126 37
7127 50
7128 35
7129 34
7130 26
7131 27
7132 30
7133 35
7134 40
7135 38
7136 39
7137 42
7138 30
7139 48
7140 INF
7141 51
7142 28
7143 38
7144 31
7145 37
7146 26
7147 36
7148 41
7149 49
7150 INF
7151 46
7152 43
7153 39
7154 44
7155 39
7156 51
7157 54
7158 39
7159 42
7160 43
7161 45
7162 41
7163 50
7164 40
7165 37
7166 32
7167 45
7168 41
7169 50
7170 40
7171 24
7172 43
7173 36
7174 40
7175 54
7176 44
7177 36
7178 49
7179 46
7180 39
7181 34
7182 38
7183 INF
7184 32
7185 INF
7186 34
7187 41
7188 38
7189 30
7190 44
7191 41
7192 45
7193 44
7194 INF
7195 24
7196 31
7197 29
7198 39
7199 37
7200 39
7201 35
7202 37
7203 30
7204 41
7205 35
7206 38
7207 30
7208 34
7209 39
7210 45
7211 40
7212 37
7213 38
7214 46
7215 31
7216 36
7217 41
7218 29
7219 46
7220 INF
7221 39
7222 41
7223 52
7224 43
7225 28
7226 54
7227 44
7228 51
7229 33
7230 45
7231 39
7232 32
7233 INF
7234 33
7235 29
7236 33
7237 34
7238 43
7239 43
7240 60
7241 35
7242 42
7243 56
7244 36
7245 46
7246 41
7247 43
7248 27
7249 25
7250 38
7251 36
7252 36
7253 37
7254 38
7255 34
7256 31
7257 29
7258 41
7259 30
7260 41
7261 35
7262 INF
7263 42
7264 44
7265 14
7266 38
7267 47
7268 39
7269 42
7270 44
7271 INF
7272 36
7273 44
7274 INF
7275 22
7276 35
7277 44
7278 35
7279 31
7280 48
7281 34
7282 42
7283 39
7284 33
7285 33
7286 38
7287 50
7288 48
7289 43
7290 43
7291 33
7292 37
7293 31
7294 48
7295 INF
7296 37
7297 32
7298 34
7299 46
7300 30
7301 35
7302 41
7303 39
7304 31
7305 42
7306 27
7307 45
7308 32
7309 41
7310 40
7311 42
7312 40
7313 42
7314 36
7315 41
7316 37
7317 38
7318 40
7319 INF
7320 47
7321 46
7322 36
7323 41
7324 36
7325 41
7326 43
7327 59
7328 46
7329 39
7330 39
7331 38
7332 36
7333 41
7334 41
7335 50
7336 46
7337 37
7338 46
7339 39
7340 32
7341 36
7342 37
7343 47
7344 38
7345 47
7346 38
7347 46
7348 INF
7349 44
7350 INF
7351 37
7352 49
7353 46
7354 41
7355 25
7356 40
7357 41
7358 36
7359 44
7360 48
7361 39
7362 35
7363 39
7364 40
7365 44
7366 44
7367 38
7368 42
7369 43
7370 44
7371 38
7372 35
7373 43
7374 43
7375 48
7376 27
7377 48
7378 49
7379 45
7380 42
7381 37
7382 37
7383 30
7384 38
7385 37
7386 47
7387 44
7388 38
7389 44
7390 35
7391 38
7392 51
7393 INF
7394 41
7395 40
7396 42
7397 41
7398 46
7399 35
7400 37
7401 38
7402 44
7403 35
7404 41
7405 INF
7406 33
7407 28
7408 37
7409 INF
7410 38
7411 38
7412 35
7413 37
7414 47
7415 38
7416 36
7417 INF
7418 38
7419 47
7420 43
7421 37
7422 33
7423 45
7424 28
7425 44
7426 35
7427 41
7428 38
7429 36
7430 42
7431 29
7432 47
7433 32
7434 37
7435 46
7436 35
7437 37
7438 39
7439 29
7440 45
7441 36
7442 48
7443 38
7444 41
7445 41
7446 41
7447 40
7448 33
7449 29
7450 INF
7451 33
7452 39
7453 29
7454 35
7455 39
7456 43
7457 36
7458 34
7459 39
7460 40
7461 41
7462 40
7463 43
7464 39
7465 38
7466 39
7467 48
7468 37
7469 43
7470 42
7471 33
7472 43
7473 45
7474 42
7475 37
7476 34
7477 20
7478 37
7479 42
7480 35
7481 39
7482 30
7483 33
7484 47
7485 41
7486 43
7487 36
7488 41
7489 43
7490 48
7491 35
7492 45
7493 27
7494 39
7495 INF
7496 39
7497 INF
7498 41
7499 41
7500 INF
7501 INF
7502 32
7503 37
7504 41
7505 41
7506 50
7507 45
7508 36
7509 37
7510 INF
7511 28
7512 18
7513 42
7514 41
7515 44
7516 42
7517 30
7518 34
7519 42
7520 39
7521 47
7522 24
7523 45
7524 44
7525 45
7526 31
7527 37
7528 23
7529 39
7530 34
7531 31
7532 38
7533 32
7534 38
7535 40
7536 45
7537 47
7538 35
7539 44
7540 38
7541 45
7542 35
7543 38
7544 40
7545 39
7546 40
7547 23
7548 37
7549 44
7550 38
7551 22
7552 35
7553 40
7554 33
7555 36
7556 42
7557 35
7558 42
7559 46
7560 INF
7561 38
7562 40
7563 43
7564 34
7565 INF
7566 39
7567 44
7568 43
7569 INF
7570 39
7571 38
7572 28
7573 28
7574 35
7575 40
7576 40
7577 37
7578 28
7579 41
7580 27
7581 36
7582 42
7583 34
7584 39
7585 44
7586 44
7587 43
7588 INF
7589 32
7590 41
7591 32
7592 47
7593 41
7594 35
7595 42
7596 42
7597 36
7598 40
7599 INF
7600 35
7601 24
7602 36
7603 36
7604 32
7605 29
7606 33
7607 45
7608 34
7609 32
7610 35
7611 26
7612 44
7613 43
7614 38
7615 39
7616 33
7617 42
7618 33
7619 22
7620 47
7621 41
7622 37
7623 50
7624 44
7625 29
7626 45
7627 31
7628 36
7629 40
7630 INF
7631 33
7632 37
7633 30
7634 49
7635 31
7636 INF
7637 INF
7638 40
7639 28
7640 38
7641 37
7642 23
7643 INF
7644 30
7645 42
7646 39
7647 44
7648 34
7649 34
7650 INF
7651 40
7652 40
7653 34
7654 41
7655 42
7656 42
7657 45
7658 30
7659 40
7660 23
7661 33
7662 47
7663 39
7664 55
7665 38
7666 40
7667 44
7668 36
7669 41
7670 46
7671 44
7672 40
7673 43
7674 41
7675 40
7676 46
7677 28
7678 31
7679 INF
7680 45
7681 44
7682 36
7683 43
7684 48
7685 41
7686 37
7687 33
7688 34
7689 40
7690 INF
7691 40
7692 42
7693 41
7694 36
7695 46
7696 41
7697 INF
7698 42
7699 36
7700 41
7701 42
7702 34
7703 INF
7704 40
7705 43
7706 INF
7707 28
7708 45
7709 INF
7710 44
7711 42
7712 36
7713 42
7714 43
7715 42
7716 29
7717 36
7718 35
7719 33
7720 47
7721 39
7722 52
7723 47
7724 37
7725 43
7726 65
7727 40
7728 35
7729 38
7730 37
7731 38
7732 42
7733 46
7734 INF
7735 INF
7736 39
7737 37
7738 50
7739 INF
7740 23
7741 42
7742 34
7743 49
7744 29
7745 INF
7746 44
7747 34
7748 37
7749 35
7750 38
7751 38
7752 39
7753 38
7754 42
7755 53
7756 INF
7757 45
7758 38
7759 49
7760 43
7761 47
7762 39
7763 32
7764 41
7765 53
7766 44
7767 42
7768 37
7769 28
7770 41
7771 47
7772 34
7773 42
7774 33
7775 50
7776 42
7777 45
7778 40
7779 34
7780 34
7781 47
7782 29
7783 44
7784 42
7785 31
7786 48
7787 44
7788 42
7789 42
7790 27
7791 45
7792 39
7793 36
7794 36
7795 41
7796 54
7797 41
7798 40
7799 35
7800 39
7801 24
7802 43
7803 47
7804 43
7805 45
7806 42
7807 43
7808 40
7809 46
7810 51
7811 38
7812 29
7813 45
7814 48
7815 34
7816 40
7817 39
7818 42
7819 30
7820 40
7821 INF
7822 39
7823 39
7824 42
7825 39
7826 44
7827 41
7828 42
7829 49
7830 INF
7831 28
7832 46
7833 37
7834 41
7835 54
7836 37
7837 27
7838 47
7839 19
7840 42
7841 51
7842 39
7843 31
7844 34
7845 31
7846 31
7847 25
7848 40
7849 31
7850 36
7851 INF
7852 37
7853 41
7854 47
7855 46
7856 32
7857 38
7858 INF
7859 26
7860 46
7861 35
7862 34
7863 30
7864 46
7865 42
7866 32
7867 45
7868 43
7869 37
7870 33
7871 INF
7872 40
7873 44
7874 41
7875 34
7876 50
7877 INF
7878 54
7879 31
7880 38
7881 42
7882 41
7883 43
7884 51
7885 35
7886 31
7887 31
7888 46
7889 37
7890 47
7891 43
7892 43
7893 40
7894 47
7895 40
7896 28
7897 38
7898 41
7899 31
7900 42
7901 28
7902 25
7903 46
7904 48
7905 34
7906 43
7907 28
7908 38
7909 43
7910 43
7911 36
7912 36
7913 37
7914 35
7915 22
7916 32
7917 INF
7918 39
7919 41
7920 40
7921 41
7922 38
7923 34
7924 40
7925 20
7926 55
7927 43
7928 33
7929 43
7930 39
7931 38
7932 38
7933 33
7934 40
7935 45
7936 36
7937 20
7938 45
7939 32
7940 42
7941 36
7942 38
7943 36
7944 38
7945 26
7946 39
7947 31
7948 37
7949 40
7950 31
7951 40
7952 41
7953 37
7954 36
7955 43
7956 47
7957 40
7958 44
7959 38
7960 40
7961 35
7962 48
7963 24
7964 17
7965 33
7966 41
7967 38
7968 43
7969 40
7970 37
7971 41
7972 41
7973 37
7974 38
7975 34
7976 56
7977 41
7978 53
7979 INF
7980 INF
7981 37
7982 39
7983 36
7984 45
7985 40
7986 54
7987 30
7988 43
7989 INF
7990 54
7991 39
7992 38
7993 36
7994 38
7995 INF
7996 36
7997 18
7998 31
7999 42
8000 44
8001 42
8002 39
8003 28
8004 39
8005 37
8006 42
8007 39
8008 36
8009 27
8010 INF
8011 INF
8012 44
8013 29
8014 42
8015 INF
8016 41
8017 43
8018 32
8019 44
8020 46
8021 INF
8022 INF
8023 INF
8024 INF
8025 31
8026 35
8027 38
8028 44
8029 INF
8030 INF
8031 36
8032 49
8033 36
8034 INF
8035 37
8036 36
8037 48
8038 36
8039 47
8040 21
8041 34
8042 37
8043 43
8044 39
8045 32
8046 46
8047 27
8048 30
8049 32
8050 34
8051 38
8052 26
8053 35
8054 47
8055 41
8056 46
8057 50
8058 35
8059 34
8060 36
8061 38
8062 43
8063 39
8064 33
8065 39
8066 41
8067 29
8068 38
8069 38
8070 39
8071 38
8072 INF
8073 33
8074 40
8075 33
8076 40
8077 34
8078 28
8079 44
8080 34
8081 35
8082 38
8083 38
8084 55
8085 41
8086 47
8087 40
8088 36
8089 36
8090 43
8091 38
8092 47
8093 45
8094 37
8095 41
8096 59
8097 37
8098 34
8099 37
8100 38
8101 34
8102 37
8103 34
8104 43
8105 40
8106 47
8107 42
8108 37
8109 INF
8110 42
8111 29
8112 INF
8113 35
8114 29
8115 40
8116 26
8117 31
8118 34
8119 50
8120 INF
8121 32
8122 34
8123 37
8124 41
8125 39
8126 38
8127 30
8128 38
8129 39
8130 37
8131 35
8132 41
8133 30
8134 42
8135 36
8136 59
8137 INF
8138 41
8139 34
8140 45
8141 41
8142 46
8143 44
8144 35
8145 41
8146 39
8147 52
8148 41
8149 28
8150 35
8151 35
8152 36
8153 48
8154 37
8155 52
8156 INF
8157 51
8158 39
8159 45
8160 46
8161 45
8162 41
8163 43
8164 33
8165 38
8166 31
8167 43
8168 44
8169 40
8170 41
8171 37
8172 33
8173 44
8174 47
8175 43
8176 44
8177 50
8178 50
8179 31
8180 42
8181 53
8182 INF
8183 42
8184 19
8185 40
8186 36
8187 44
8188 45
8189 34
8190 38
8191 45
8192 41
8193 43
8194 39
8195 37
8196 39
8197 INF
8198 28
8199 48
8200 45
8201 35
8202 26
8203 33
8204 47
8205 41
8206 INF
8207 48
8208 39
8209 38
8210 31
8211 50
8212 34
8213 40
8214 40
8215 43
8216 38
8217 35
8218 41
8219 47
8220 49
8221 46
8222 41
8223 38
8224 27
8225 45
8226 42
8227 35
8228 55
8229 INF
8230 INF
8231 34
8232 36
8233 24
8234 50
8235 42
8236 45
8237 31
8238 INF
8239 32
8240 36
8241 43
8242 34
8243 41
8244 47
8245 37
8246 42
8247 25
8248 39
8249 37
8250 41
8251 33
8252 37
8253 32
8254 46
8255 43
8256 52
8257 41
8258 41
8259 INF
8260 37
8261 37
8262 34
8263 47
8264 40
8265 47
8266 50
8267 42
8268 43
8269 34
8270 44
8271 37
8272 50
8273 45
8274 38
8275 37
8276 46
8277 45
8278 35
8279 46
8280 40
8281 INF
8282 35
8283 40
8284 41
8285 42
8286 38
8287 42
8288 37
8289 28
8290 43
8291 40
8292 60
8293 33
8294 32
8295 43
8296 34
8297 41
8298 44
8299 31
8300 INF
8301 33
8302 36
8303 45
8304 37
8305 42
8306 42
8307 47
8308 36
8309 43
8310 32
8311 36
8312 43
8313 35
8314 39
8315 42
8316 40
8317 INF
8318 24
8319 41
8320 36
8321 35
8322 28
8323 39
8324 37
8325 35
8326 43
8327 47
8328 38
8329 42
8330 34
8331 45
8332 39
8333 35
8334 33
8335 41
8336 50
8337 31
8338 45
8339 INF
8340 22
8341 42
8342 48
8343 35
8344 38
8345 46
8346 37
8347 40
8348 40
8349 32
8350 46
8351 45
8352 39
8353 INF
8354 50
8355 29
8356 39
8357 31
8358 46
8359 40
8360 36
8361 43
8362 INF
8363 29
8364 48
8365 39
8366 33
8367 39
8368 30
8369 45
8370 35
8371 34
8372 28
8373 44
8374 40
8375 37
8376 37
8377 39
8378 33
8379 29
8380 43
8381 23
8382 36
8383 44
8384 47
8385 48
8386 52
8387 38
8388 34
8389 39
8390 36
8391 49
8392 41
8393 INF
8394 36
8395 37
8396 48
8397 45
8398 35
8399 41
8400 39
8401 40
8402 50
8403 39
8404 45
8405 44
8406 44
8407 45
8408 32
8409 37
8410 44
8411 41
8412 38
8413 39
8414 35
8415 40
8416 31
8417 36
8418 37
8419 26
8420 34
8421 41
8422 45
8423 30
8424 44
8425 34
8426 38
8427 40
8428 43
8429 54
8430 39
8431 19
8432 39
8433 49
8434 33
8435 33
8436 40
8437 44
8438 33
8439 28
8440 34
8441 38
8442 35
8443 43
8444 44
8445 47
8446 32
8447 37
8448 40
8449 45
8450 INF
8451 INF
8452 47
8453 46
8454 44
8455 29
8456 28
8457 44
8458 41
8459 47
8460 49
8461 40
8462 37
8463 45
8464 37
8465 36
8466 36
8467 37
8468 38
8469 INF
8470 INF
8471 27
8472 36
8473 39
8474 43
8475 30
8476 28
8477 33
8478 37
8479 38
8480 39
8481 46
8482 44
8483 36
8484 27
8485 42
8486 INF
8487 33
8488 21
8489 50
8490 47
8491 33
8492 44
8493 39
8494 34
8495 48
8496 44
8497 34
8498 INF
8499 36
8500 INF
8501 38
8502 43
8503 29
8504 INF
8505 36
8506 36
8507 33
8508 42
8509 40
8510 43
8511 48
8512 45
8513 39
8514 33
8515 30
8516 INF
8517 38
8518 38
8519 45
8520 34
8521 45
8522 36
8523 42
8524 35
8525 27
8526 36
8527 51
8528 41
8529 46
8530 38
8531 28
8532 36
8533 47
8534 29
8535 44
8536 INF
8537 43
8538 INF
8539 39
8540 50
8541 45
8542 40
8543 40
8544 38
8545 36
8546 40
8547 41
8548 INF
8549 30
8550 45
8551 49
8552 49
8553 36
8554 46
8555 45
8556 24
8557 40
8558 41
8559 40
8560 42
8561 41
8562 43
8563 INF
8564 40
8565 33
8566 48
8567 40
8568 26
8569 40
8570 34
8571 28
8572 37
8573 37
8574 34
8575 38
8576 33
8577 36
8578 32
8579 35
8580 38
8581 49
8582 42
8583 29
8584 33
8585 37
8586 41
8587 50
8588 37
8589 42
8590 INF
8591 27
8592 24
8593 42
8594 39
8595 40
8596 53
8597 37
8598 34
8599 39
8600 33
8601 38
8602 38
8603 37
8604 34
8605 40
8606 INF
8607 37
8608 69
8609 42
8610 INF
8611 40
8612 15
8613 43
8614 42
8615 30
8616 59
8617 32
8618 42
8619 38
8620 26
8621 43
8622 42
8623 36
8624 37
8625 48
8626 47
8627 50
8628 33
8629 36
8630 42
8631 39
8632 49
8633 36
8634 44
8635 46
8636 49
8637 32
8638 47
8639 42
8640 40
8641 43
8642 41
8643 32
8644 41
8645 35
8646 42
8647 38
8648 42
8649 40
8650 40
8651 19
8652 53
8653 40
8654 37
8655 39
8656 INF
8657 38
8658 44
8659 43
8660 INF
8661 43
8662 42
8663 45
8664 42
8665 37
8666 36
8667 40
8668 33
8669 48
8670 31
8671 36
8672 39
8673 25
8674 30
8675 38
8676 34
8677 41
8678 41
8679 42
8680 48
8681 31
8682 36
8683 31
8684 51
8685 36
8686 46
8687 35
8688 40
8689 31
8690 34
8691 38
8692 44
8693 51
8694 32
8695 38
8696 30
8697 46
8698 30
8699 35
8700 41
8701 41
8702 39
8703 51
8704 32
8705 49
8706 49
8707 40
8708 40
8709 48
8710 40
8711 37
8712 40
8713 42
8714 44
8715 46
8716 49
8717 44
8718 39
8719 46
8720 38
8721 39
8722 39
8723 47
8724 INF
8725 31
8726 24
8727 28
8728 35
8729 35
8730 38
8731 36
8732 38
8733 44
8734 36
8735 35
8736 36
8737 41
8738 26
8739 35
8740 53
8741 INF
8742 33
8743 36
8744 42
8745 41
8746 39
8747 43
8748 34
8749 29
8750 38
8751 37
8752 20
8753 41
8754 INF
8755 36
8756 29
8757 35
8758 49
8759 45
8760 43
8761 32
8762 33
8763 INF
8764 35
8765 36
8766 39
8767 39
8768 32
8769 INF
8770 42
8771 41
8772 INF
8773 48
8774 38
8775 40
8776 34
8777 31
8778 27
8779 44
8780 16
8781 INF
8782 46
8783 35
8784 41
8785 46
8786 39
8787 41
8788 45
8789 34
8790 42
8791 45
8792 45
8793 35
8794 40
8795 43
8796 39
8797 44
8798 44
8799 46
8800 45
8801 38
8802 47
8803 40
8804 42
8805 35
8806 50
8807 27
8808 35
8809 28
8810 INF
8811 41
8812 38
8813 39
8814 32
8815 36
8816 48
8817 42
8818 41
8819 52
8820 37
8821 48
8822 INF
8823 37
8824 34
8825 34
8826 46
8827 43
8828 43
8829 31
8830 66
8831 28
8832 INF
8833 42
8834 38
8835 37
8836 30
8837 45
8838 35
8839 45
8840 43
8841 40
8842 36
8843 34
8844 35
8845 41
8846 33
8847 44
8848 42
8849 38
8850 42
8851 42
8852 42
8853 35
8854 31
8855 38
8856 INF
8857 38
8858 42
8859 40
8860 40
8861 38
8862 42
8863 INF
8864 35
8865 32
8866 33
8867 41
8868 43
8869 26
8870 41
8871 43
8872 39
8873 47
8874 37
8875 46
8876 30
8877 41
8878 44
8879 INF
8880 32
8881 43
8882 28
8883 36
8884 44
8885 34
8886 40
8887 42
8888 37
8889 40
8890 29
8891 31
8892 36
8893 INF
8894 33
8895 44
8896 32
8897 42
8898 51
8899 38
8900 40
8901 44
8902 INF
8903 35
8904 37
8905 42
8906 36
8907 39
8908 44
8909 45
8910 48
8911 47
8912 39
8913 53
8914 51
8915 26
8916 40
8917 36
8918 40
8919 53
8920 39
8921 42
8922 48
8923 38
8924 INF
8925 45
8926 25
8927 45
8928 46
8929 38
8930 42
8931 32
8932 42
8933 41
8934 45
8935 38
8936 46
8937 41
8938 35
8939 INF
8940 44
8941 45
8942 44
8943 30
8944 59
8945 45
8946 35
8947 40
8948 41
8949 29
8950 37
8951 INF
8952 39
8953 38
8954 41
8955 39
8956 30
8957 INF
8958 30
8959 31
8960 44
8961 34
8962 31
8963 36
8964 36
8965 49
8966 36
8967 40
8968 36
8969 42
8970 39
8971 32
8972 INF
8973 35
8974 41
8975 30
8976 35
8977 45
8978 39
8979 38
8980 48
8981 45
8982 35
8983 48
8984 37
8985 36
8986 31
8987 42
8988 38
8989 44
8990 34
8991 47
8992 40
8993 43
8994 54
8995 35
8996 INF
8997 INF
8998 44
8999 42
9000 47
9001 45
9002 36
9003 32
9004 44
9005 35
9006 INF
9007 33
9008 40
9009 37
9010 35
9011 39
9012 37
9013 35
9014 39
9015 42
9016 41
9017 41
9018 33
9019 38
9020 INF
9021 29
9022 40
9023 35
9024 49
9025 42
9026 26
9027 32
9028 41
9029 29
9030 38
9031 40
9032 37
9033 44
9034 39
9035 25
9036 43
9037 28
9038 42
9039 41
9040 49
9041 42
9042 46
9043 32
9044 39
9045 43
9046 45
9047 28
9048 24
9049 31
9050 41
9051 40
9052 INF
9053 35
9054 INF
9055 30
9056 INF
9057 41
9058 33
9059 48
9060 39
9061 37
9062 38
9063 43
9064 41
9065 28
9066 34
9067 42
9068 46
9069 48
9070 INF
9071 38
9072 53
9073 45
9074 39
9075 34
9076 33
9077 39
9078 41
9079 36
9080 42
9081 30
9082 35
9083 37
9084 37
9085 41
9086 INF
9087 21
9088 42
9089 30
9090 35
9091 47
9092 33
9093 42
9094 39
9095 34
9096 40
9097 47
9098 INF
9099 42
9100 37
9101 36
9102 37
9103 41
9104 49
9105 49
9106 45
9107 33
9108 35
9109 40
9110 42
9111 41
9112 47
9113 47
9114 INF
9115 41
9116 37
9117 41
9118 23
9119 43
9120 38
9121 38
9122 25
9123 37
9124 44
9125 35
9126 38
9127 33
9128 39
9129 39
9130 INF
9131 50
9132 22
9133 INF
9134 40
9135 32
9136 40
9137 36
9138 40
9139 31
9140 23
9141 44
9142 42
9143 25
9144 33
9145 34
9146 40
9147 36
9148 40
9149 39
9150 36
9151 44
9152 43
9153 32
9154 40
9155 50
9156 35
9157 INF
9158 37
9159 46
9160 46
9161 41
9162 39
9163 INF
9164 45
9165 26
9166 41
9167 40
9168 35
9169 42
9170 44
9171 30
9172 29
9173 45
9174 33
9175 44
9176 38
9177 52
9178 39
9179 42
9180 27
9181 34
9182 39
9183 42
9184 48
9185 33
9186 34
9187 35
9188 44
9189 33
9190 43
9191 INF
9192 32
9193 40
9194 41
9195 37
9196 44
9197 30
9198 67
9199 41
9200 41
9201 38
9202 45
9203 37
9204 33
9205 34
9206 34
9207 45
9208 43
9209 39
9210 43
9211 40
9212 40
9213 38
9214 30
9215 48
9216 45
9217 32
9218 49
9219 31
9220 40
9221 35
9222 41
9223 33
9224 INF
9225 43
9226 41
9227 37
9228 40
9229 31
9230 33
9231 35
9232 38
9233 42
9234 37
9235 INF
9236 47
9237 36
9238 INF
9239 32
9240 41
9241 22
9242 37
9243 34
9244 36
9245 30
9246 41
9247 42
9248 30
9249 35
9250 45
9251 24
9252 45
9253 42
9254 INF
9255 46
9256 42
9257 36
9258 49
9259 35
9260 33
9261 36
9262 INF
9263 44
9264 46
9265 38
9266 34
9267 41
9268 45
9269 49
9270 34
9271 38
9272 43
9273 INF
9274 36
9275 INF
9276 43
9277 48
9278 27
9279 30
9280 36
9281 30
9282 36
9283 46
9284 42
9285 46
9286 34
9287 50
9288 39
9289 36
9290 42
9291 36
9292 42
9293 35
9294 44
9295 38
9296 45
9297 45
9298 45
9299 42
9300 25
9301 37
9302 43
9303 39
9304 INF
9305 INF
9306 26
9307 41
9308 35
9309 40
9310 40
9311 50
9312 43
9313 35
9314 36
9315 41
9316 INF
9317 33
9318 38
9319 41
9320 42
9321 35
9322 36
9323 42
9324 39
9325 43
9326 40
9327 40
9328 43
9329 46
9330 35
9331 50
9332 34
9333 40
9334 39
9335 37
9336 29
9337 INF
9338 44
9339 38
9340 42
9341 34
9342 40
9343 35
9344 INF
9345 38
9346 50
9347 40
9348 44
9349 35
9350 32
9351 48
9352 52
9353 INF
9354 34
9355 30
9356 31
9357 40
9358 28
9359 42
9360 44
9361 47
9362 31
9363 47
9364 35
9365 INF
9366 30
9367 43
9368 40
9369 49
9370 INF
9371 37
9372 42
9373 33
9374 44
9375 38
9376 43
9377 30
9378 30
9379 37
9380 29
9381 54
9382 47
9383 38
9384 38
9385 INF
9386 26
9387 25
9388 31
9389 40
9390 37
9391 36
9392 41
9393 36
9394 32
9395 43
9396 40
9397 29
9398 31
9399 46
9400 32
9401 31
9402 44
9403 47
9404 44
9405 28
9406 41
9407 38
9408 45
9409 41
9410 49
9411 50
9412 40
9413 40
9414 40
9415 38
9416 38
9417 33
9418 39
9419 45
9420 33
9421 34
9422 39
9423 39
9424 46
9425 33
9426 45
9427 32
9428 35
9429 34
9430 33
9431 37
9432 35
9433 39
9434 35
9435 33
9436 34
9437 34
9438 32
9439 40
9440 40
9441 INF
9442 41
9443 34
9444 34
9445 35
9446 52
9447 31
9448 50
9449 37
9450 48
9451 33
9452 35
9453 42
9454 39
9455 50
9456 34
9457 38
9458 41
9459 41
9460 28
9461 28
9462 INF
9463 44
9464 29
9465 16
9466 37
9467 40
9468 39
9469 38
9470 INF
9471 41
9472 42
9473 INF
9474 39
9475 41
9476 39
9477 39
9478 40
9479 34
9480 46
9481 31
9482 35
9483 42
9484 43
9485 39
9486 35
9487 32
9488 34
9489 39
9490 47
9491 41
9492 46
9493 38
9494 55
9495 45
9496 41
9497 50
9498 37
9499 36
9500 36
9501 36
9502 37
9503 41
9504 47
9505 33
9506 47
9507 43
9508 35
9509 34
9510 37
9511 39
9512 43
9513 43
9514 36
9515 37
9516 41
9517 26
9518 36
9519 29
9520 30
9521 42
9522 32
9523 29
9524 37
9525 40
9526 38
9527 41
9528 45
9529 46
9530 38
9531 41
9532 38
9533 31
9534 52
9535 41
9536 40
9537 39
9538 29
9539 51
9540 35
9541 INF
9542 39
9543 47
9544 31
9545 48
9546 36
9547 40
9548 34
9549 48
9550 37
9551 43
9552 37
9553 45
9554 36
9555 42
9556 36
9557 50
9558 41
9559 45
9560 40
9561 43
9562 42
9563 46
9564 34
9565 48
9566 38
9567 29
9568 44
9569 43
9570 39
9571 41
9572 33
9573 48
9574 37
9575 37
9576 33
9577 37
9578 INF
9579 53
9580 42
9581 35
9582 32
9583 33
9584 33
9585 41
9586 32
9587 40
9588 28
9589 29
9590 44
9591 36
9592 26
9593 33
9594 37
9595 40
9596 32
9597 36
9598 35
9599 INF
9600 37
9601 59
9602 43
9603 44
9604 44
9605 39
9606 31
9607 INF
9608 45
9609 41
9610 39
9611 34
9612 37
9613 43
9614 42
9615 46
9616 32
9617 44
9618 34
9619 21
9620 36
9621 36
9622 34
9623 14
9624 30
9625 41
9626 40
9627 30
9628 35
9629 41
9630 40
9631 43
9632 31
9633 39
9634 33
9635 36
9636 46
9637 43
9638 41
9639 INF
9640 32
9641 27
9642 44
9643 35
9644 25
9645 39
9646 22
9647 42
9648 46
9649 38
9650 36
9651 28
9652 47
9653 35
9654 48
9655 36
9656 44
9657 38
9658 41
9659 37
9660 37
9661 42
9662 37
9663 44
9664 42
9665 34
9666 25
9667 37
9668 40
9669 48
9670 44
9671 39
9672 38
9673 34
9674 48
9675 49
9676 41
9677 35
9678 36
9679 51
9680 43
9681 45
9682 45
9683 25
9684 31
9685 45
9686 38
9687 42
9688 34
9689 35
9690 INF
9691 40
9692 50
9693 40
9694 35
9695 42
9696 41
9697 44
9698 42
9699 43
9700 34
9701 34
9702 37
9703 34
9704 47
9705 45
9706 37
9707 32
9708 43
9709 37
9710 35
9711 34
9712 47
9713 36
9714 30
9715 INF
9716 38
9717 50
9718 39
9719 39
9720 INF
9721 31
9722 26
9723 43
9724 49
9725 32
9726 40
9727 41
9728 42
9729 30
9730 39
9731 38
9732 44
9733 49
9734 40
9735 37
9736 32
9737 37
9738 48
9739 38
9740 INF
9741 40
9742 48
9743 36
9744 41
9745 33
9746 34
9747 38
9748 36
9749 41
9750 INF
9751 50
9752 40
9753 34
9754 48
9755 INF
9756 25
9757 41
9758 34
9759 42
9760 29
9761 38
9762 33
9763 38
9764 41
9765 35
9766 52
9767 41
9768 47
9769 42
9770 55
9771 35
9772 47
9773 51
9774 36
9775 37
9776 37
9777 38
9778 35
9779 43
9780 39
9781 45
9782 37
9783 33
9784 28
9785 42
9786 38
9787 44
9788 37
9789 34
9790 44
9791 36
9792 22
9793 35
9794 45
9795 30
9796 39
9797 50
9798 41
9799 32
9800 36
9801 38
9802 43
9803 37
9804 40
9805 44
9806 41
9807 39
9808 INF
9809 28
9810 21
9811 38
9812 35
9813 38
9814 32
9815 35
9816 37
9817 40
9818 29
9819 38
9820 31
9821 41
9822 39
9823 37
9824 43
9825 32
9826 37
9827 40
9828 40
9829 35
9830 46
9831 36
9832 35
9833 INF
9834 43
9835 43
9836 INF
9837 29
9838 48
9839 23
9840 40
9841 38
9842 42
9843 21
9844 46
9845 INF
9846 48
9847 39
9848 36
9849 48
9850 49
9851 39
9852 36
9853 38
9854 58
9855 42
9856 34
9857 27
9858 45
9859 37
9860 42
9861 INF
9862 39
9863 45
9864 37
9865 33
9866 42
9867 30
9868 34
9869 33
9870 34
9871 33
9872 39
9873 45
9874 53
9875 27
9876 52
9877 42
9878 41
9879 32
9880 41
9881 38
9882 41
9883 46
9884 36
9885 52
9886 44
9887 40
9888 45
9889 37
9890 34
9891 34
9892 41
9893 47
9894 INF
9895 40
9896 36
9897 42
9898 36
9899 39
9900 37
9901 52
9902 51
9903 42
9904 37
9905 44
9906 44
9907 60
9908 59
9909 38
9910 29
9911 35
9912 43
9913 47
9914 34
9915 34
9916 38
9917 39
9918 33
9919 37
9920 40
9921 45
9922 42
9923 INF
9924 34
9925 41
9926 38
9927 18
9928 37
9929 47
9930 43
9931 45
9932 38
9933 42
9934 35
9935 42
9936 44
9937 39
9938 35
9939 40
9940 39
9941 39
9942 40
9943 35
9944 34
9945 41
9946 37
9947 37
9948 37
9949 40
9950 34
9951 INF
9952 48
9953 37
9954 30
9955 36
9956 43
9957 47
9958 35
9959 34
9960 40
9961 40
9962 40
9963 40
9964 36
9965 INF
9966 45
9967 48
9968 31
9969 45
9970 42
9971 31
9972 37
9973 37
9974 39
9975 43
9976 27
9977 33
9978 40
9979 34
9980 31
9981 33
9982 41
9983 INF
9984 38
9985 38
9986 46
9987 31
9988 36
9989 43
9990 38
9991 45
9992 34
9993 49
9994 42
9995 31
9996 41
9997 44
9998 38
9999 45
10000 INF
10001 38
10002 46
10003 38
10004 29
10005 31
10006 58
10007 47
10008 43
10009 42
10010 37
10011 INF
10012 45
10013 44
10014 42
10015 45
10016 55
10017 35
10018 34
10019 43
10020 44
10021 56
10022 39
10023 44
10024 36
10025 44
10026 33
10027 46
10028 44
10029 44
10030 28
10031 36
10032 42
10033 43
10034 30
10035 39
10036 34
10037 34
10038 41
10039 40
10040 32
10041 45
10042 44
10043 38
10044 39
10045 41
10046 44
10047 39
10048 42
10049 34
10050 41
10051 35
10052 46
10053 40
10054 INF
10055 49
10056 39
10057 30
10058 29
10059 41
10060 32
10061 50
10062 41
10063 50
10064 44
10065 42
10066 35
10067 35
10068 32
10069 42
10070 32
10071 45
10072 43
10073 36
10074 38
10075 34
10076 39
10077 33
10078 43
10079 36
10080 39
10081 INF
10082 29
10083 37
10084 36
10085 39
10086 37
10087 39
10088 43
10089 40
10090 30
10091 48
10092 47
10093 53
10094 INF
10095 INF
10096 38
10097 40
10098 13
10099 INF
10100 28
10101 30
10102 53
10103 43
10104 33
10105 37
10106 39
10107 35
10108 40
10109 37
10110 40
10111 INF
10112 38
10113 42
10114 59
10115 37
10116 51
10117 47
10118 INF
10119 37
10120 31
10121 33
10122 40
10123 37
10124 46
10125 48
10126 46
10127 42
10128 36
10129 36
10130 40
10131 27
10132 43
10133 45
10134 33
10135 39
10136 39
10137 40
10138 INF
10139 31
10140 32
10141 39
10142 45
10143 25
10144 39
10145 31
10146 38
10147 40
10148 36
10149 29
10150 34
10151 37
10152 28
10153 35
10154 INF
10155 41
10156 37
10157 35
10158 34
10159 37
10160 41
10161 43
10162 39
10163 33
10164 40
10165 37
10166 43
10167 36
10168 31
10169 35
10170 47
10171 35
10172 31
10173 39
10174 28
10175 38
10176 40
10177 49
10178 34
10179 44
10180 37
10181 19
10182 42
10183 INF
10184 44
10185 38
10186 36
10187 36
10188 38
10189 38
10190 INF
10191 29
10192 39
10193 44
10194 42
10195 45
10196 34
10197 44
10198 53
10199 37
10200 37
10201 45
10202 28
10203 51
10204 37
10205 37
10206 40
10207 44
10208 30
10209 40
10210 28
10211 35
10212 41
10213 39
10214 35
10215 40
10216 42
10217 33
10218 52
10219 35
10220 33
10221 47
10222 44
10223 38
10224 33
10225 40
10226 38
10227 33
10228 38
10229 41
10230 40
10231 34
10232 35
10233 38
10234 21
10235 35
10236 50
10237 45
10238 30
10239 36
10240 37
10241 34
10242 40
10243 43
10244 43
10245 40
10246 43
10247 38
10248 40
10249 INF
10250 42
10251 37
10252 45
10253 46
10254 28
10255 55
10256 48
10257 37
10258 37
10259 40
10260 32
10261 35
10262 48
10263 35
10264 28
10265 33
10266 50
10267 23
10268 42
10269 41
10270 37
10271 38
10272 41
10273 48
10274 42
10275 34
10276 INF
10277 33
10278 46
10279 45
10280 38
10281 31
10282 32
10283 40
10284 34
10285 40
10286 36
10287 37
10288 35
10289 36
10290 39
10291 46
10292 INF
10293 37
10294 37
10295 39
10296 28
10297 55
10298 46
10299 43
10300 32
10301 40
10302 45
10303 45
10304 39
10305 40
10306 44
10307 42
10308 28
10309 35
10310 46
10311 35
10312 46
10313 INF
10314 40
10315 37
10316 32
10317 41
10318 40
10319 48
10320 41
10321 38
10322 39
10323 43
10324 42
10325 42
10326 28
10327 36
10328 INF
10329 37
10330 42
10331 29
10332 41
10333 30
10334 37
10335 38
10336 34
10337 44
10338 45
10339 INF
10340 30
10341 44
10342 35
10343 35
10344 41
10345 36
10346 34
10347 49
10348 39
10349 37
10350 33
10351 30
10352 33
10353 24
10354 31
10355 51
10356 30
10357 42
10358 INF
10359 39
10360 40
10361 INF
10362 40
10363 42
10364 29
10365 46
10366 40
10367 39
10368 38
10369 45
10370 33
10371 49
10372 35
10373 41
10374 41
10375 43
10376 39
10377 40
10378 48
10379 INF
10380 34
10381 41
10382 42
10383 29
10384 INF
10385 36
10386 36
10387 46
10388 36
10389 45
10390 48
10391 40
10392 28
10393 37
10394 33
10395 37
10396 41
10397 34
10398 32
10399 51
10400 INF
10401 46
10402 43
10403 41
10404 47
10405 30
10406 43
10407 36
10408 38
10409 42
10410 38
10411 45
10412 33
10413 26
10414 46
10415 33
10416 39
10417 38
10418 48
10419 24
10420 INF
10421 41
10422 47
10423 43
10424 47
10425 54
10426 27
10427 51
10428 40
10429 46
10430 35
10431 44
10432 32
10433 27
10434 36
10435 35
10436 INF
10437 35
10438 39
10439 41
10440 26
10441 51
10442 39
10443 41
10444 45
10445 40
10446 46
10447 45
10448 46
10449 32
10450 36
10451 42
10452 37
10453 42
10454 43
10455 37
10456 51
10457 INF
10458 44
10459 37
10460 44
10461 24
10462 39
10463 44
10464 44
10465 39
10466 34
10467 31
10468 33
10469 35
10470 42
10471 36
10472 30
10473 39
10474 42
10475 35
10476 21
10477 37
10478 35
10479 34
10480 45
10481 32
10482 39
10483 33
10484 35
10485 35
10486 32
10487 48
10488 33
10489 48
10490 40
10491 41
10492 41
10493 30
10494 37
10495 39
10496 34
10497 37
10498 47
10499 43
10500 38
10501 46
10502 40
10503 41
10504 45
10505 INF
10506 39
10507 43
10508 30
10509 49
10510 37
10511 35
10512 40
10513 38
10514 48
10515 INF
10516 40
10517 40
10518 39
10519 34
10520 30
10521 40
10522 42
10523 44
10524 41
10525 28
10526 38
10527 41
10528 36
10529 43
10530 28
10531 44
10532 47
10533 31
10534 43
10535 30
10536 38
10537 44
10538 42
10539 39
10540 43
10541 37
10542 30
10543 32
10544 37
10545 42
10546 41
10547 43
10548 40
10549 36
10550 28
10551 43
10552 36
10553 36
10554 28
10555 INF
10556 32
10557 44
10558 41
10559 42
10560 55
10561 44
10562 34
10563 40
10564 32
10565 31
10566 46
10567 38
10568 36
10569 32
10570 36
10571 41
10572 34
10573 35
10574 36
10575 37
10576 45
10577 31
10578 46
10579 31
10580 47
10581 44
10582 41
10583 40
10584 37
10585 41
10586 39
10587 49
10588 41
10589 INF
10590 39
10591 30
10592 39
10593 40
10594 42
10595 42
10596 43
10597 44
10598 38
10599 41
10600 50
10601 41
10602 43
10603 37
10604 33
10605 41
10606 47
10607 27
10608 52
10609 38
10610 34
10611 45
10612 37
10613 34
10614 45
10615 36
10616 36
10617 INF
10618 59
10619 43
10620 33
10621 39
10622 47
10623 49
10624 41
10625 36
10626 INF
10627 33
10628 37
10629 42
10630 42
10631 46
10632 59
10633 34
10634 34
10635 53
10636 40
10637 27
10638 30
10639 32
10640 44
10641 41
10642 29
10643 30
10644 41
10645 48
10646 41
10647 38
10648 44
10649 INF
10650 40
10651 37
10652 31
10653 32
10654 44
10655 43
10656 33
10657 42
10658 42
10659 40
10660 38
10661 INF
10662 42
10663 28
10664 34
10665 38
10666 44
10667 33
10668 36
10669 43
10670 43
10671 41
10672 35
10673 30
10674 37
10675 42
10676 46
10677 51
10678 INF
10679 33
10680 INF
10681 32
10682 45
10683 26
10684 41
10685 44
10686 21
10687 INF
10688 36
10689 35
10690 33
10691 22
10692 INF
10693 42
10694 38
10695 40
10696 37
10697 41
10698 44
10699 44
10700 48
10701 42
10702 40
10703 43
10704 32
10705 33
10706 39
10707 41
10708 36
10709 42
10710 46
10711 52
10712 INF
10713 38
10714 35
10715 38
10716 45
10717 40
10718 35
10719 27
10720 37
10721 50
10722 45
10723 31
10724 36
10725 47
10726 41
10727 34
10728 INF
10729 42
10730 35
10731 48
10732 39
10733 34
10734 29
10735 44
10736 43
10737 46
10738 41
10739 23
10740 42
10741 32
10742 48
10743 44
10744 INF
10745 41
10746 41
10747 28
10748 37
10749 33
10750 39
10751 48
10752 40
10753 51
10754 35
10755 40
10756 48
10757 44
10758 32
10759 40
10760 39
10761 37
10762 22
10763 44
10764 42
10765 INF
10766 33
10767 28
10768 28
10769 39
10770 44
10771 INF
10772 35
10773 43
10774 17
10775 42
10776 41
10777 48
10778 50
10779 42
10780 38
10781 42
10782 36
10783 31
10784 38
10785 50
10786 44
10787 30
10788 45
10789 47
10790 49
10791 39
10792 43
10793 41
10794 45
10795 49
10796 34
10797 38
10798 44
10799 43
10800 44
10801 27
10802 40
10803 35
10804 48
10805 41
10806 32
10807 33
10808 47
10809 42
10810 28
10811 42
10812 45
10813 44
10814 45
10815 38
10816 48
10817 35
10818 41
10819 34
10820 32
10821 37
10822 24
10823 40
10824 39
10825 42
10826 37
10827 43
10828 46
10829 35
10830 43
10831 43
10832 44
10833 40
10834 33
10835 40
10836 37
10837 41
10838 42
10839 42
10840 42
10841 34
10842 42
10843 37
10844 37
10845 39
10846 42
10847 34
10848 39
10849 36
10850 47
10851 50
10852 43
10853 48
10854 40
10855 42
10856 33
10857 40
10858 46
10859 44
10860 40
10861 40
10862 38
10863 32
10864 42
10865 36
10866 42
10867 27
10868 47
10869 32
10870 35
10871 35
10872 45
10873 19
10874 36
10875 43
10876 35
10877 43
10878 34
10879 INF
10880 48
10881 39
10882 37
10883 38
10884 41
10885 32
10886 45
10887 36
10888 39
10889 37
10890 INF
10891 33
10892 40
10893 27
10894 40
10895 39
10896 INF
10897 30
10898 41
10899 42
10900 37
10901 33
10902 INF
10903 41
10904 38
10905 35
10906 28
10907 31
10908 22
10909 44
10910 41
10911 41
10912 43
10913 29
10914 35
10915 INF
10916 32
10917 48
10918 49
10919 29
10920 35
10921 38
10922 37
10923 31
10924 52
10925 42
10926 39
10927 44
10928 39
10929 34
10930 42
10931 44
10932 41
10933 37
10934 34
10935 36
10936 34
10937 32
10938 43
10939 32
10940 41
10941 30
10942 37
10943 44
10944 45
10945 35
10946 41
10947 32
10948 33
10949 34
10950 34
10951 33
10952 45
10953 35
10954 39
10955 35
10956 39
10957 30
10958 26
10959 43
10960 38
10961 35
10962 37
10963 48
10964 45
10965 33
10966 41
10967 36
10968 36
10969 37
10970 38
10971 INF
10972 41
10973 41
10974 38
10975 20
10976 30
10977 34
10978 31
10979 41
10980 37
10981 42
10982 33
10983 INF
10984 34
10985 35
10986 43
10987 38
10988 45
10989 24
10990 61
10991 35
10992 42
10993 44
10994 29
10995 34
10996 53
10997 41
10998 44
10999 29
11000 31
11001 47
11002 41
11003 INF
11004 39
11005 38
11006 19
11007 17
11008 39
11009 43
11010 33
11011 49
11012 43
11013 INF
11014 38
11015 38
11016 45
11017 30
11018 41
11019 35
11020 43
11021 43
11022 20
11023 37
11024 43
11025 INF
11026 39
11027 40
11028 30
11029 INF
11030 45
11031 44
11032 37
11033 36
11034 41
11035 31
11036 38
11037 44
11038 19
11039 33
11040 27
11041 43
11042 INF
11043 43
11044 28
11045 36
11046 38
11047 52
11048 37
11049 34
11050 39
11051 37
11052 40
11053 42
11054 44
11055 36
11056 31
11057 35
11058 36
11059 25
11060 45
11061 32
11062 46
11063 38
11064 36
11065 33
11066 43
11067 33
11068 41
11069 40
11070 40
11071 37
11072 39
11073 46
11074 29
11075 39
11076 50
11077 42
11078 47
11079 42
11080 40
11081 38
11082 47
11083 35
11084 40
11085 39
11086 43
11087 47
11088 39
11089 38
11090 39
11091 44
11092 40
11093 43
11094 44
11095 44
11096 40
11097 36
11098 40
11099 46
11100 43
11101 44
11102 43
11103 43
11104 33
11105 37
11106 37
11107 33
11108 42
11109 42
11110 45
11111 37
11112 34
11113 35
11114 29
11115 40
11116 26
11117 41
11118 49
11119 41
11120 33
11121 46
11122 45
11123 50
11124 45
11125 INF
11126 45
11127 41
11128 42
11129 32
11130 38
11131 35
11132 INF
11133 39
11134 38
11135 40
11136 40
11137 40
11138 42
11139 49
11140 34
11141 34
11142 47
11143 37
11144 33
11145 43
11146 35
11147 43
11148 43
11149 45
11150 41
11151 32
11152 INF
11153 39
11154 34
11155 40
11156 43
11157 37
11158 35
11159 44
11160 38
11161 46
11162 38
11163 47
11164 35
11165 43
11166 28
11167 INF
11168 INF
11169 28
11170 30
11171 34
11172 41
11173 39
11174 41
11175 37
11176 42
11177 50
11178 44
11179 47
11180 43
11181 43
11182 32
11183 37
11184 34
11185 49
11186 46
11187 33
11188 INF
11189 INF
11190 42
11191 49
11192 39
11193 34
11194 48
11195 35
11196 39
11197 37
11198 38
11199 40
11200 36
11201 38
11202 30
11203 48
11204 47
11205 45
11206 40
11207 37
11208 33
11209 40
11210 32
11211 39
11212 35
11213 41
11214 40
11215 35
11216 37
11217 49
11218 43
11219 40
11220 24
11221 30
11222 43
11223 41
11224 34
11225 INF
11226 37
11227 37
11228 49
11229 37
11230 44
11231 38
11232 40
11233 INF
11234 41
11235 28
11236 36
11237 42
11238 INF
11239 39
11240 42
11241 35
11242 42
11243 30
11244 30
11245 43
11246 38
11247 39
11248 39
11249 37
11250 42
11251 49
11252 39
11253 11
11254 38
11255 43
11256 42
11257 32
11258 40
11259 36
11260 51
11261 36
11262 31
11263 35
11264 43
11265 38
11266 32
11267 34
11268 56
11269 40
11270 39
11271 40
11272 38
11273 44
11274 30
11275 34
11276 34
11277 34
11278 31
11279 41
11280 34
11281 28
11282 44
11283 47
11284 33
11285 35
11286 38
11287 26
11288 35
11289 37
11290 37
11291 INF
11292 42
11293 39
11294 35
11295 34
11296 35
11297 43
11298 39
11299 43
11300 34
11301 46
11302 28
11303 47
11304 33
11305 39
11306 35
11307 36
11308 35
11309 42
11310 38
11311 46
11312 44
11313 39
11314 42
11315 35
11316 36
11317 45
11318 40
11319 37
11320 38
11321 36
11322 39
11323 46
11324 39
11325 26
11326 37
11327 40
11328 42
11329 45
11330 37
11331 INF
11332 36
11333 23
11334 40
11335 31
11336 38
11337 50
11338 41
11339 36
11340 39
11341 37
11342 38
11343 41
11344 42
11345 33
11346 26
11347 41
11348 43
11349 32
11350 36
11351 40
11352 49
11353 27
11354 43
11355 35
11356 44
11357 33
11358 50
11359 48
11360 44
11361 42
11362 32
11363 47
11364 40
11365 38
11366 42
11367 40
11368 28
11369 40
11370 37
11371 41
11372 48
11373 58
11374 39
11375 46
11376 40
11377 50
11378 32
11379 33
11380 INF
11381 INF
11382 44
11383 41
11384 37
11385 34
11386 47
11387 38
11388 41
11389 39
11390 34
11391 32
11392 32
11393 50
11394 42
11395 INF
11396 INF
11397 49
11398 42
11399 38
11400 44
11401 34
11402 43
11403 43
11404 33
11405 36
11406 48
11407 42
11408 41
11409 39
11410 35
11411 34
11412 INF
11413 38
11414 36
11415 41
11416 32
11417 26
11418 INF
11419 34
11420 43
11421 47
11422 47
11423 34
11424 45
11425 30
11426 36
11427 40
11428 40
11429 43
11430 47
11431 34
11432 41
11433 32
11434 INF
11435 37
11436 41
11437 35
11438 37
11439 42
11440 46
11441 38
11442 38
11443 52
11444 47
11445 47
11446 38
11447 41
11448 25
11449 38
11450 46
11451 41
11452 33
11453 33
11454 40
11455 38
11456 INF
11457 50
11458 37
11459 40
11460 43
11461 48
11462 45
11463 36
11464 33
11465 35
11466 19
11467 43
11468 38
11469 38
11470 32
11471 43
11472 36
11473 39
11474 42
11475 INF
11476 40
11477 42
11478 36
11479 30
11480 41
11481 62
11482 42
11483 32
11484 38
11485 33
11486 20
11487 33
11488 34
11489 41
11490 53
11491 45
11492 41
11493 42
11494 44
11495 25
11496 40
11497 36
11498 32
11499 42
11500 33
11501 INF
11502 25
11503 41
11504 34
11505 34
11506 41
11507 41
11508 44
11509 41
11510 43
11511 40
11512 28
11513 INF
11514 38
11515 40
11516 40
11517 47
11518 25
11519 33
11520 20
11521 45
11522 38
11523 45
11524 42
11525 35
11526 34
11527 38
11528 45
11529 37
11530 42
11531 36
11532 32
11533 38
11534 42
11535 39
11536 34
11537 36
11538 37
11539 37
11540 42
11541 31
11542 38
11543 27
11544 41
11545 34
11546 47
11547 42
11548 30
11549 INF
11550 47
11551 48
11552 44
11553 31
11554 35
11555 45
11556 53
11557 INF
11558 37
11559 33
11560 35
11561 47
11562 35
11563 40
11564 36
11565 42
11566 39
11567 52
11568 42
11569 INF
11570 28
11571 54
11572 42
11573 43
11574 41
11575 45
11576 46
11577 39
11578 46
11579 47
11580 30
11581 44
11582 45
11583 38
11584 48
11585 32
11586 39
11587 39
11588 34
11589 35
11590 24
11591 34
11592 48
11593 39
11594 39
11595 38
11596 44
11597 38
11598 33
11599 48
11600 38
11601 52
11602 34
11603 37
11604 38
11605 46
11606 36
11607 40
11608 44
11609 31
11610 40
11611 42
11612 34
11613 34
11614 50
11615 31
11616 42
11617 21
11618 45
11619 40
11620 36
11621 44
11622 45
11623 43
11624 41
11625 40
11626 43
11627 40
11628 39
11629 42
11630 45
11631 37
11632 33
11633 41
11634 47
11635 36
11636 39
11637 41
11638 27
11639 36
11640 46
11641 52
11642 37
11643 42
11644 31
11645 30
11646 61
11647 38
11648 50
11649 44
11650 36
11651 39
11652 34
11653 37
11654 50
11655 43
11656 INF
11657 42
11658 35
11659 30
11660 45
11661 29
11662 35
11663 39
11664 50
11665 32
11666 38
11667 53
11668 44
11669 43
11670 42
11671 36
11672 39
11673 38
11674 41
11675 45
11676 38
11677 44
11678 INF
11679 37
11680 35
11681 43
11682 41
11683 32
11684 INF
11685 37
11686 41
11687 44
11688 42
11689 45
11690 50
11691 34
11692 34
11693 33
11694 42
11695 42
11696 48
11697 46
11698 38
11699 37
11700 INF
11701 40
11702 38
11703 25
11704 35
11705 33
11706 INF
11707 33
11708 35
11709 36
11710 41
11711 43
11712 36
11713 26
11714 37
11715 42
11716 44
11717 43
11718 41
11719 40
11720 39
11721 50
11722 45
11723 38
11724 45
11725 41
11726 40
11727 41
11728 43
11729 43
11730 44
11731 INF
11732 39
11733 36
11734 45
11735 35
11736 INF
11737 44
11738 45
11739 36
11740 48
11741 39
11742 42
11743 37
11744 41
11745 30
11746 35
11747 44
11748 38
11749 35
11750 45
11751 38
11752 43
11753 47
11754 52
11755 42
11756 46
11757 42
11758 41
11759 INF
11760 INF
11761 37
11762 49
11763 38
11764 41
11765 39
11766 46
11767 31
11768 38
11769 42
11770 26
11771 44
11772 36
11773 50
11774 32
11775 44
11776 35
11777 43
11778 33
11779 39
11780 40
11781 22
11782 43
11783 26
11784 35
11785 INF
11786 30
11787 43
11788 43
11789 INF
11790 26
11791 42
11792 45
11793 39
11794 40
11795 31
11796 40
11797 35
11798 49
11799 36
11800 36
11801 30
11802 45
11803 43
11804 39
11805 INF
11806 33
11807 34
11808 47
11809 48
11810 53
11811 48
11812 25
11813 42
11814 40
11815 37
11816 42
11817 42
11818 38
11819 37
11820 39
11821 49
11822 42
11823 40
11824 39
11825 43
11826 43
11827 43
11828 41
11829 24
11830 41
11831 31
11832 39
11833 49
11834 36
11835 20
11836 47
11837 45
11838 56
11839 47
11840 37
11841 29
11842 34
11843 53
11844 43
11845 29
11846 38
11847 31
11848 41
11849 36
11850 33
11851 45
11852 INF
11853 35
11854 39
11855 38
11856 36
11857 46
11858 39
11859 30
11860 30
11861 42
11862 40
11863 38
11864 41
11865 44
11866 43
11867 43
11868 38
11869 INF
11870 45
11871 46
11872 44
11873 41
11874 43
11875 49
11876 47
11877 28
11878 40
11879 38
11880 33
11881 29
11882 30
11883 38
11884 INF
11885 39
11886 35
11887 29
11888 49
11889 42
11890 33
11891 39
11892 31
11893 24
11894 32
11895 40
11896 43
11897 43
11898 41
11899 39
11900 42
11901 46
11902 44
11903 39
11904 46
11905 43
11906 39
11907 36
11908 36
11909 34
11910 32
11911 39
11912 48
11913 40
11914 36
11915 30
11916 36
11917 51
11918 45
11919 37
11920 37
11921 49
11922 26
11923 46
11924 28
11925 35
11926 41
11927 49
11928 25
11929 32
11930 34
11931 41
11932 34
11933 47
11934 35
11935 46
11936 41
11937 33
11938 37
11939 37
11940 45
11941 42
11942 38
11943 37
11944 43
11945 28
11946 39
11947 35
11948 37
11949 34
11950 32
11951 31
11952 34
11953 41
11954 32
11955 39
11956 35
11957 33
11958 28
11959 33
11960 44
11961 37
11962 27
11963 46
11964 37
11965 44
11966 32
11967 42
11968 36
11969 39
11970 45
11971 INF
11972 31
11973 40
11974 45
11975 50
11976 41
11977 40
11978 40
11979 41
11980 43
11981 42
11982 41
11983 21
11984 38
11985 39
11986 35
11987 38
11988 38
11989 29
11990 41
11991 43
11992 39
11993 35
11994 39
11995 37
11996 47
11997 33
11998 42
11999 40
12000 48
12001 36
12002 41
12003 40
12004 42
12005 32
12006 36
12007 46
12008 43
12009 43
12010 36
12011 53
12012 37
12013 29
12014 30
12015 30
12016 36
12017 45
12018 31
12019 41
12020 44
12021 41
12022 47
12023 33
12024 37
12025 31
12026 35
12027 45
12028 41
12029 46
12030 42
12031 INF
12032 49
12033 39
12034 36
12035 42
12036 48
12037 37
12038 35
12039 38
12040 33
12041 30
12042 48
12043 38
12044 23
12045 43
12046 28
12047 43
12048 39
12049 49
12050 36
12051 40
12052 41
12053 36
12054 37
12055 45
12056 30
12057 40
12058 34
12059 34
12060 32
12061 46
12062 32
12063 41
12064 35
12065 38
12066 40
12067 46
12068 45
12069 44
12070 41
12071 40
12072 32
12073 49
12074 29
12075 40
12076 47
12077 36
12078 45
12079 38
12080 44
12081 43
12082 31
12083 34
12084 46
12085 INF
12086 36
12087 INF
12088 47
12089 41
12090 39
12091 38
12092 45
12093 39
12094 38
12095 46
12096 39
12097 39
12098 37
12099 45
12100 37
12101 37
12102 40
12103 38
12104 INF
12105 31
12106 46
12107 45
12108 42
12109 35
12110 INF
12111 37
12112 34
12113 INF
12114 51
12115 45
12116 42
12117 40
12118 38
12119 38
12120 49
12121 43
12122 39
12123 42
12124 48
12125 48
12126 30
12127 41
12128 44
12129 37
12130 44
12131 37
12132 40
12133 39
12134 21
12135 38
12136 32
12137 34
12138 53
12139 INF
12140 33
12141 38
12142 39
12143 40
12144 36
12145 39
12146 36
12147 26
12148 43
12149 40
12150 INF
12151 38
12152 29
12153 24
12154 33
12155 50
12156 38
12157 44
12158 INF
12159 36
12160 26
12161 42
12162 48
12163 46
12164 35
12165 37
12166 41
12167 33
12168 36
12169 40
12170 51
12171 45
12172 30
12173 52
12174 35
12175 44
12176 38
12177 44
12178 36
12179 36
12180 35
12181 44
12182 INF
12183 35
12184 34
12185 30
12186 35
12187 41
12188 47
12189 33
12190 INF
12191 44
12192 31
12193 36
12194 28
12195 40
12196 41
12197 23
12198 42
12199 INF
12200 27
12201 26
12202 46
12203 34
12204 40
12205 37
12206 32
12207 INF
12208 41
12209 INF
12210 29
12211 30
12212 INF
12213 27
12214 28
12215 37
12216 34
12217 33
12218 39
12219 INF
12220 40
12221 34
12222 38
12223 37
12224 31
12225 46
12226 36
12227 35
12228 34
12229 36
12230 38
12231 37
12232 44
12233 32
12234 39
12235 40
12236 34
12237 46
12238 37
12239 42
12240 34
12241 28
12242 41
12243 INF
12244 28
12245 37
12246 50
12247 40
12248 29
12249 39
12250 51
12251 38
12252 36
12253 36
12254 38
12255 39
12256 38
12257 47
12258 43
12259 35
12260 38
12261 44
12262 24
12263 41
12264 29
12265 32
12266 38
12267 50
12268 28
12269 45
12270 41
12271 34
12272 42
12273 44
12274 30
12275 41
12276 57
12277 40
12278 50
12279 38
12280 32
12281 43
12282 46
12283 41
12284 INF
12285 26
12286 45
12287 26
12288 26
12289 32
12290 31
12291 37
12292 47
12293 35
12294 40
12295 37
12296 41
12297 45
12298 32
12299 42
12300 61
12301 35
12302 37
12303 42
12304 11
12305 43
12306 35
12307 INF
12308 38
12309 40
12310 42
12311 40
12312 35
12313 42
12314 43
12315 34
12316 13
12317 46
12318 41
12319 27
12320 44
12321 39
12322 48
12323 30
12324 46
12325 41
12326 37
12327 INF
12328 30
12329 48
12330 INF
12331 INF
12332 44
12333 28
12334 INF
12335 18
12336 43
12337 37
12338 28
12339 37
12340 40
12341 38
12342 36
12343 43
12344 34
12345 38
12346 44
12347 41
12348 32
12349 35
12350 39
12351 37
12352 22
12353 35
12354 31
12355 36
12356 59
12357 31
12358 59
12359 39
12360 36
12361 41
12362 33
12363 37
12364 37
12365 45
12366 40
12367 42
12368 37
12369 35
12370 INF
12371 38
12372 39
12373 40
12374 31
12375 38
12376 41
12377 35
12378 INF
12379 36
12380 45
12381 29
12382 32
12383 34
12384 41
12385 36
12386 40
12387 41
12388 46
12389 32
12390 28
12391 47
12392 37
12393 39
12394 43
12395 INF
12396 37
12397 44
12398 36
12399 46
12400 INF
12401 38
12402 43
12403 25
12404 39
12405 38
12406 50
12407 40
12408 50
12409 28
12410 34
12411 38
12412 39
12413 37
12414 35
12415 38
12416 53
12417 29
12418 37
12419 47
12420 38
12421 40
12422 INF
12423 39
12424 54
12425 35
12426 45
12427 42
12428 35
12429 INF
12430 46
12431 42
12432 40
12433 40
12434 51
12435 38
12436 25
12437 42
12438 35
12439 34
12440 39
12441 37
12442 INF
12443 32
12444 35
12445 33
12446 INF
12447 36
12448 35
12449 48
12450 43
12451 28
12452 67
12453 INF
12454 44
12455 41
12456 41
12457 45
12458 33
12459 38
12460 50
12461 47
12462 35
12463 42
12464 38
12465 46
12466 46
12467 37
12468 41
12469 41
12470 31
12471 38
12472 36
12473 35
12474 41
12475 33
12476 42
12477 38
12478 37
12479 38
12480 37
12481 34
12482 36
12483 42
12484 38
12485 38
12486 40
12487 51
12488 29
12489 39
12490 41
12491 INF
12492 38
12493 INF
12494 43
12495 33
12496 35
12497 37
12498 37
12499 27
12500 46
12501 38
12502 41
12503 48
12504 42
12505 45
12506 42
12507 37
12508 38
12509 42
12510 39
12511 32
12512 49
12513 34
12514 39
12515 34
12516 37
12517 39
12518 38
12519 40
12520 45
12521 31
12522 29
12523 INF
12524 36
12525 57
12526 42
12527 38
12528 38
12529 42
12530 40
12531 47
12532 39
12533 46
12534 43
12535 44
12536 28
12537 26
12538 38
12539 36
12540 44
12541 37
12542 45
12543 43
12544 40
12545 33
12546 35
12547 47
12548 25
12549 39
12550 35
12551 42
12552 32
12553 27
12554 38
12555 INF
12556 INF
12557 39
12558 34
12559 43
12560 34
12561 38
12562 38
12563 41
12564 34
12565 45
12566 37
12567 37
12568 39
12569 48
12570 39
12571 INF
12572 47
12573 44
12574 INF
12575 38
12576 44
12577 44
12578 42
12579 40
12580 40
12581 44
12582 25
12583 43
12584 44
12585 36
12586 INF
12587 43
12588 INF
12589 31
12590 40
12591 36
12592 38
12593 41
12594 37
12595 31
12596 42
12597 44
12598 47
12599 53
12600 38
12601 30
12602 40
12603 41
12604 33
12605 46
12606 43
12607 45
12608 40
12609 37
12610 34
12611 INF
12612 49
12613 43
12614 27
12615 36
12616 34
12617 40
12618 46
12619 41
12620 20
12621 37
12622 48
12623 44
12624 44
12625 42
12626 42
12627 35
12628 40
12629 40
12630 29
12631 44
12632 35
12633 25
12634 31
12635 41
12636 INF
12637 40
12638 47
12639 40
12640 14
12641 35
12642 47
12643 32
12644 27
12645 38
12646 35
12647 31
12648 INF
12649 35
12650 42
12651 24
12652 23
12653 37
12654 35
12655 41
12656 21
12657 28
12658 41
12659 38
12660 52
12661 42
12662 43
12663 35
12664 INF
12665 37
12666 50
12667 45
12668 41
12669 42
12670 45
12671 40
12672 42
12673 37
12674 48
12675 35
12676 47
12677 38
12678 INF
12679 35
12680 INF
12681 33
12682 INF
12683 32
12684 43
12685 31
12686 29
12687 38
12688 39
12689 47
12690 46
12691 36
12692 60
12693 42
12694 35
12695 INF
12696 24
12697 41
12698 35
12699 38
12700 55
12701 36
12702 48
12703 34
12704 46
12705 37
12706 40
12707 35
12708 30
12709 55
12710 42
12711 40
12712 43
12713 39
12714 39
12715 46
12716 46
12717 38
12718 INF
12719 35
12720 40
12721 INF
12722 23
12723 42
12724 38
12725 40
12726 37
12727 37
12728 24
12729 28
12730 31
12731 29
12732 37
12733 55
12734 43
12735 INF
12736 39
12737 39
12738 51
12739 32
12740 INF
12741 31
12742 32
12743 29
12744 43
12745 39
12746 37
12747 44
12748 40
12749 39
12750 45
12751 40
12752 37
12753 39
12754 37
12755 40
12756 44
12757 INF
12758 43
12759 48
12760 40
12761 43
12762 36
12763 39
12764 34
12765 33
12766 38
12767 35
12768 44
12769 38
12770 INF
12771 43
12772 INF
12773 35
12774 41
12775 INF
12776 45
12777 46
12778 44
12779 36
12780 38
12781 40
12782 40
12783 44
12784 38
12785 27
12786 31
12787 48
12788 42
12789 48
12790 49
12791 46
12792 39
12793 44
12794 33
12795 48
12796 INF
12797 47
12798 32
12799 35
12800 38
12801 22
12802 38
12803 45
12804 31
12805 33
12806 49
12807 39
12808 27
12809 42
12810 35
12811 INF
12812 42
12813 30
12814 43
12815 33
12816 INF
12817 37
12818 38
12819 42
12820 35
12821 43
12822 48
12823 38
12824 44
12825 42
12826 38
12827 34
12828 41
12829 41
12830 40
12831 33
12832 42
12833 35
12834 INF
12835 49
12836 42
12837 41
12838 34
12839 52
12840 34
12841 46
12842 27
12843 INF
12844 32
12845 31
12846 38
12847 40
12848 28
12849 42
12850 42
12851 43
12852 41
12853 INF
12854 42
12855 43
12856 45
12857 44
12858 34
12859 32
12860 45
12861 48
12862 36
12863 47
12864 39
12865 INF
12866 42
12867 32
12868 34
12869 41
12870 33
12871 38
12872 38
12873 40
12874 49
12875 43
12876 41
12877 36
12878 41
12879 42
12880 34
12881 34
12882 33
12883 40
12884 36
12885 41
12886 39
12887 48
12888 28
12889 32
12890 44
12891 30
12892 39
12893 38
12894 41
12895 45
12896 40
12897 35
12898 40
12899 47
12900 43
12901 41
12902 45
12903 37
12904 48
12905 30
12906 40
12907 34
12908 47
12909 43
12910 48
12911 32
12912 32
12913 31
12914 45
12915 INF
12916 44
12917 38
12918 37
12919 31
12920 41
12921 44
12922 30
12923 33
12924 33
12925 40
12926 39
12927 30
12928 43
12929 29
12930 41
12931 42
12932 34
12933 41
12934 INF
12935 38
12936 32
12937 44
12938 41
12939 44
12940 38
12941 38
12942 34
12943 42
12944 38
12945 33
12946 54
12947 43
12948 35
12949 42
12950 36
12951 36
12952 29
12953 36
12954 49
12955 40
12956 30
12957 39
12958 51
12959 38
12960 29
12961 42
12962 INF
12963 53
12964 34
12965 24
12966 38
12967 27
12968 35
12969 41
12970 25
12971 31
12972 48
12973 27
12974 30
12975 27
12976 35
12977 47
12978 40
12979 18
12980 36
12981 36
12982 33
12983 INF
12984 40
12985 30
12986 55
12987 INF
12988 39
12989 48
12990 36
12991 INF
12992 38
12993 30
12994 45
12995 41
12996 INF
12997 42
12998 41
12999 49
13000 36
13001 INF
13002 37
13003 37
13004 32
13005 44
13006 32
13007 44
13008 37
13009 31
13010 40
13011 52
13012 38
13013 40
13014 51
13015 42
13016 41
13017 35
13018 44
13019 37
13020 35
13021 INF
13022 38
13023 46
13024 45
13025 INF
13026 60
13027 41
13028 47
13029 33
13030 43
13031 45
13032 41
13033 33
13034 35
13035 54
13036 36
13037 47
13038 43
13039 48
13040 47
13041 47
13042 40
13043 52
13044 37
13045 38
13046 44
13047 45
13048 43
13049 35
13050 47
13051 45
13052 37
13053 30
13054 39
13055 37
13056 37
13057 44
13058 43
13059 40
13060 32
13061 45
13062 31
13063 59
13064 37
13065 42
13066 42
13067 47
13068 37
13069 37
13070 43
13071 40
13072 36
13073 42
13074 39
13075 37
13076 46
13077 40
13078 34
13079 36
13080 49
13081 21
13082 39
13083 INF
13084 42
13085 43
13086 35
13087 44
13088 27
13089 38
13090 48
13091 40
13092 38
13093 44
13094 38
13095 35
13096 INF
13097 36
13098 36
13099 INF
13100 35
13101 INF
13102 34
13103 39
13104 32
13105 35
13106 32
13107 35
13108 65
13109 30
13110 28
13111 36
13112 37
13113 35
13114 44
13115 44
13116 26
13117 51
13118 44
13119 43
13120 35
13121 INF
13122 41
13123 46
13124 38
13125 37
13126 45
13127 40
13128 28
13129 37
13130 45
13131 33
13132 42
13133 41
13134 41
13135 37
13136 37
13137 38
13138 42
13139 INF
13140 38
13141 44
13142 46
13143 33
13144 41
13145 40
13146 40
13147 36
13148 37
13149 39
13150 38
13151 37
13152 40
13153 42
13154 53
13155 35
13156 40
13157 INF
13158 34
13159 38
13160 51
13161 43
13162 29
13163 47
13164 37
13165 44
13166 38
13167 40
13168 35
13169 INF
13170 41
13171 49
13172 38
13173 34
13174 46
13175 38
13176 36
13177 48
13178 42
13179 29
13180 37
13181 36
13182 41
13183 42
13184 46
13185 41
13186 47
13187 46
13188 36
13189 35
13190 46
13191 27
13192 45
13193 39
13194 INF
13195 41
13196 62
13197 41
13198 45
13199 36
13200 33
13201 38
13202 41
13203 43
13204 37
13205 33
13206 37
13207 30
13208 36
13209 41
13210 40
13211 38
13212 36
13213 INF
13214 41
13215 35
13216 37
13217 37
13218 39
13219 39
13220 INF
13221 41
13222 45
13223 45
13224 46
13225 30
13226 47
13227 52
13228 40
13229 29
13230 40
13231 36
13232 37
13233 47
13234 35
13235 33
13236 61
13237 37
13238 34
13239 32
13240 47
13241 41
13242 26
13243 51
13244 32
13245 37
13246 40
13247 30
13248 39
13249 27
13250 27
13251 33
13252 48
13253 36
13254 35
13255 42
13256 31
13257 33
13258 55
13259 44
13260 44
13261 35
13262 39
13263 53
13264 44
13265 40
13266 37
13267 42
13268 32
13269 28
13270 45
13271 35
13272 36
13273 43
13274 36
13275 41
13276 36
13277 22
13278 31
13279 34
13280 41
13281 40
13282 39
13283 49
13284 40
13285 51
13286 41
13287 29
13288 39
13289 49
13290 INF
13291 36
13292 34
13293 31
13294 47
13295 36
13296 51
13297 38
13298 45
13299 36
13300 33
13301 44
13302 35
13303 53
13304 INF
13305 41
13306 27
13307 43
13308 30
13309 46
13310 25
13311 38
13312 40
13313 34
13314 44
13315 41
13316 45
13317 37
13318 38
13319 40
13320 36
13321 43
13322 38
13323 35
13324 31
13325 43
13326 37
13327 37
13328 39
13329 47
13330 INF
13331 39
13332 39
13333 37
13334 38
13335 INF
13336 39
13337 34
13338 43
13339 43
13340 49
13341 41
13342 25
13343 46
13344 41
13345 INF
13346 40
13347 42
13348 44
13349 42
13350 39
13351 41
13352 45
13353 45
13354 62
13355 41
13356 28
13357 49
13358 33
13359 42
13360 39
13361 40
13362 42
13363 36
13364 45
13365 40
13366 44
13367 35
13368 43
13369 52
13370 32
13371 45
13372 43
13373 39
13374 38
13375 38
13376 40
13377 31
13378 30
13379 INF
13380 53
13381 38
13382 29
13383 26
13384 INF
13385 35
13386 42
13387 INF
13388 38
13389 36
13390 43
13391 42
13392 36
13393 40
13394 40
13395 42
13396 27
13397 54
13398 33
13399 39
13400 40
13401 44
13402 46
13403 35
13404 41
13405 39
13406 35
13407 46
13408 37
13409 33
13410 60
13411 35
13412 43
13413 22
13414 42
13415 35
13416 41
13417 43
13418 30
13419 34
13420 41
13421 44
13422 43
13423 48
13424 25
13425 35
13426 34
13427 23
13428 37
13429 44
13430 42
13431 33
13432 31
13433 34
13434 INF
13435 27
13436 31
13437 37
13438 33
13439 49
13440 41
13441 32
13442 42
13443 53
13444 43
13445 35
13446 49
13447 37
13448 41
13449 INF
13450 36
13451 47
13452 33
13453 38
13454 33
13455 43
13456 30
13457 43
13458 50
13459 42
13460 31
13461 42
13462 26
13463 43
13464 39
13465 38
13466 40
13467 42
13468 36
13469 40
13470 49
13471 36
13472 30
13473 47
13474 37
13475 INF
13476 42
13477 29
13478 39
13479 INF
13480 48
13481 42
13482 31
13483 39
13484 41
13485 38
13486 42
13487 40
13488 35
13489 39
13490 38
13491 40
13492 29
13493 39
13494 38
13495 22
13496 42
13497 39
13498 40
13499 INF
13500 44
13501 49
13502 40
13503 41
13504 40
13505 34
13506 37
13507 36
13508 34
13509 33
13510 37
13511 42
13512 39
13513 33
13514 40
13515 41
13516 29
13517 INF
13518 46
13519 43
13520 41
13521 32
13522 34
13523 36
13524 40
13525 35
13526 36
13527 INF
13528 47
13529 34
13530 42
13531 32
13532 47
13533 37
13534 38
13535 44
13536 33
13537 39
13538 42
13539 37
13540 38
13541 37
13542 36
13543 44
13544 37
13545 42
13546 41
13547 40
13548 31
13549 51
13550 36
13551 37
13552 INF
13553 36
13554 37
13555 INF
13556 40
13557 43
13558 30
13559 41
13560 45
13561 30
13562 47
13563 33
13564 INF
13565 36
13566 32
13567 45
13568 25
13569 28
13570 45
13571 33
13572 27
13573 47
13574 48
13575 39
13576 35
13577 39
13578 33
13579 32
13580 INF
13581 41
13582 INF
13583 35
13584 51
13585 39
13586 46
13587 43
13588 43
13589 48
13590 INF
13591 33
13592 37
13593 50
13594 33
13595 37
13596 39
13597 42
13598 33
13599 35
13600 35
13601 43
13602 37
13603 36
13604 31
13605 46
13606 INF
13607 40
13608 48
13609 37
13610 40
13611 43
13612 41
13613 45
13614 34
13615 42
13616 38
13617 47
13618 41
13619 47
13620 36
13621 30
13622 42
13623 41
13624 38
13625 30
13626 41
13627 38
13628 36
13629 32
13630 35
13631 36
13632 42
13633 52
13634 33
13635 42
13636 50
13637 39
13638 43
13639 41
13640 36
13641 38
13642 48
13643 47
13644 38
13645 45
13646 37
13647 40
13648 45
13649 29
13650 39
13651 44
13652 INF
13653 39
13654 INF
13655 37
13656 38
13657 41
13658 43
13659 35
13660 40
13661 41
13662 29
13663 35
13664 34
13665 37
13666 INF
13667 41
13668 37
13669 45
13670 41
13671 54
13672 41
13673 45
13674 43
13675 38
13676 36
13677 34
13678 35
13679 28
13680 49
13681 33
13682 33
13683 31
13684 37
13685 38
13686 47
13687 37
13688 41
13689 37
13690 42
13691 38
13692 30
13693 39
13694 43
13695 39
13696 INF
13697 40
13698 42
13699 43
13700 INF
13701 41
13702 42
13703 35
13704 52
13705 30
13706 39
13707 37
13708 34
13709 30
13710 32
13711 32
13712 42
13713 29
13714 33
13715 47
13716 37
13717 43
13718 38
13719 40
13720 32
13721 37
13722 35
13723 46
13724 43
13725 42
13726 35
13727 INF
13728 39
13729 44
13730 34
13731 28
13732 39
13733 42
13734 35
13735 28
13736 39
13737 34
13738 32
13739 43
13740 38
13741 36
13742 43
13743 43
13744 24
13745 42
13746 35
13747 42
13748 37
13749 30
13750 29
13751 40
13752 40
13753 36
13754 43
13755 49
13756 37
13757 41
13758 31
13759 39
13760 33
13761 INF
13762 36
13763 36
13764 44
13765 36
13766 40
13767 42
13768 41
13769 31
13770 46
13771 34
13772 41
13773 41
13774 INF
13775 29
13776 40
13777 41
13778 32
13779 36
13780 33
13781 40
13782 34
13783 40
13784 40
13785 35
13786 37
13787 65
13788 43
13789 INF
13790 40
13791 INF
13792 36
13793 INF
13794 42
13795 44
13796 38
13797 29
13798 36
13799 38
13800 43
13801 47
13802 38
13803 36
13804 39
13805 52
13806 35
13807 21
13808 INF
13809 33
13810 44
13811 46
13812 49
13813 40
13814 44
13815 30
13816 37
13817 45
13818 42
13819 45
13820 29
13821 46
13822 40
13823 40
13824 35
13825 42
13826 34
13827 34
13828 39
13829 31
13830 INF
13831 36
13832 42
13833 32
13834 41
13835 42
13836 35
13837 33
13838 44
13839 36
13840 23
13841 42
13842 INF
13843 32
13844 40
13845 42
13846 45
13847 36
13848 33
13849 48
13850 34
13851 40
13852 INF
13853 48
13854 38
13855 42
13856 25
13857 37
13858 36
13859 43
13860 35
13861 38
13862 32
13863 36
13864 32
13865 43
13866 30
13867 22
13868 27
13869 32
13870 INF
13871 40
13872 41
13873 40
13874 40
13875 37
13876 INF
13877 29
13878 38
13879 35
13880 35
13881 31
13882 40
13883 41
13884 38
13885 39
13886 34
13887 54
13888 36
13889 39
13890 39
13891 49
13892 INF
13893 45
13894 36
13895 45
13896 41
13897 38
13898 36
13899 37
13900 38
13901 38
13902 46
13903 42
13904 48
13905 39
13906 32
13907 41
13908 44
13909 30
13910 40
13911 49
13912 44
13913 41
13914 41
13915 46
13916 40
13917 39
13918 40
13919 43
13920 29
13921 INF
13922 INF
13923 28
13924 39
13925 40
13926 29
13927 46
13928 36
13929 37
13930 35
13931 37
13932 43
13933 54
13934 38
13935 38
13936 37
13937 41
13938 36
13939 36
13940 27
13941 42
13942 38
13943 39
13944 44
13945 26
13946 43
13947 41
13948 29
13949 37
13950 42
13951 35
13952 34
13953 38
13954 39
13955 37
13956 40
13957 34
13958 51
13959 37
13960 45
13961 31
13962 41
13963 42
13964 41
13965 42
13966 32
13967 42
13968 43
13969 34
13970 35
13971 41
13972 43
13973 42
13974 32
13975 39
13976 INF
13977 41
13978 44
13979 45
13980 27
13981 INF
13982 52
13983 39
13984 37
13985 36
13986 43
13987 48
13988 38
13989 42
13990 39
13991 33
13992 47
13993 50
13994 40
13995 INF
13996 37
13997 INF
13998 37
13999 38
14000 INF
14001 37
14002 38
14003 40
14004 43
14005 35
14006 50
14007 46
14008 41
14009 39
14010 17
14011 18
14012 INF
14013 41
14014 37
14015 40
14016 INF
14017 40
14018 32
14019 47
14020 37
14021 39
14022 40
14023 32
14024 43
14025 28
14026 42
14027 19
14028 42
14029 39
14030 42
14031 39
14032 37
14033 36
14034 28
14035 40
14036 INF
14037 42
14038 39
14039 35
14040 33
14041 43
14042 39
14043 43
14044 45
14045 44
14046 39
14047 34
14048 38
14049 38
14050 40
14051 43
14052 38
14053 47
14054 37
14055 32
14056 33
14057 42
14058 32
14059 39
14060 49
14061 45
14062 56
14063 37
14064 37
14065 40
14066 54
14067 41
14068 39
14069 41
14070 46
14071 50
14072 39
14073 49
14074 44
14075 45
14076 35
14077 INF
14078 37
14079 47
14080 40
14081 34
14082 INF
14083 31
14084 42
14085 37
14086 43
14087 45
14088 37
14089 40
14090 30
14091 49
14092 35
14093 35
14094 34
14095 45
14096 25
14097 35
14098 34
14099 43
14100 59
14101 43
14102 45
14103 33
14104 30
14105 36
14106 32
14107 38
14108 39
14109 33
14110 38
14111 34
14112 37
14113 41
14114 INF
14115 50
14116 24
14117 33
14118 41
14119 41
14120 42
14121 42
14122 28
14123 31
14124 35
14125 47
14126 37
14127 31
14128 39
14129 35
14130 46
14131 45
14132 INF
14133 33
14134 36
14135 43
14136 39
14137 38
14138 45
14139 36
14140 41
14141 37
14142 41
14143 33
14144 34
14145 46
14146 42
14147 39
14148 43
14149 36
14150 37
14151 31
14152 38
14153 37
14154 48
14155 50
14156 41
14157 28
14158 35
14159 32
14160 47
14161 26
14162 36
14163 35
14164 43
14165 23
14166 40
14167 34
14168 42
14169 INF
14170 39
14171 38
14172 36
14173 30
14174 47
14175 30
14176 46
14177 50
14178 30
14179 48
14180 41
14181 30
14182 INF
14183 45
14184 48
14185 25
14186 INF
14187 37
14188 48
14189 48
14190 40
14191 46
14192 44
14193 45
14194 38
14195 53
14196 31
14197 38
14198 46
14199 INF
14200 30
14201 41
14202 37
14203 48
14204 40
14205 30
14206 26
14207 44
14208 44
14209 37
14210 30
14211 40
14212 39
14213 43
14214 39
14215 42
14216 34
14217 47
14218 46
14219 38
14220 INF
14221 42
14222 34
14223 48
14224 41
14225 38
14226 39
14227 32
14228 35
14229 37
14230 34
14231 45
14232 35
14233 41
14234 36
14235 25
14236 51
14237 46
14238 32
14239 42
14240 35
14241 38
14242 30
14243 46
14244 37
14245 INF
14246 38
14247 26
14248 30
14249 31
14250 36
14251 42
14252 40
14253 39
14254 39
14255 33
14256 49
14257 35
14258 44
14259 33
14260 51
14261 38
14262 34
14263 46
14264 32
14265 35
14266 43
14267 44
14268 39
14269 39
14270 36
14271 37
14272 27
14273 47
14274 42
14275 36
14276 49
14277 43
14278 47
14279 41
14280 35
14281 33
14282 39
14283 36
14284 56
14285 34
14286 48
14287 45
14288 41
14289 42
14290 44
14291 37
14292 32
14293 39
14294 40
14295 45
14296 INF
14297 35
14298 32
14299 38
14300 40
14301 40
14302 35
14303 INF
14304 49
14305 39
14306 43
14307 46
14308 35
14309 58
14310 38
14311 INF
14312 34
14313 41
14314 44
14315 39
14316 38
14317 47
14318 48
14319 2
14320 36
14321 35
14322 48
14323 48
14324 40
14325 26
14326 42
14327 33
14328 43
14329 41
14330 42
14331 40
14332 37
14333 44
14334 39
14335 33
14336 32
14337 51
14338 37
14339 35
14340 43
14341 50
14342 28
14343 INF
14344 42
14345 36
14346 46
14347 32
14348 40
14349 39
14350 44
14351 30
14352 35
14353 37
14354 39
14355 50
14356 42
14357 32
14358 32
14359 41
14360 55
14361 44
14362 46
14363 42
14364 27
14365 68
14366 33
14367 41
14368 36
14369 34
14370 39
14371 36
14372 33
14373 44
14374 34
14375 33
14376 32
14377 66
14378 48
14379 45
14380 45
14381 36
14382 29
14383 45
14384 39
14385 37
14386 42
14387 38
14388 42
14389 31
14390 43
14391 33
14392 37
14393 38
14394 35
14395 37
14396 35
14397 42
14398 40
14399 36
14400 51
14401 32
14402 30
14403 48
14404 40
14405 54
14406 27
14407 33
14408 37
14409 39
14410 35
14411 40
14412 42
14413 43
14414 29
14415 49
14416 32
14417 35
14418 40
14419 INF
14420 33
14421 40
14422 43
14423 44
14424 39
14425 30
14426 50
14427 41
14428 42
14429 38
14430 47
14431 33
14432 36
14433 32
14434 44
14435 12
14436 35
14437 44
14438 40
14439 52
14440 50
14441 39
14442 39
14443 39
14444 41
14445 39
14446 33
14447 33
14448 40
14449 37
14450 46
14451 INF
14452 41
14453 36
14454 INF
14455 40
14456 41
14457 38
14458 47
14459 29
14460 42
14461 34
14462 44
14463 28
14464 36
14465 31
14466 39
14467 INF
14468 38
14469 57
14470 42
14471 43
14472 38
14473 48
14474 40
14475 INF
14476 53
14477 40
14478 43
14479 55
14480 45
14481 41
14482 35
14483 42
14484 40
14485 41
14486 31
14487 45
14488 35
14489 37
14490 38
14491 40
14492 37
14493 30
14494 38
14495 30
14496 INF
14497 50
14498 36
14499 35
14500 38
14501 37
14502 41
14503 36
14504 27
14505 20
14506 40
14507 41
14508 37
14509 43
14510 43
14511 INF
14512 INF
14513 42
14514 41
14515 34
14516 37
14517 36
14518 40
14519 50
14520 42
14521 48
14522 INF
14523 43
14524 40
14525 41
14526 42
14527 39
14528 30
14529 36
14530 42
14531 38
14532 37
14533 35
14534 36
14535 37
14536 44
14537 47
14538 38
14539 51
14540 INF
14541 40
14542 37
14543 40
14544 27
14545 43
14546 39
14547 14
14548 35
14549 34
14550 41
14551 36
14552 33
14553 35
14554 36
14555 37
14556 48
14557 36
14558 35
14559 36
14560 39
14561 41
14562 28
14563 38
14564 38
14565 33
14566 31
14567 40
14568 46
14569 43
14570 46
14571 34
14572 40
14573 36
14574 42
14575 58
14576 51
14577 INF
14578 49
14579 37
14580 31
14581 37
14582 29
14583 39
14584 44
14585 46
14586 48
14587 41
14588 34
14589 37
14590 49
14591 37
14592 58
14593 40
14594 45
14595 47
14596 37
14597 35
14598 39
14599 43
14600 26
14601 37
14602 44
14603 38
14604 33
14605 40
14606 35
14607 37
14608 39
14609 41
14610 46
14611 32
14612 42
14613 48
14614 34
14615 INF
14616 38
14617 41
14618 40
14619 23
14620 35
14621 39
14622 47
14623 51
14624 37
14625 32
14626 41
14627 45
14628 30
14629 40
14630 38
14631 39
14632 38
14633 INF
14634 37
14635 44
14636 37
14637 29
14638 30
14639 38
14640 43
14641 39
14642 53
14643 INF
14644 38
14645 43
14646 INF
14647 INF
14648 29
14649 51
14650 39
14651 37
14652 47
14653 39
14654 37
14655 37
14656 35
14657 38
14658 45
14659 49
14660 40
14661 43
14662 INF
14663 INF
14664 33
14665 37
14666 46
14667 40
14668 35
14669 44
14670 44
14671 47
14672 37
14673 INF
14674 39
14675 43
14676 36
14677 46
14678 52
14679 36
14680 46
14681 52
14682 39
14683 45
14684 36
14685 37
14686 35
14687 INF
14688 40
14689 47
14690 33
14691 44
14692 42
14693 35
14694 45
14695 50
14696 43
14697 36
14698 36
14699 32
14700 23
14701 33
14702 30
14703 42
14704 42
14705 40
14706 47
14707 27
14708 27
14709 37
14710 47
14711 42
14712 34
14713 32
14714 32
14715 39
14716 41
14717 30
14718 38
14719 37
14720 47
14721 32
14722 33
14723 31
14724 36
14725 39
14726 41
14727 31
14728 43
14729 32
14730 36
14731 38
14732 45
14733 INF
14734 43
14735 40
14736 34
14737 38
14738 34
14739 43
14740 40
14741 38
14742 37
14743 43
14744 41
14745 47
14746 32
14747 26
14748 48
14749 48
14750 35
14751 31
14752 40
14753 38
14754 40
14755 40
14756 44
14757 34
14758 45
14759 42
14760 42
14761 39
14762 42
14763 33
14764 36
14765 50
14766 44
14767 38
14768 31
14769 49
14770 36
14771 38
14772 46
14773 39
14774 45
14775 43
14776 45
14777 44
14778 49
14779 43
14780 33
14781 53
14782 36
14783 39
14784 31
14785 47
14786 47
14787 38
14788 44
14789 34
14790 37
14791 41
14792 53
14793 40
14794 33
14795 53
14796 45
14797 48
14798 INF
14799 39
14800 41
14801 61
14802 33
14803 47
14804 32
14805 37
14806 41
14807 39
14808 45
14809 38
14810 39
14811 38
14812 29
14813 39
14814 42
14815 33
14816 45
14817 49
14818 45
14819 43
14820 48
14821 28
14822 36
14823 35
14824 30
14825 36
14826 40
14827 36
14828 40
14829 43
14830 55
14831 40
14832 33
14833 30
14834 36
14835 48
14836 38
14837 42
14838 45
14839 35
14840 41
14841 35
14842 50
14843 34
14844 42
14845 42
14846 37
14847 42
14848 35
14849 23
14850 38
14851 INF
14852 31
14853 45
14854 41
14855 34
14856 40
14857 33
14858 33
14859 34
14860 35
14861 41
14862 42
14863 45
14864 43
14865 43
14866 46
14867 44
14868 37
14869 42
14870 31
14871 INF
14872 35
14873 39
14874 40
14875 45
14876 32
14877 36
14878 32
14879 42
14880 41
14881 28
14882 INF
14883 48
14884 21
14885 38
14886 41
14887 35
14888 48
14889 43
14890 40
14891 40
14892 40
14893 43
14894 41
14895 43
14896 33
14897 37
14898 42
14899 42
14900 50
14901 38
14902 45
14903 INF
14904 48
14905 43
14906 INF
14907 34
14908 36
14909 38
14910 25
14911 44
14912 34
14913 47
14914 31
14915 45
14916 55
14917 43
14918 38
14919 31
14920 INF
14921 25
14922 36
14923 33
14924 34
14925 44
14926 37
14927 40
14928 39
14929 32
14930 28
14931 28
14932 49
14933 40
14934 45
14935 30
14936 40
14937 INF
14938 37
14939 44
14940 36
14941 33
14942 30
14943 27
14944 37
14945 INF
14946 51
14947 35
14948 37
14949 39
14950 43
14951 52
14952 39
14953 INF
14954 35
14955 36
14956 45
14957 29
14958 36
14959 32
14960 INF
14961 45
14962 43
14963 INF
14964 35
14965 48
14966 38
14967 46
14968 INF
14969 44
14970 37
14971 33
14972 38
14973 41
14974 31
14975 INF
14976 40
14977 40
14978 44
14979 39
14980 39
14981 29
14982 40
14983 49
14984 33
14985 26
14986 39
14987 35
14988 34
14989 45
14990 INF
14991 41
14992 33
14993 36
14994 47
14995 45
14996 31
14997 35
14998 40
14999 35
15000 47
15001 37
15002 INF
15003 32
15004 40
15005 INF
15006 43
15007 37
15008 INF
15009 35
15010 36
15011 45
15012 25
15013 INF
15014 50
15015 31
15016 38
15017 36
15018 34
15019 27
15020 35
15021 33
15022 INF
15023 37
15024 36
15025 25
15026 36
15027 36
15028 39
15029 INF
15030 42
15031 37
15032 40
15033 33
15034 34
15035 44
15036 45
15037 INF
15038 29
15039 35
15040 41
15041 39
15042 54
15043 40
15044 38
15045 32
15046 44
15047 41
15048 28
15049 27
15050 43
15051 39
15052 INF
15053 40
15054 37
15055 33
15056 42
15057 47
15058 30
15059 49
15060 40
15061 40
15062 43
15063 35
15064 43
15065 33
15066 52
15067 40
15068 41
15069 29
15070 43
15071 40
15072 INF
15073 48
15074 32
15075 40
15076 38
15077 INF
15078 42
15079 INF
15080 37
15081 40
15082 35
15083 INF
15084 27
15085 39
15086 44
15087 40
15088 INF
15089 43
15090 44
15091 43
15092 INF
15093 50
15094 44
15095 35
15096 40
15097 30
15098 40
15099 40
15100 37
15101 35
15102 13
15103 41
15104 40
15105 41
15106 39
15107 41
15108 26
15109 46
15110 52
15111 40
15112 INF
15113 31
15114 43
15115 33
15116 40
15117 34
15118 60
15119 36
15120 31
15121 31
15122 36
15123 42
15124 INF
15125 INF
15126 23
15127 45
15128 39
15129 44
15130 34
15131 21
15132 45
15133 41
15134 43
15135 43
15136 43
15137 32
15138 INF
15139 30
15140 49
15141 43
15142 44
15143 39
15144 40
15145 36
15146 36
15147 58
15148 42
15149 49
15150 43
15151 35
15152 39
15153 52
15154 32
15155 39
15156 39
15157 39
15158 37
15159 INF
15160 38
15161 INF
15162 26
15163 35
15164 INF
15165 37
15166 INF
15167 43
15168 36
15169 40
15170 31
15171 35
15172 INF
15173 41
15174 34
15175 37
15176 41
15177 34
15178 43
15179 42
15180 47
15181 38
15182 39
15183 38
15184 45
15185 INF
15186 33
15187 42
15188 40
15189 38
15190 24
15191 43
15192 30
15193 36
15194 44
15195 41
15196 42
15197 36
15198 38
15199 33
15200 42
15201 45
15202 39
15203 34
15204 46
15205 35
15206 51
15207 25
15208 46
15209 32
15210 44
15211 43
15212 INF
15213 41
15214 36
15215 39
15216 44
15217 43
15218 40
15219 34
15220 38
15221 41
15222 41
15223 INF
15224 41
15225 51
15226 44
15227 42
15228 32
15229 40
15230 40
15231 39
15232 38
15233 40
15234 43
15235 46
15236 49
15237 35
15238 35
15239 47
15240 23
15241 47
15242 39
15243 37
15244 34
15245 38
15246 40
15247 43
15248 40
15249 36
15250 47
15251 42
15252 38
15253 48
15254 34
15255 37
15256 45
15257 26
15258 37
15259 35
15260 34
15261 45
15262 31
15263 39
15264 36
15265 44
15266 35
15267 41
15268 39
15269 48
15270 41
15271 40
15272 44
15273 36
15274 52
15275 41
15276 40
15277 45
15278 44
15279 44
15280 50
15281 48
15282 45
15283 35
15284 41
15285 36
15286 42
15287 45
15288 35
15289 37
15290 46
15291 30
15292 41
15293 28
15294 33
15295 51
15296 40
15297 32
15298 41
15299 43
15300 39
15301 42
15302 26
15303 36
15304 47
15305 52
15306 37
15307 46
15308 33
15309 44
15310 47
15311 37
15312 38
15313 35
15314 INF
15315 38
15316 40
15317 INF
15318 31
15319 INF
15320 38
15321 42
15322 43
15323 39
15324 48
15325 42
15326 46
15327 35
15328 INF
15329 44
15330 39
15331 42
15332 39
15333 37
15334 42
15335 31
15336 43
15337 53
15338 46
15339 39
15340 39
15341 29
15342 37
15343 37
15344 39
15345 23
15346 INF
15347 34
15348 42
15349 44
15350 46
15351 33
15352 39
15353 43
15354 33
15355 38
15356 INF
15357 41
15358 35
15359 48
15360 37
15361 42
15362 36
15363 30
15364 28
15365 INF
15366 40
15367 INF
15368 43
15369 40
15370 42
15371 44
15372 42
15373 46
15374 39
15375 20
15376 46
15377 38
15378 36
15379 41
15380 41
15381 36
15382 INF
15383 47
15384 33
15385 INF
15386 46
15387 35
15388 25
15389 40
15390 25
15391 38
15392 37
15393 43
15394 33
15395 41
15396 48
15397 36
15398 41
15399 38
15400 34
15401 35
15402 22
15403 43
15404 29
15405 40
15406 51
15407 42
15408 39
15409 41
15410 33
15411 39
15412 36
15413 39
15414 38
15415 41
15416 40
15417 38
15418 42
15419 43
15420 42
15421 42
15422 35
15423 41
15424 60
15425 41
15426 42
15427 36
15428 42
15429 41
15430 47
15431 36
15432 40
15433 39
15434 35
15435 25
15436 42
15437 24
15438 36
15439 44
15440 43
15441 39
15442 36
15443 INF
15444 47
15445 46
15446 31
15447 15
15448 38
15449 28
15450 53
15451 49
15452 40
15453 34
15454 42
15455 25
15456 42
15457 29
15458 42
15459 42
15460 45
15461 43
15462 33
15463 32
15464 41
15465 37
15466 45
15467 44
15468 45
15469 38
15470 36
15471 39
15472 41
15473 40
15474 33
15475 42
15476 36
15477 30
15478 48
15479 36
15480 39
15481 INF
15482 41
15483 39
15484 41
15485 40
15486 INF
15487 41
15488 42
15489 44
15490 46
15491 48
15492 41
15493 41
15494 46
15495 33
15496 39
15497 34
15498 30
15499 42
15500 46
15501 36
15502 44
15503 INF
15504 32
15505 31
15506 25
15507 36
15508 36
15509 36
15510 37
15511 41
15512 20
15513 39
15514 38
15515 31
15516 42
15517 43
15518 45
15519 36
15520 38
15521 30
15522 39
15523 35
15524 41
15525 42
15526 31
15527 43
15528 42
15529 48
15530 40
15531 43
15532 50
15533 48
15534 40
15535 46
15536 38
15537 34
15538 20
15539 22
15540 10
15541 38
15542 29
15543 38
15544 28
15545 39
15546 42
15547 37
15548 39
15549 41
15550 40
15551 36
15552 40
15553 41
15554 19
15555 53
15556 37
15557 42
15558 44
15559 35
15560 38
15561 35
15562 36
15563 33
15564 45
15565 39
15566 41
15567 41
15568 43
15569 33
15570 49
15571 INF
15572 43
15573 38
15574 47
15575 44
15576 30
15577 44
15578 38
15579 40
15580 37
15581 40
15582 45
15583 32
15584 28
15585 40
15586 33
15587 40
15588 35
15589 45
15590 34
15591 33
15592 37
15593 45
15594 24
15595 41
15596 34
15597 39
15598 54
15599 39
15600 40
15601 51
15602 34
15603 43
15604 30
15605 31
15606 43
15607 32
15608 37
15609 35
15610 INF
15611 39
15612 24
15613 41
15614 43
15615 35
15616 44
15617 45
15618 37
15619 36
15620 44
15621 37
15622 35
15623 41
15624 41
15625 43
15626 38
15627 38
15628 40
15629 41
15630 39
15631 48
15632 50
15633 40
15634 32
15635 44
15636 44
15637 42
15638 45
15639 33
15640 49
15641 21
15642 40
15643 35
15644 39
15645 40
15646 41
15647 35
15648 49
15649 38
15650 40
15651 38
15652 43
15653 39
15654 41
15655 49
15656 34
15657 36
15658 27
15659 37
15660 52
15661 32
15662 29
15663 36
15664 39
15665 32
15666 45
15667 39
15668 37
15669 35
15670 45
15671 INF
15672 40
15673 33
15674 47
15675 33
15676 40
15677 INF
15678 49
15679 39
15680 36
15681 37
15682 30
15683 44
15684 31
15685 45
15686 42
15687 46
15688 36
15689 26
15690 39
15691 40
15692 40
15693 40
15694 39
15695 37
15696 41
15697 39
15698 30
15699 26
15700 22
15701 34
15702 39
15703 44
15704 38
15705 44
15706 INF
15707 39
15708 38
15709 44
15710 52
15711 45
15712 37
15713 28
15714 INF
15715 40
15716 39
15717 42
15718 44
15719 46
15720 42
15721 42
15722 INF
15723 36
15724 49
15725 40
15726 40
15727 45
15728 39
15729 38
15730 35
15731 39
15732 INF
15733 39
15734 35
15735 40
15736 38
15737 42
15738 40
15739 36
15740 INF
15741 53
15742 39
15743 INF
15744 42
15745 22
15746 45
15747 38
15748 33
15749 46
15750 39
15751 36
15752 42
15753 37
15754 31
15755 44
15756 41
15757 45
15758 33
15759 39
15760 44
15761 40
15762 34
15763 28
15764 35
15765 45
15766 34
15767 42
15768 44
15769 INF
15770 37
15771 30
15772 37
15773 36
15774 40
15775 37
15776 43
15777 29
15778 36
15779 46
15780 43
15781 32
15782 38
15783 44
15784 40
15785 31
15786 INF
15787 46
15788 34
15789 41
15790 38
15791 48
15792 35
15793 32
15794 38
15795 42
15796 28
15797 INF
15798 38
15799 43
15800 34
15801 40
15802 38
15803 41
15804 31
15805 26
15806 42
15807 38
15808 36
15809 32
15810 36
15811 38
15812 37
15813 38
15814 38
15815 33
15816 38
15817 44
15818 42
15819 49
15820 32
15821 42
15822 41
15823 37
15824 35
15825 39
15826 43
15827 41
15828 36
15829 38
15830 34
15831 45
15832 37
15833 41
15834 44
15835 44
15836 38
15837 33
15838 55
15839 52
15840 47
15841 39
15842 41
15843 46
15844 38
15845 35
15846 40
15847 38
15848 39
15849 41
15850 39
15851 42
15852 36
15853 37
15854 41
15855 43
15856 42
15857 44
15858 44
15859 41
15860 INF
15861 38
15862 40
15863 43
15864 35
15865 33
15866 48
15867 28
15868 37
15869 28
15870 52
15871 54
15872 38
15873 38
15874 INF
15875 28
15876 37
15877 45
15878 40
15879 45
15880 36
15881 33
15882 39
15883 36
15884 43
15885 42
15886 35
15887 51
15888 38
15889 33
15890 43
15891 36
15892 41
15893 41
15894 35
15895 41
15896 49
15897 33
15898 44
15899 37
15900 32
15901 42
15902 41
15903 INF
15904 48
15905 36
15906 47
15907 38
15908 41
15909 29
15910 44
15911 48
15912 45
15913 13
15914 44
15915 53
15916 35
15917 40
15918 36
15919 43
15920 38
15921 34
15922 39
15923 39
15924 34
15925 43
15926 46
15927 41
15928 34
15929 38
15930 13
15931 44
15932 35
15933 34
15934 29
15935 40
15936 40
15937 37
15938 40
15939 44
15940 42
15941 38
15942 40
15943 34
15944 31
15945 INF
15946 42
15947 42
15948 31
15949 35
15950 37
15951 29
15952 36
15953 38
15954 INF
15955 39
15956 60
15957 46
15958 37
15959 36
15960 38
15961 43
15962 39
15963 32
15964 48
15965 39
15966 42
15967 INF
15968 34
15969 47
15970 43
15971 36
15972 41
15973 32
15974 41
15975 35
15976 37
15977 31
15978 46
15979 38
15980 42
15981 41
15982 39
15983 43
15984 41
15985 40
15986 38
15987 35
15988 48
15989 34
15990 19
15991 34
15992 39
15993 31
15994 39
15995 32
15996 43
15997 42
15998 41
15999 35
16000 29
16001 45
16002 24
16003 44
16004 39
16005 30
16006 45
16007 40
16008 35
16009 47
16010 35
16011 40
16012 49
16013 34
16014 33
16015 31
16016 41
16017 29
16018 INF
16019 39
16020 32
16021 47
16022 31
16023 38
16024 38
16025 49
16026 42
16027 43
16028 30
16029 49
16030 43
16031 32
16032 48
16033 43
16034 51
16035 35
16036 55
16037 24
16038 37
16039 34
16040 36
16041 41
16042 40
16043 44
16044 45
16045 42
16046 45
16047 37
16048 45
16049 39
16050 37
16051 40
16052 42
16053 35
16054 30
16055 44
16056 37
16057 INF
16058 INF
16059 35
16060 18
16061 40
16062 43
16063 38
16064 43
16065 36
16066 28
16067 46
16068 44
16069 43
16070 30
16071 41
16072 39
16073 45
16074 42
16075 39
16076 38
16077 44
16078 39
16079 47
16080 43
16081 55
16082 34
16083 31
16084 40
16085 47
16086 32
16087 40
16088 37
16089 INF
16090 41
16091 INF
16092 INF
16093 45
16094 36
16095 35
16096 INF
16097 35
16098 35
16099 INF
16100 INF
16101 40
16102 44
16103 35
16104 INF
16105 INF
16106 47
16107 41
16108 37
16109 38
16110 40
16111 44
16112 40
16113 40
16114 41
16115 43
16116 28
16117 42
16118 47
16119 41
16120 38
16121 56
16122 45
16123 43
16124 INF
16125 50
16126 37
16127 39
16128 37
16129 50
16130 47
16131 32
16132 45
16133 33
16134 41
16135 38
16136 47
16137 46
16138 28
16139 INF
16140 37
16141 35
16142 46
16143 56
16144 37
16145 34
16146 36
16147 45
16148 32
16149 51
16150 40
16151 INF
16152 37
16153 49
16154 38
16155 38
16156 42
16157 32
16158 41
16159 34
16160 INF
16161 46
16162 31
16163 37
16164 40
16165 40
16166 41
16167 40
16168 48
16169 27
16170 35
16171 37
16172 33
16173 42
16174 37
16175 35
16176 37
16177 40
16178 35
16179 INF
16180 58
16181 23
16182 37
16183 35
16184 40
16185 40
16186 37
16187 37
16188 29
16189 52
16190 44
16191 48
16192 INF
16193 44
16194 59
16195 44
16196 44
16197 39
16198 41
16199 27
16200 40
16201 48
16202 32
16203 40
16204 43
16205 47
16206 34
16207 43
16208 37
16209 47
16210 33
16211 34
16212 28
16213 27
16214 37
16215 41
16216 46
16217 32
16218 27
16219 27
16220 43
16221 39
16222 41
16223 34
16224 34
16225 43
16226 INF
16227 35
16228 36
16229 38
16230 52
16231 44
16232 38
16233 51
16234 34
16235 14
16236 34
16237 49
16238 41
16239 41
16240 29
16241 44
16242 47
16243 41
16244 35
16245 29
16246 33
16247 34
16248 32
16249 48
16250 37
16251 35
16252 42
16253 29
16254 48
16255 42
16256 38
16257 36
16258 34
16259 27
16260 41
16261 27
16262 23
16263 53
16264 35
16265 26
16266 40
16267 31
16268 44
16269 60
16270 52
16271 49
16272 42
16273 33
16274 40
16275 32
16276 42
16277 31
16278 37
16279 36
16280 39
16281 25
16282 49
16283 36
16284 42
16285 39
16286 39
16287 39
16288 40
16289 44
16290 36
16291 47
16292 40
16293 39
16294 27
16295 35
16296 38
16297 26
16298 INF
16299 36
16300 36
16301 41
16302 33
16303 43
16304 44
16305 38
16306 38
16307 42
16308 43
16309 32
16310 48
16311 43
16312 36
16313 38
16314 41
16315 47
16316 37
16317 36
16318 45
16319 30
16320 37
16321 30
16322 45
16323 34
16324 42
16325 40
16326 INF
16327 29
16328 41
16329 39
16330 43
16331 45
16332 41
16333 41
16334 INF
16335 35
16336 43
16337 INF
16338 44
16339 41
16340 46
16341 41
16342 37
16343 INF
16344 INF
16345 39
16346 31
16347 44
16348 40
16349 38
16350 33
16351 33
16352 46
16353 43
16354 43
16355 35
16356 36
16357 31
16358 34
16359 48
16360 INF
16361 30
16362 33
16363 42
16364 46
16365 36
16366 38
16367 INF
16368 36
16369 41
16370 41
16371 INF
16372 26
16373 38
16374 39
16375 INF
16376 INF
16377 35
16378 43
16379 51
16380 45
16381 35
16382 39
16383 44
16384 32
16385 45
16386 37
16387 46
16388 53
16389 38
16390 INF
16391 42
16392 22
16393 40
16394 45
16395 42
16396 37
16397 33
16398 43
16399 51
16400 38
16401 37
16402 37
16403 43
16404 41
16405 35
16406 51
16407 INF
16408 36
16409 33
16410 39
16411 35
16412 37
16413 33
16414 45
16415 39
16416 32
16417 39
16418 43
16419 36
16420 30
16421 34
16422 35
16423 34
16424 37
16425 44
16426 35
16427 45
16428 49
16429 55
16430 39
16431 49
16432 40
16433 46
16434 33
16435 44
16436 43
16437 39
16438 32
16439 INF
16440 31
16441 46
16442 44
16443 47
16444 41
16445 35
16446 36
16447 40
16448 36
16449 45
16450 36
16451 38
16452 40
16453 42
16454 39
16455 47
16456 25
16457 38
16458 35
16459 33
16460 34
16461 44
16462 38
16463 34
16464 43
16465 33
16466 51
16467 38
16468 40
16469 44
16470 40
16471 37
16472 42
16473 40
16474 43
16475 33
16476 40
16477 39
16478 INF
16479 24
16480 25
16481 38
16482 50
16483 42
16484 27
16485 38
16486 46
16487 41
16488 INF
16489 39
16490 41
16491 37
16492 50
16493 27
16494 52
16495 53
16496 41
16497 34
16498 49
16499 24
16500 43
16501 26
16502 INF
16503 32
16504 37
16505 40
16506 40
16507 38
16508 42
16509 40
16510 42
16511 35
16512 24
16513 42
16514 35
16515 44
16516 47
16517 40
16518 33
16519 37
16520 INF
16521 25
16522 49
16523 34
16524 41
16525 51
16526 30
16527 44
16528 63
16529 52
16530 40
16531 45
16532 45
16533 20
16534 35
16535 INF
16536 36
16537 35
16538 37
16539 44
16540 34
16541 37
16542 38
16543 44
16544 43
16545 41
16546 30
16547 36
16548 44
16549 46
16550 38
16551 INF
16552 35
16553 26
16554 35
16555 41
16556 37
16557 35
16558 36
16559 37
16560 32
16561 36
16562 47
16563 49
16564 43
16565 49
16566 32
16567 33
16568 38
16569 44
16570 39
16571 38
16572 43
16573 40
16574 35
16575 38
16576 38
16577 41
16578 41
16579 42
16580 43
16581 INF
16582 47
16583 34
16584 56
16585 44
16586 INF
16587 40
16588 34
16589 27
16590 32
16591 40
16592 37
16593 29
16594 33
16595 32
16596 36
16597 51
16598 37
16599 42
16600 36
16601 35
16602 35
16603 49
16604 29
16605 INF
16606 46
16607 INF
16608 42
16609 40
16610 37
16611 28
16612 30
16613 34
16614 39
16615 40
16616 44
16617 35
16618 42
16619 23
16620 42
16621 36
16622 42
16623 39
16624 30
16625 36
16626 48
16627 36
16628 40
16629 41
16630 42
16631 46
16632 47
16633 43
16634 42
16635 37
16636 45
16637 34
16638 21
16639 48
16640 45
16641 33
16642 28
16643 42
16644 36
16645 41
16646 35
16647 41
16648 50
16649 36
16650 23
16651 33
16652 38
16653 32
16654 44
16655 41
16656 36
16657 38
16658 40
16659 40
16660 41
16661 43
16662 47
16663 41
16664 25
16665 44
16666 INF
16667 44
16668 39
16669 39
16670 18
16671 34
16672 43
16673 43
16674 37
16675 38
16676 56
16677 43
16678 37
16679 37
16680 45
16681 41
16682 40
16683 45
16684 39
16685 46
16686 36
16687 39
16688 39
16689 38
16690 30
16691 45
16692 38
16693 36
16694 34
16695 45
16696 50
16697 35
16698 33
16699 37
16700 38
16701 32
16702 42
16703 38
16704 37
16705 32
16706 37
16707 49
16708 41
16709 41
16710 38
16711 40
16712 INF
16713 33
16714 37
16715 36
16716 40
16717 38
16718 41
16719 43
16720 41
16721 44
16722 INF
16723 34
16724 33
16725 47
16726 39
16727 42
16728 34
16729 46
16730 34
16731 28
16732 48
16733 43
16734 41
16735 40
16736 INF
16737 39
16738 48
16739 31
16740 42
16741 41
16742 INF
16743 48
16744 46
16745 35
16746 45
16747 43
16748 41
16749 30
16750 41
16751 38
16752 49
16753 31
16754 43
16755 44
16756 37
16757 46
16758 34
16759 43
16760 43
16761 20
16762 40
16763 37
16764 39
16765 36
16766 38
16767 46
16768 40
16769 30
16770 42
16771 43
16772 48
16773 39
16774 35
16775 40
16776 43
16777 30
16778 35
16779 37
16780 36
16781 48
16782 44
16783 42
16784 INF
16785 44
16786 43
16787 46
16788 40
16789 44
16790 48
16791 47
16792 32
16793 37
16794 31
16795 INF
16796 36
16797 51
16798 41
16799 INF
16800 42
16801 33
16802 39
16803 40
16804 31
16805 38
16806 34
16807 41
16808 50
16809 38
16810 42
16811 44
16812 34
16813 42
16814 35
16815 44
16816 44
16817 50
16818 42
16819 38
16820 35
16821 46
16822 55
16823 48
16824 46
16825 45
16826 41
16827 37
16828 33
16829 32
16830 32
16831 29
16832 18
16833 29
16834 34
16835 36
16836 43
16837 48
16838 43
16839 39
16840 38
16841 49
16842 39
16843 42
16844 INF
16845 36
16846 44
16847 36
16848 35
16849 38
16850 49
16851 40
16852 39
16853 45
16854 46
16855 41
16856 40
16857 44
16858 43
16859 42
16860 42
16861 36
16862 39
16863 40
16864 42
16865 46
16866 42
16867 37
16868 35
16869 47
16870 39
16871 INF
16872 41
16873 37
16874 50
16875 45
16876 44
16877 42
16878 34
16879 41
16880 32
16881 41
16882 38
16883 36
16884 20
16885 38
16886 43
16887 28
16888 INF
16889 37
16890 28
16891 34
16892 28
16893 34
16894 INF
16895 39
16896 40
16897 38
16898 44
16899 39
16900 35
16901 36
16902 32
16903 48
16904 38
16905 34
16906 52
16907 60
16908 31
16909 27
16910 INF
16911 41
16912 33
16913 31
16914 41
16915 40
16916 31
16917 42
16918 51
16919 34
16920 30
16921 40
16922 42
16923 43
16924 INF
16925 37
16926 32
16927 34
16928 INF
16929 41
16930 42
16931 30
16932 INF
16933 39
16934 41
16935 45
16936 39
16937 42
16938 43
16939 37
16940 43
16941 35
16942 41
16943 26
16944 36
16945 43
16946 29
16947 24
16948 44
16949 43
16950 32
16951 34
16952 37
16953 33
16954 24
16955 33
16956 33
16957 37
16958 INF
16959 37
16960 39
16961 40
16962 36
16963 33
16964 42
16965 45
16966 37
16967 37
16968 37
16969 46
16970 36
16971 45
16972 22
16973 40
16974 47
16975 38
16976 36
16977 16
16978 56
16979 36
16980 36
16981 35
16982 36
16983 38
16984 41
16985 48
16986 45
16987 46
16988 45
16989 29
16990 41
16991 35
16992 37
16993 INF
16994 34
16995 43
16996 INF
16997 42
16998 37
16999 INF
17000 44
17001 37
17002 37
17003 38
17004 30
17005 37
17006 INF
17007 33
17008 36
17009 36
17010 38
17011 40
17012 41
17013 48
17014 43
17015 47
17016 45
17017 48
17018 41
17019 39
17020 34
17021 32
17022 33
17023 53
17024 INF
17025 34
17026 39
17027 39
17028 37
17029 42
17030 41
17031 43
17032 41
17033 41
17034 39
17035 48
17036 33
17037 38
17038 33
17039 40
17040 46
17041 49
17042 47
17043 39
17044 37
17045 39
17046 34
17047 41
17048 33
17049 49
17050 INF
17051 37
17052 42
17053 36
17054 INF
17055 33
17056 39
17057 37
17058 39
17059 37
17060 43
17061 41
17062 35
17063 30
17064 25
17065 44
17066 42
17067 30
17068 39
17069 INF
17070 43
17071 32
17072 33
17073 47
17074 42
17075 39
17076 42
17077 28
17078 50
17079 42
17080 51
17081 43
17082 41
17083 35
17084 47
17085 19
17086 38
17087 INF
17088 46
17089 45
17090 32
17091 43
17092 22
17093 29
17094 35
17095 38
17096 36
17097 34
17098 38
17099 46
17100 INF
17101 51
17102 42
17103 27
17104 45
17105 48
17106 38
17107 35
17108 34
17109 34
17110 45
17111 40
17112 42
17113 35
17114 30
17115 32
17116 47
17117 27
17118 45
17119 43
17120 36
17121 43
17122 35
17123 45
17124 36
17125 38
17126 40
17127 38
17128 33
17129 INF
17130 39
17131 39
17132 44
17133 43
17134 38
17135 37
17136 46
17137 29
17138 39
17139 44
17140 33
17141 28
17142 40
17143 28
17144 36
17145 29
17146 INF
17147 44
17148 44
17149 35
17150 38
17151 44
17152 37
17153 41
17154 36
17155 32
17156 INF
17157 41
17158 37
17159 51
17160 35
17161 35
17162 39
17163 46
17164 32
17165 37
17166 27
17167 37
17168 39
17169 44
17170 INF
17171 INF
17172 40
17173 35
17174 35
17175 35
17176 40
17177 38
17178 48
17179 48
17180 28
17181 44
17182 45
17183 57
17184 38
17185 40
17186 48
17187 40
17188 42
17189 39
17190 35
17191 33
17192 37
17193 40
17194 69
17195 40
17196 40
17197 42
17198 44
17199 41
17200 32
17201 INF
17202 38
17203 41
17204 31
17205 38
17206 34
17207 40
17208 42
17209 43
17210 38
17211 43
17212 35
17213 41
17214 39
17215 37
17216 41
17217 39
17218 41
17219 41
17220 44
17221 INF
17222 40
17223 40
17224 INF
17225 33
17226 INF
17227 35
17228 42
17229 40
17230 51
17231 40
17232 56
17233 41
17234 28
17235 36
17236 29
17237 38
17238 39
17239 37
17240 34
17241 30
17242 45
17243 38
17244 29
17245 41
17246 45
17247 34
17248 44
17249 35
17250 48
17251 27
17252 43
17253 38
17254 46
17255 51
17256 37
17257 30
17258 21
17259 45
17260 39
17261 44
17262 39
17263 31
17264 18
17265 43
17266 36
17267 37
17268 45
17269 38
17270 INF
17271 28
17272 40
17273 36
17274 27
17275 32
17276 40
17277 30
17278 35
17279 41
17280 37
17281 INF
17282 52
17283 35
17284 39
17285 21
17286 35
17287 23
17288 49
17289 32
17290 INF
17291 46
17292 41
17293 INF
17294 44
17295 INF
17296 46
17297 36
17298 44
17299 35
17300 42
17301 64
17302 42
17303 35
17304 17
17305 39
17306 40
17307 19
17308 40
17309 44
17310 39
17311 46
17312 45
17313 41
17314 INF
17315 44
17316 36
17317 45
17318 42
17319 36
17320 45
17321 39
17322 37
17323 44
17324 35
17325 37
17326 39
17327 44
17328 33
17329 36
17330 42
17331 42
17332 39
17333 55
17334 39
17335 INF
17336 34
17337 48
17338 INF
17339 38
17340 38
17341 22
17342 42
17343 46
17344 41
17345 26
17346 36
17347 44
17348 INF
17349 47
17350 40
17351 49
17352 47
17353 57
17354 43
17355 51
17356 47
17357 30
17358 46
17359 48
17360 43
17361 47
17362 40
17363 49
17364 46
17365 37
17366 39
17367 34
17368 40
17369 43
17370 38
17371 42
17372 42
17373 39
17374 34
17375 44
17376 46
17377 33
17378 42
17379 36
17380 INF
17381 43
17382 38
17383 33
17384 43
17385 28
17386 32
17387 41
17388 44
17389 28
17390 37
17391 49
17392 33
17393 INF
17394 40
17395 45
17396 30
17397 42
17398 43
17399 38
17400 40
17401 39
17402 31
17403 35
17404 35
17405 47
17406 32
17407 39
17408 55
17409 40
17410 44
17411 46
17412 40
17413 INF
17414 31
17415 33
17416 42
17417 47
17418 42
17419 15
17420 26
17421 44
17422 45
17423 49
17424 36
17425 37
17426 44
17427 38
17428 42
17429 32
17430 46
17431 35
17432 50
17433 44
17434 43
17435 43
17436 33
17437 39
17438 40
17439 42
17440 44
17441 38
17442 31
17443 36
17444 36
17445 41
17446 38
17447 INF
17448 40
17449 37
17450 29
17451 44
17452 45
17453 INF
17454 INF
17455 41
17456 43
17457 41
17458 INF
17459 47
17460 30
17461 INF
17462 42
17463 43
17464 46
17465 27
17466 25
17467 40
17468 INF
17469 36
17470 35
17471 47
17472 INF
17473 32
17474 35
17475 INF
17476 37
17477 42
17478 34
17479 46
17480 42
17481 41
17482 41
17483 34
17484 18
17485 27
17486 34
17487 46
17488 INF
17489 42
17490 31
17491 37
17492 43
17493 39
17494 37
17495 47
17496 28
17497 39
17498 38
17499 40
17500 40
17501 40
17502 INF
17503 39
17504 41
17505 33
17506 36
17507 31
17508 40
17509 INF
17510 42
17511 36
17512 40
17513 36
17514 32
17515 48
17516 41
17517 49
17518 34
17519 30
17520 42
17521 40
17522 INF
17523 35
17524 39
17525 43
17526 29
17527 39
17528 35
17529 42
17530 INF
17531 35
17532 37
17533 36
17534 42
17535 37
17536 42
17537 25
17538 40
17539 42
17540 38
17541 54
17542 33
17543 37
17544 35
17545 49
17546 24
17547 40
17548 45
17549 48
17550 37
17551 47
17552 40
17553 40
17554 52
17555 50
17556 36
17557 39
17558 36
17559 INF
17560 41
17561 53
17562 INF
17563 47
17564 INF
17565 INF
17566 37
17567 47
17568 36
17569 43
17570 36
17571 INF
17572 38
17573 40
17574 25
17575 40
17576 INF
17577 49
17578 33
17579 39
17580 26
17581 39
17582 42
17583 44
17584 47
17585 29
17586 36
17587 37
17588 38
17589 32
17590 INF
17591 26
17592 38
17593 45
17594 33
17595 41
17596 26
17597 INF
17598 33
17599 38
17600 31
17601 42
17602 43
17603 39
17604 44
17605 26
17606 35
17607 50
17608 40
17609 39
17610 39
17611 35
17612 37
17613 20
17614 39
17615 47
17616 44
17617 46
17618 44
17619 26
17620 37
17621 32
17622 44
17623 40
17624 38
17625 43
17626 22
17627 37
17628 37
17629 38
17630 35
17631 42
17632 INF
17633 26
17634 38
17635 33
17636 23
17637 36
17638 45
17639 38
17640 37
17641 46
17642 33
17643 39
17644 38
17645 39
17646 41
17647 45
17648 39
17649 42
17650 45
17651 35
17652 40
17653 42
17654 43
17655 47
17656 41
17657 24
17658 23
17659 15
17660 34
17661 40
17662 45
17663 30
17664 35
17665 INF
17666 30
17667 45
17668 32
17669 49
17670 46
17671 41
17672 47
17673 32
17674 63
17675 43
17676 40
17677 41
17678 34
17679 31
17680 45
17681 39
17682 INF
17683 43
17684 35
17685 54
17686 32
17687 39
17688 30
17689 41
17690 38
17691 43
17692 33
17693 41
17694 44
17695 42
17696 43
17697 42
17698 35
17699 37
17700 37
17701 37
17702 41
17703 32
17704 INF
17705 INF
17706 40
17707 37
17708 36
17709 35
17710 INF
17711 45
17712 39
17713 43
17714 41
17715 28
17716 42
17717 21
17718 38
17719 INF
17720 48
17721 43
17722 38
17723 49
17724 36
17725 46
17726 41
17727 30
17728 37
17729 49
17730 INF
17731 INF
17732 51
17733 33
17734 43
17735 42
17736 30
17737 36
17738 38
17739 40
17740 25
17741 40
17742 27
17743 39
17744 40
17745 38
17746 37
17747 44
17748 41
17749 41
17750 42
17751 39
17752 42
17753 42
17754 31
17755 40
17756 34
17757 39
17758 40
17759 36
17760 41
17761 45
17762 46
17763 31
17764 37
17765 41
17766 44
17767 41
17768 12
17769 49
17770 INF
17771 INF
17772 35
17773 30
17774 34
17775 36
17776 44
17777 35
17778 37
17779 31
17780 35
17781 43
17782 36
17783 53
17784 36
17785 43
17786 31
17787 32
17788 43
17789 36
17790 32
17791 39
17792 30
17793 32
17794 42
17795 43
17796 35
17797 39
17798 47
17799 29
17800 33
17801 23
17802 47
17803 45
17804 37
17805 37
17806 41
17807 40
17808 50
17809 47
17810 44
17811 38
17812 44
17813 56
17814 35
17815 42
17816 39
17817 53
17818 44
17819 26
17820 30
17821 37
17822 37
17823 INF
17824 34
17825 37
17826 41
17827 56
17828 40
17829 49
17830 44
17831 44
17832 INF
17833 42
17834 44
17835 42
17836 37
17837 34
17838 43
17839 47
17840 45
17841 36
17842 33
17843 44
17844 INF
17845 40
17846 40
17847 37
17848 41
17849 31
17850 40
17851 40
17852 INF
17853 34
17854 INF
17855 38
17856 34
17857 39
17858 46
17859 33
17860 29
17861 43
17862 37
17863 43
17864 43
17865 40
17866 38
17867 54
17868 33
17869 40
17870 37
17871 46
17872 31
17873 INF
17874 32
17875 49
17876 38
17877 33
17878 27
17879 41
17880 INF
17881 42
17882 30
17883 31
17884 38
17885 51
17886 37
17887 33
17888 34
17889 31
17890 39
17891 29
17892 INF
17893 45
17894 33
17895 39
17896 46
17897 42
17898 36
17899 33
17900 31
17901 39
17902 40
17903 INF
17904 INF
17905 38
17906 43
17907 35
17908 41
17909 43
17910 34
17911 34
17912 45
17913 31
17914 32
17915 33
17916 30
17917 48
17918 32
17919 INF
17920 39
17921 37
17922 41
17923 37
17924 31
17925 39
17926 35
17927 37
17928 39
17929 48
17930 39
17931 42
17932 41
17933 32
17934 41
17935 33
17936 34
17937 33
17938 39
17939 52
17940 31
17941 35
17942 41
17943 41
17944 21
17945 41
17946 33
17947 35
17948 32
17949 47
17950 37
17951 46
17952 INF
17953 23
17954 43
17955 38
17956 35
17957 27
17958 37
17959 39
17960 38
17961 36
17962 41
17963 46
17964 41
17965 45
17966 39
17967 47
17968 INF
17969 43
17970 43
17971 36
17972 41
17973 38
17974 35
17975 40
17976 42
17977 33
17978 INF
17979 32
17980 40
17981 29
17982 35
17983 38
17984 32
17985 35
17986 INF
17987 38
17988 38
17989 37
17990 39
17991 44
17992 34
17993 28
17994 45
17995 37
17996 44
17997 39
17998 42
17999 42
18000 34
18001 29
18002 41
18003 INF
18004 34
18005 43
18006 39
18007 42
18008 INF
18009 41
18010 36
18011 41
18012 36
18013 41
18014 37
18015 33
18016 33
18017 47
18018 38
18019 37
18020 INF
18021 37
18022 INF
18023 39
18024 41
18025 44
18026 50
18027 67
18028 40
18029 40
18030 40
18031 43
18032 37
18033 INF
18034 INF
18035 47
18036 39
18037 50
18038 44
18039 34
18040 45
18041 42
18042 42
18043 42
18044 36
18045 31
18046 31
18047 48
18048 39
18049 35
18050 34
18051 42
18052 54
18053 51
18054 34
18055 19
18056 42
18057 34
18058 35
18059 INF
18060 43
18061 43
18062 49
18063 35
18064 33
18065 39
18066 40
18067 44
18068 41
18069 39
18070 52
18071 41
18072 43
18073 31
18074 46
18075 35
18076 39
18077 34
18078 34
18079 40
18080 43
18081 43
18082 37
18083 36
18084 35
18085 53
18086 36
18087 42
18088 42
18089 36
18090 INF
18091 50
18092 40
18093 46
18094 41
18095 38
18096 INF
18097 28
18098 36
18099 40
18100 47
18101 37
18102 39
18103 43
18104 40
18105 42
18106 40
18107 29
18108 48
18109 33
18110 40
18111 INF
18112 37
18113 34
18114 38
18115 42
18116 39
18117 36
18118 44
18119 32
18120 35
18121 38
18122 33
18123 46
18124 48
18125 37
18126 37
18127 29
18128 49
18129 46
18130 36
18131 41
18132 INF
18133 41
18134 43
18135 31
18136 44
18137 43
18138 43
18139 41
18140 43
18141 50
18142 41
18143 35
18144 51
18145 39
18146 34
18147 48
18148 26
18149 41
18150 48
18151 40
18152 45
18153 INF
18154 44
18155 34
18156 25
18157 38
18158 34
18159 26
18160 INF
18161 37
18162 27
18163 40
18164 37
18165 30
18166 38
18167 INF
18168 44
18169 37
18170 INF
18171 33
18172 39
18173 41
18174 35
18175 44
18176 30
18177 40
18178 49
18179 39
18180 34
18181 34
18182 35
18183 43
18184 39
18185 37
18186 35
18187 47
18188 36
18189 40
18190 INF
18191 41
18192 43
18193 44
18194 35
18195 33
18196 55
18197 52
18198 31
18199 45
18200 51
18201 41
18202 39
18203 36
18204 INF
18205 31
18206 28
18207 42
18208 40
18209 35
18210 42
18211 33
18212 37
18213 33
18214 44
18215 36
18216 24
18217 40
18218 41
18219 41
18220 36
18221 35
18222 28
18223 37
18224 35
18225 41
18226 34
18227 37
18228 41
18229 47
18230 INF
18231 27
18232 38
18233 39
18234 INF
18235 43
18236 32
18237 39
18238 30
18239 33
18240 38
18241 37
18242 43
18243 32
18244 40
18245 26
18246 38
18247 31
18248 31
18249 28
18250 32
18251 36
18252 26
18253 38
18254 42
18255 46
18256 44
18257 38
18258 39
18259 27
18260 41
18261 19
18262 39
18263 41
18264 44
18265 40
18266 41
18267 43
18268 40
18269 26
18270 39
18271 41
18272 35
18273 33
18274 47
18275 34
18276 INF
18277 39
18278 36
18279 42
18280 35
18281 INF
18282 50
18283 47
18284 39
18285 37
18286 43
18287 38
18288 42
18289 24
18290 50
18291 37
18292 45
18293 41
18294 20
18295 41
18296 35
18297 45
18298 45
18299 42
18300 33
18301 40
18302 44
18303 45
18304 34
18305 44
18306 45
18307 45
18308 45
18309 INF
18310 32
18311 INF
18312 37
18313 38
18314 42
18315 34
18316 33
18317 42
18318 37
18319 40
18320 32
18321 36
18322 46
18323 44
18324 INF
18325 37
18326 47
18327 40
18328 34
18329 38
18330 36
18331 39
18332 INF
18333 39
18334 INF
18335 INF
18336 45
18337 40
18338 29
18339 33
18340 36
18341 38
18342 INF
18343 35
18344 36
18345 38
18346 39
18347 41
18348 46
18349 34
18350 39
18351 47
18352 37
18353 40
18354 45
18355 40
18356 37
18357 INF
18358 41
18359 22
18360 INF
18361 37
18362 51
18363 37
18364 38
18365 33
18366 38
18367 30
18368 37
18369 46
18370 35
18371 55
18372 40
18373 35
18374 19
18375 51
18376 40
18377 45
18378 43
18379 49
18380 43
18381 34
18382 INF
18383 43
18384 31
18385 39
18386 INF
18387 34
18388 48
18389 INF
18390 36
18391 34
18392 20
18393 42
18394 39
18395 43
18396 42
18397 36
18398 29
18399 41
18400 51
18401 34
18402 46
18403 36
18404 28
18405 50
18406 37
18407 33
18408 28
18409 40
18410 42
18411 45
18412 52
18413 46
18414 41
18415 33
18416 41
18417 32
18418 44
18419 37
18420 48
18421 42
18422 34
18423 42
18424 40
18425 47
18426 63
18427 40
18428 29
18429 36
18430 INF
18431 38
18432 39
18433 31
18434 39
18435 40
18436 38
18437 43
18438 34
18439 42
18440 INF
18441 37
18442 31
18443 36
18444 42
18445 INF
18446 40
18447 52
18448 53
18449 37
18450 34
18451 33
18452 37
18453 34
18454 37
18455 25
18456 38
18457 35
18458 38
18459 43
18460 36
18461 47
18462 INF
18463 38
18464 43
18465 43
18466 18
18467 INF
18468 39
18469 31
18470 41
18471 38
18472 43
18473 30
18474 40
18475 INF
18476 26
18477 32
18478 30
18479 43
18480 47
18481 40
18482 40
18483 45
18484 54
18485 43
18486 38
18487 42
18488 38
18489 51
18490 51
18491 30
18492 35
18493 46
18494 34
18495 41
18496 43
18497 48
18498 45
18499 30
18500 INF
18501 55
18502 43
18503 39
18504 37
18505 28
18506 48
18507 34
18508 45
18509 23
18510 INF
18511 41
18512 34
18513 35
18514 42
18515 41
18516 36
18517 36
18518 40
18519 41
18520 43
18521 INF
18522 33
18523 44
18524 30
18525 37
18526 36
18527 35
18528 28
18529 INF
18530 39
18531 INF
18532 40
18533 INF
18534 37
18535 48
18536 45
18537 35
18538 38
18539 48
18540 39
18541 46
18542 42
18543 INF
18544 36
18545 35
18546 23
18547 43
18548 36
18549 29
18550 44
18551 37
18552 26
18553 44
18554 45
18555 42
18556 41
18557 43
18558 41
18559 40
18560 25
18561 35
18562 35
18563 51
18564 47
18565 42
18566 36
18567 36
18568 43
18569 50
18570 45
18571 INF
18572 38
18573 37
18574 34
18575 35
18576 23
18577 42
18578 52
18579 42
18580 44
18581 38
18582 37
18583 45
18584 40
18585 INF
18586 27
18587 32
18588 46
18589 39
18590 55
18591 37
18592 INF
18593 31
18594 29
18595 44
18596 40
18597 39
18598 32
18599 41
18600 INF
18601 36
18602 40
18603 38
18604 52
18605 50
18606 31
18607 30
18608 42
18609 32
18610 44
18611 30
18612 INF
18613 50
18614 38
18615 46
18616 38
18617 30
18618 39
18619 31
18620 51
18621 42
18622 39
18623 35
18624 40
18625 42
18626 46
18627 41
18628 39
18629 39
18630 40
18631 33
18632 41
18633 32
18634 25
18635 46
18636 42
18637 36
18638 41
18639 43
18640 35
18641 42
18642 50
18643 35
18644 45
18645 36
18646 34
18647 37
18648 32
18649 40
18650 42
18651 40
18652 INF
18653 40
18654 34
18655 46
18656 31
18657 43
18658 36
18659 46
18660 40
18661 41
18662 44
18663 49
18664 39
18665 46
18666 41
18667 31
18668 32
18669 31
18670 25
18671 41
18672 35
18673 44
18674 49
18675 43
18676 38
18677 43
18678 39
18679 31
18680 41
18681 35
18682 44
18683 21
18684 38
18685 36
18686 31
18687 42
18688 33
18689 INF
18690 45
18691 33
18692 52
18693 41
18694 35
18695 37
18696 24
18697 44
18698 INF
18699 42
18700 45
18701 41
18702 38
18703 42
18704 39
18705 33
18706 53
18707 49
18708 49
18709 INF
18710 38
18711 39
18712 41
18713 39
18714 40
18715 41
18716 INF
18717 37
18718 35
18719 34
18720 36
18721 36
18722 44
18723 26
18724 38
18725 43
18726 42
18727 65
18728 32
18729 39
18730 32
18731 39
18732 35
18733 41
18734 31
18735 50
18736 34
18737 45
18738 43
18739 50
18740 37
18741 49
18742 36
18743 35
18744 24
18745 28
18746 40
18747 INF
18748 36
18749 38
18750 41
18751 42
18752 34
18753 35
18754 32
18755 36
18756 35
18757 41
18758 16
18759 40
18760 40
18761 41
18762 55
18763 34
18764 36
18765 46
18766 33
18767 38
18768 43
18769 39
18770 50
18771 41
18772 32
18773 41
18774 37
18775 38
18776 41
18777 44
18778 34
18779 39
18780 34
18781 46
18782 INF
18783 38
18784 38
18785 35
18786 39
18787 39
18788 34
18789 42
18790 50
18791 40
18792 35
18793 37
18794 43
18795 40
18796 INF
18797 45
18798 58
18799 31
18800 36
18801 33
18802 42
18803 23
18804 38
18805 50
18806 42
18807 21
18808 40
18809 38
18810 39
18811 40
18812 45
18813 34
18814 33
18815 44
18816 31
18817 32
18818 45
18819 35
18820 40
18821 47
18822 40
18823 38
18824 38
18825 40
18826 30
18827 38
18828 41
18829 48
18830 35
18831 39
18832 38
18833 37
18834 38
18835 40
18836 27
18837 32
18838 37
18839 36
18840 35
18841 31
18842 43
18843 37
18844 36
18845 44
18846 33
18847 INF
18848 42
18849 27
18850 33
18851 43
18852 INF
18853 35
18854 42
18855 37
18856 32
18857 37
18858 INF
18859 31
18860 32
18861 32
18862 39
18863 35
18864 39
18865 34
18866 45
18867 38
18868 38
18869 INF
18870 48
18871 40
18872 38
18873 44
18874 51
18875 30
18876 44
18877 47
18878 39
18879 26
18880 45
18881 53
18882 37
18883 39
18884 27
18885 38
18886 41
18887 37
18888 49
18889 32
18890 26
18891 38
18892 41
18893 33
18894 46
18895 37
18896 37
18897 44
18898 45
18899 32
18900 45
18901 44
18902 27
18903 INF
18904 27
18905 45
18906 34
18907 47
18908 43
18909 38
18910 31
18911 27
18912 29
18913 38
18914 40
18915 33
18916 33
18917 31
18918 46
18919 40
18920 52
18921 32
18922 32
18923 39
18924 42
18925 INF
18926 INF
18927 52
18928 43
18929 47
18930 37
18931 35
18932 43
18933 41
18934 47
18935 24
18936 39
18937 40
18938 33
18939 32
18940 37
18941 42
18942 41
18943 33
18944 46
18945 41
18946 38
18947 38
18948 45
18949 35
18950 41
18951 43
18952 INF
18953 39
18954 31
18955 27
18956 32
18957 50
18958 41
18959 42
18960 38
18961 45
18962 44
18963 38
18964 38
18965 47
18966 40
18967 42
18968 36
18969 32
18970 41
18971 33
18972 39
18973 41
18974 45
18975 22
18976 43
18977 INF
18978 37
18979 43
18980 36
18981 INF
18982 37
18983 39
18984 46
18985 41
18986 40
18987 INF
18988 35
18989 38
18990 36
18991 33
18992 44
18993 32
18994 45
18995 40
18996 27
18997 30
18998 29
18999 33
19000 43
19001 37
19002 41
19003 42
19004 38
19005 36
19006 38
19007 42
19008 30
19009 40
19010 44
19011 43
19012 38
19013 42
19014 40
19015 24
19016 33
19017 39
19018 41
19019 31
19020 41
19021 36
19022 41
19023 38
19024 49
19025 41
19026 27
19027 44
19028 37
19029 28
19030 43
19031 43
19032 38
19033 55
19034 36
19035 34
19036 34
19037 35
19038 40
19039 31
19040 43
19041 32
19042 39
19043 38
19044 43
19045 38
19046 32
19047 40
19048 32
19049 40
19050 35
19051 47
19052 35
19053 35
19054 41
19055 43
19056 36
19057 33
19058 51
19059 42
19060 40
19061 33
19062 36
19063 40
19064 38
19065 33
19066 30
19067 50
19068 37
19069 26
19070 34
19071 44
19072 36
19073 35
19074 30
19075 35
19076 41
19077 41
19078 21
19079 41
19080 27
19081 41
19082 32
19083 45
19084 37
19085 34
19086 42
19087 33
19088 34
19089 43
19090 37
19091 39
19092 36
19093 38
19094 41
19095 45
19096 30
19097 44
19098 25
19099 40
19100 30
19101 38
19102 35
19103 32
19104 48
19105 42
19106 39
19107 41
19108 39
19109 43
19110 33
19111 44
19112 30
19113 34
19114 40
19115 32
19116 INF
19117 43
19118 33
19119 46
19120 44
19121 37
19122 29
19123 31
19124 38
19125 40
19126 32
19127 36
19128 35
19129 42
19130 37
19131 37
19132 36
19133 44
19134 30
19135 36
19136 37
19137 35
19138 50
19139 38
19140 50
19141 44
19142 33
19143 38
19144 39
19145 41
19146 38
19147 34
19148 45
19149 45
19150 41
19151 36
19152 46
19153 INF
19154 INF
19155 27
19156 37
19157 37
19158 46
19159 41
19160 39
19161 33
19162 39
19163 39
19164 40
19165 49
19166 35
19167 32
19168 43
19169 42
19170 37
19171 27
19172 40
19173 28
19174 37
19175 44
19176 38
19177 40
19178 37
19179 32
19180 40
19181 32
19182 33
19183 34
19184 33
19185 38
19186 INF
19187 45
19188 40
19189 39
19190 37
19191 42
19192 45
19193 40
19194 41
19195 41
19196 41
19197 41
19198 44
19199 40
19200 45
19201 39
19202 INF
19203 INF
19204 42
19205 44
19206 42
19207 33
19208 44
19209 38
19210 38
19211 36
19212 24
19213 46
19214 38
19215 38
19216 23
19217 39
19218 45
19219 40
19220 41
19221 42
19222 46
19223 45
19224 41
19225 43
19226 INF
19227 36
19228 32
19229 44
19230 38
19231 34
19232 34
19233 41
19234 32
19235 INF
19236 35
19237 42
19238 47
19239 62
19240 47
19241 34
19242 36
19243 40
19244 40
19245 29
19246 41
19247 38
19248 56
19249 43
19250 53
19251 INF
19252 42
19253 41
19254 34
19255 46
19256 32
19257 50
19258 35
19259 40
19260 50
19261 33
19262 37
19263 INF
19264 INF
19265 44
19266 43
19267 19
19268 33
19269 35
19270 43
19271 41
19272 39
19273 38
19274 33
19275 33
19276 39
19277 41
19278 38
19279 39
19280 30
19281 40
19282 40
19283 39
19284 41
19285 34
19286 44
19287 36
19288 44
19289 INF
19290 42
19291 36
19292 38
19293 37
19294 38
19295 35
19296 38
19297 30
19298 35
19299 38
19300 34
19301 34
19302 41
19303 44
19304 INF
19305 20
19306 41
19307 50
19308 42
19309 31
19310 38
19311 31
19312 36
19313 41
19314 INF
19315 28
19316 42
19317 44
19318 44
19319 34
19320 37
19321 39
19322 34
19323 28
19324 43
19325 41
19326 35
19327 41
19328 44
19329 36
19330 41
19331 31
19332 INF
19333 33
19334 38
19335 30
19336 41
19337 37
19338 40
19339 29
19340 41
19341 41
19342 40
19343 33
19344 INF
19345 37
19346 41
19347 31
19348 51
19349 45
19350 35
19351 28
19352 39
19353 31
19354 38
19355 43
19356 45
19357 INF
19358 38
19359 31
19360 42
19361 35
19362 38
19363 31
19364 INF
19365 46
19366 31
19367 37
19368 32
19369 32
19370 40
19371 38
19372 53
19373 INF
19374 39
19375 44
19376 INF
19377 43
19378 40
19379 INF
19380 36
19381 INF
19382 42
19383 37
19384 43
19385 37
19386 35
19387 35
19388 30
19389 34
19390 36
19391 49
19392 37
19393 42
19394 32
19395 44
19396 47
19397 44
19398 45
19399 41
19400 39
19401 41
19402 36
19403 34
19404 43
19405 37
19406 35
19407 INF
19408 38
19409 42
19410 INF
19411 37
19412 43
19413 39
19414 29
19415 40
19416 38
19417 40
19418 35
19419 40
19420 35
19421 42
19422 INF
19423 29
19424 33
19425 47
19426 35
19427 45
19428 42
19429 39
19430 43
19431 38
19432 INF
19433 26
19434 33
19435 39
19436 34
19437 37
19438 33
19439 52
19440 45
19441 35
19442 30
19443 41
19444 42
19445 29
19446 32
19447 36
19448 42
19449 39
19450 41
19451 40
19452 INF
19453 37
19454 38
19455 41
19456 34
19457 34
19458 38
19459 42
19460 37
19461 42
19462 36
19463 31
19464 47
19465 39
19466 41
19467 45
19468 41
19469 43
19470 29
19471 47
19472 41
19473 39
19474 23
19475 37
19476 46
19477 37
19478 46
19479 INF
19480 44
19481 39
19482 40
19483 44
19484 29
19485 INF
19486 INF
19487 35
19488 36
19489 44
19490 38
19491 55
19492 37
19493 33
19494 32
19495 39
19496 42
19497 INF
19498 39
19499 35
19500 50
19501 38
19502 32
19503 39
19504 60
19505 35
19506 36
19507 34
19508 44
19509 39
19510 INF
19511 46
19512 35
19513 44
19514 50
19515 48
19516 46
19517 33
19518 34
19519 36
19520 36
19521 INF
19522 38
19523 40
19524 51
19525 45
19526 37
19527 47
19528 INF
19529 35
19530 42
19531 39
19532 40
19533 21
19534 40
19535 27
19536 46
19537 39
19538 37
19539 37
19540 39
19541 45
19542 27
19543 42
19544 33
19545 49
19546 37
19547 35
19548 32
19549 24
19550 41
19551 36
19552 57
19553 37
19554 49
19555 42
19556 42
19557 37
19558 32
19559 35
19560 44
19561 52
19562 49
19563 41
19564 INF
19565 40
19566 37
19567 38
19568 42
19569 35
19570 47
19571 36
19572 39
19573 42
19574 53
19575 42
19576 49
19577 26
19578 41
19579 INF
19580 40
19581 35
19582 35
19583 49
19584 41
19585 36
19586 47
19587 INF
19588 37
19589 44
19590 39
19591 34
19592 42
19593 42
19594 40
19595 48
19596 31
19597 37
19598 40
19599 48
19600 41
19601 INF
19602 51
19603 37
19604 40
19605 44
19606 53
19607 32
19608 52
19609 33
19610 INF
19611 INF
19612 41
19613 31
19614 36
19615 39
19616 40
19617 INF
19618 29
19619 43
19620 41
19621 43
19622 18
19623 38
19624 41
19625 27
19626 INF
19627 37
19628 36
19629 37
19630 38
19631 INF
19632 42
19633 38
19634 44
19635 42
19636 35
19637 40
19638 58
19639 INF
19640 40
19641 41
19642 41
19643 46
19644 36
19645 43
19646 41
19647 INF
19648 33
19649 43
19650 41
19651 29
19652 38
19653 33
19654 31
19655 38
19656 33
19657 35
19658 35
19659 45
19660 38
19661 INF
19662 41
19663 INF
19664 38
19665 34
19666 36
19667 62
19668 37
19669 39
19670 34
19671 34
19672 42
19673 26
19674 INF
19675 38
19676 35
19677 46
19678 46
19679 39
19680 39
19681 41
19682 43
19683 30
19684 INF
19685 25
19686 50
19687 43
19688 35
19689 33
19690 42
19691 44
19692 39
19693 37
19694 37
19695 37
19696 31
19697 41
19698 43
19699 40
19700 46
19701 36
19702 INF
19703 INF
19704 40
19705 38
19706 29
19707 42
19708 32
19709 37
19710 42
19711 44
19712 45
19713 27
19714 42
19715 34
19716 40
19717 40
19718 41
19719 26
19720 42
19721 35
19722 40
19723 52
19724 36
19725 39
19726 38
19727 35
19728 34
19729 30
19730 40
19731 35
19732 41
19733 41
19734 35
19735 41
19736 41
19737 38
19738 42
19739 37
19740 37
19741 41
19742 39
19743 42
19744 44
19745 45
19746 INF
19747 37
19748 27
19749 47
19750 50
19751 33
19752 42
19753 40
19754 39
19755 36
19756 36
19757 39
19758 38
19759 INF
19760 48
19761 INF
19762 42
19763 41
19764 38
19765 45
19766 30
19767 40
19768 32
19769 31
19770 39
19771 45
19772 37
19773 28
19774 52
19775 38
19776 INF
19777 39
19778 42
19779 38
19780 48
19781 44
19782 38
19783 33
19784 INF
19785 42
19786 39
19787 41
19788 35
19789 49
19790 40
19791 23
19792 33
19793 32
19794 41
19795 22
19796 44
19797 28
19798 34
19799 35
19800 36
19801 41
19802 42
19803 36
19804 36
19805 41
19806 42
19807 43
19808 41
19809 55
19810 40
19811 38
19812 47
19813 37
19814 41
19815 53
19816 54
19817 49
19818 35
19819 35
19820 39
19821 36
19822 INF
19823 39
19824 36
19825 27
19826 38
19827 53
19828 47
19829 40
19830 27
19831 38
19832 41
19833 38
19834 34
19835 42
19836 INF
19837 43
19838 44
19839 49
19840 40
19841 39
19842 44
19843 33
19844 43
19845 45
19846 53
19847 41
19848 40
19849 29
19850 36
19851 33
19852 31
19853 INF
19854 39
19855 55
19856 38
19857 39
19858 44
19859 35
19860 30
19861 42
19862 37
19863 35
19864 42
19865 40
19866 40
19867 43
19868 32
19869 40
19870 35
19871 35
19872 38
19873 41
19874 34
19875 33
19876 51
19877 33
19878 40
19879 41
19880 33
19881 40
19882 36
19883 37
19884 31
19885 40
19886 42
19887 33
19888 39
19889 50
19890 44
19891 34
19892 29
19893 30
19894 40
19895 42
19896 34
19897 38
19898 37
19899 31
19900 29
19901 41
19902 41
19903 36
19904 24
19905 31
19906 44
19907 38
19908 46
19909 40
19910 30
19911 45
19912 INF
19913 33
19914 33
19915 27
19916 38
19917 39
19918 INF
19919 35
19920 41
19921 39
19922 28
19923 37
19924 43
19925 INF
19926 33
19927 40
19928 33
19929 48
19930 47
19931 32
19932 44
19933 53
19934 40
19935 37
19936 34
19937 INF
19938 28
19939 39
19940 49
19941 36
19942 41
19943 41
19944 48
19945 36
19946 45
19947 39
19948 37
19949 43
19950 47
19951 36
19952 54
19953 34
19954 40
19955 36
19956 48
19957 40
19958 45
19959 26
19960 44
19961 42
19962 34
19963 38
19964 41
19965 29
19966 35
19967 41
19968 29
19969 35
19970 33
19971 42
19972 49
19973 33
19974 41
19975 36
19976 38
19977 41
19978 47
19979 35
19980 38
19981 36
19982 47
19983 46
19984 INF
19985 44
19986 41
19987 42
19988 42
19989 40
19990 32
19991 37
19992 51
19993 40
19994 34
19995 42
19996 48
19997 36
19998 28
19999 42
20000 34
20001 39
20002 38
20003 36
20004 45
20005 43
20006 43
20007 55
20008 43
20009 48
20010 41
20011 39
20012 45
20013 32
20014 34
20015 35
20016 36
20017 35
20018 32
20019 49
20020 54
20021 44
20022 32
20023 46
20024 43
20025 45
20026 46
20027 38
20028 34
20029 44
20030 38
20031 INF
20032 34
20033 42
20034 40
20035 37
20036 45
20037 44
20038 48
20039 41
20040 37
20041 36
20042 34
20043 33
20044 24
20045 34
20046 35
20047 34
20048 37
20049 36
20050 36
20051 34
20052 37
20053 30
20054 26
20055 42
20056 37
20057 41
20058 33
20059 32
20060 46
20061 38
20062 44
20063 34
20064 43
20065 25
20066 41
20067 39
20068 26
20069 29
20070 34
20071 37
20072 36
20073 41
20074 38
20075 47
20076 41
20077 37
20078 INF
20079 43
20080 47
20081 34
20082 40
20083 26
20084 INF
20085 42
20086 34
20087 35
20088 34
20089 36
20090 39
20091 32
20092 38
20093 39
20094 37
20095 37
20096 44
20097 38
20098 43
20099 36
20100 26
20101 50
20102 36
20103 INF
20104 36
20105 36
20106 41
20107 39
20108 23
20109 43
20110 38
20111 41
20112 38
20113 28
20114 INF
20115 40
20116 46
20117 43
20118 INF
20119 44
20120 49
20121 37
20122 38
20123 27
20124 47
20125 INF
20126 25
20127 33
20128 INF
20129 39
20130 40
20131 55
20132 42
20133 50
20134 45
20135 35
20136 33
20137 58
20138 36
20139 42
20140 40
20141 40
20142 25
20143 38
20144 37
20145 37
20146 42
20147 41
20148 37
20149 33
20150 31
20151 40
20152 45
20153 22
20154 45
20155 35
20156 45
20157 INF
20158 35
20159 40
20160 48
20161 36
20162 31
20163 30
20164 37
20165 39
20166 28
20167 32
20168 39
20169 46
20170 INF
20171 36
20172 48
20173 37
20174 30
20175 30
20176 31
20177 30
20178 36
20179 37
20180 48
20181 37
20182 19
20183 31
20184 33
20185 30
20186 46
20187 29
20188 34
20189 28
20190 41
20191 44
20192 41
20193 42
20194 43
20195 52
20196 36
20197 30
20198 36
20199 27
20200 34
20201 49
20202 40
20203 25
20204 35
20205 44
20206 INF
20207 27
20208 44
20209 36
20210 40
20211 37
20212 40
20213 43
20214 32
20215 47
20216 31
20217 30
20218 INF
20219 34
20220 41
20221 38
20222 43
20223 INF
20224 40
20225 40
20226 35
20227 48
20228 45
20229 55
20230 39
20231 38
20232 44
20233 46
20234 42
20235 37
20236 INF
20237 34
20238 34
20239 46
20240 33
20241 35
20242 42
20243 INF
20244 38
20245 42
20246 38
20247 INF
20248 28
20249 38
20250 38
20251 34
20252 37
20253 47
20254 45
20255 50
20256 35
20257 40
20258 36
20259 38
20260 36
20261 40
20262 34
20263 35
20264 40
20265 42
20266 41
20267 INF
20268 INF
20269 42
20270 35
20271 38
20272 40
20273 41
20274 43
20275 36
20276 43
20277 31
20278 37
20279 36
20280 55
20281 49
20282 38
20283 35
20284 35
20285 49
20286 42
20287 39
20288 47
20289 35
20290 59
20291 INF
20292 34
20293 40
20294 35
20295 42
20296 31
20297 42
20298 39
20299 40
20300 42
20301 40
20302 31
20303 INF
20304 59
20305 INF
20306 36
20307 INF
20308 41
20309 43
20310 41
20311 35
20312 36
20313 21
20314 49
20315 29
20316 39
20317 33
20318 42
20319 31
20320 41
20321 46
20322 INF
20323 48
20324 INF
20325 44
20326 39
20327 34
20328 38
20329 38
20330 33
20331 39
20332 40
20333 34
20334 42
20335 33
20336 39
20337 40
20338 42
20339 38
20340 43
20341 40
20342 40
20343 43
20344 36
20345 41
20346 45
20347 44
20348 40
20349 38
20350 INF
20351 38
20352 41
20353 44
20354 41
20355 33
20356 35
20357 36
20358 35
20359 43
20360 26
20361 34
20362 57
20363 44
20364 43
20365 33
20366 34
20367 39
20368 39
20369 44
20370 35
20371 51
20372 32
20373 52
20374 33
20375 44
20376 48
20377 49
20378 52
20379 44
20380 44
20381 38
20382 43
20383 46
20384 35
20385 33
20386 34
20387 41
20388 INF
20389 52
20390 35
20391 INF
20392 50
20393 40
20394 44
20395 26
20396 26
20397 44
20398 37
20399 42
20400 41
20401 37
20402 37
20403 28
20404 48
20405 37
20406 32
20407 32
20408 36
20409 41
20410 39
20411 37
20412 47
20413 42
20414 42
20415 39
20416 38
20417 45
20418 31
20419 36
20420 41
20421 44
20422 38
20423 41
20424 INF
20425 46
20426 41
20427 44
20428 44
20429 40
20430 38
20431 45
20432 49
20433 42
20434 29
20435 37
20436 23
20437 INF
20438 60
20439 55
20440 43
20441 34
20442 36
20443 37
20444 41
20445 45
20446 41
20447 32
20448 39
20449 32
20450 37
20451 39
20452 39
20453 46
20454 INF
20455 42
20456 INF
20457 29
20458 19
20459 38
20460 34
20461 35
20462 39
20463 39
20464 34
20465 41
20466 40
20467 INF
20468 38
20469 45
20470 41
20471 35
20472 36
20473 29
20474 45
20475 INF
20476 37
20477 35
20478 43
20479 46
20480 33
20481 28
20482 49
20483 41
20484 45
20485 31
20486 36
20487 35
20488 45
20489 33
20490 45
20491 35
20492 42
20493 43
20494 42
20495 35
20496 55
20497 27
20498 43
20499 41
20500 31
20501 54
20502 39
20503 38
20504 42
20505 INF
20506 45
20507 30
20508 42
20509 29
20510 40
20511 30
20512 46
20513 32
20514 37
20515 40
20516 37
20517 INF
20518 36
20519 33
20520 47
20521 41
20522 56
20523 41
20524 33
20525 40
20526 44
20527 40
20528 37
20529 41
20530 29
20531 40
20532 INF
20533 20
20534 39
20535 39
20536 37
20537 INF
20538 26
20539 46
20540 39
20541 36
20542 44
20543 39
20544 41
20545 40
20546 INF
20547 36
20548 38
20549 35
20550 38
20551 38
20552 32
20553 34
20554 39
20555 31
20556 45
20557 37
20558 33
20559 42
20560 39
20561 38
20562 33
20563 38
20564 42
20565 50
20566 49
20567 46
20568 26
20569 40
20570 38
20571 41
20572 33
20573 28
20574 36
20575 40
20576 47
20577 30
20578 35
20579 43
20580 35
20581 27
20582 40
20583 34
20584 34
20585 37
20586 42
20587 39
20588 23
20589 33
20590 43
20591 39
20592 28
20593 44
20594 40
20595 44
20596 43
20597 31
20598 36
20599 44
20600 51
20601 29
20602 42
20603 43
20604 INF
20605 37
20606 46
20607 40
20608 47
20609 27
20610 44
20611 40
20612 40
20613 35
20614 33
20615 33
20616 36
20617 34
20618 28
20619 33
20620 33
20621 40
20622 39
20623 INF
20624 39
20625 38
20626 37
20627 26
20628 34
20629 32
20630 46
20631 38
20632 40
20633 39
20634 INF
20635 37
20636 32
20637 INF
20638 44
20639 39
20640 37
20641 37
20642 25
20643 36
20644 37
20645 37
20646 48
20647 38
20648 50
20649 27
20650 43
20651 39
20652 30
20653 34
20654 43
20655 44
20656 42
20657 48
20658 45
20659 34
20660 42
20661 32
20662 39
20663 38
20664 30
20665 40
20666 39
20667 41
20668 38
20669 42
20670 34
20671 34
20672 12
20673 42
20674 42
20675 28
20676 33
20677 23
20678 36
20679 40
20680 34
20681 46
20682 32
20683 35
20684 53
20685 36
20686 33
20687 38
20688 34
20689 42
20690 43
20691 33
20692 46
20693 49
20694 30
20695 42
20696 33
20697 35
20698 35
20699 35
20700 38
20701 INF
20702 48
20703 34
20704 33
20705 INF
20706 34
20707 30
20708 40
20709 INF
20710 36
20711 37
20712 32
20713 39
20714 39
20715 39
20716 50
20717 INF
20718 45
20719 48
20720 27
20721 40
20722 42
20723 39
20724 33
20725 33
20726 47
20727 39
20728 43
20729 47
20730 42
20731 48
20732 39
20733 44
20734 45
20735 42
20736 40
20737 35
20738 41
20739 32
20740 32
20741 49
20742 42
20743 49
20744 31
20745 31
20746 44
20747 INF
20748 54
20749 INF
20750 41
20751 39
20752 45
20753 31
20754 34
20755 36
20756 47
20757 37
20758 37
20759 37
20760 INF
20761 43
20762 42
20763 42
20764 41
20765 42
20766 37
20767 38
20768 34
20769 44
20770 44
20771 29
20772 39
20773 45
20774 30
20775 45
20776 49
20777 46
20778 37
20779 42
20780 40
20781 38
20782 42
20783 33
20784 43
20785 36
20786 41
20787 40
20788 27
20789 49
20790 31
20791 INF
20792 46
20793 39
20794 INF
20795 44
20796 36
20797 29
20798 35
20799 40
20800 33
20801 45
20802 INF
20803 28
20804 40
20805 39
20806 49
20807 36
20808 46
20809 38
20810 42
20811 43
20812 35
20813 44
20814 45
20815 34
20816 46
20817 36
20818 41
20819 36
20820 43
20821 39
20822 37
20823 36
20824 39
20825 40
20826 41
20827 43
20828 35
20829 52
20830 34
20831 48
20832 41
20833 43
20834 58
20835 INF
20836 41
20837 39
20838 31
20839 39
20840 INF
20841 INF
20842 35
20843 42
20844 43
20845 44
20846 40
20847 29
20848 38
20849 32
20850 28
20851 37
20852 39
20853 44
20854 40
20855 38
20856 INF
20857 45
20858 27
20859 44
20860 29
20861 30
20862 37
20863 41
20864 INF
20865 44
20866 35
20867 37
20868 47
20869 26
20870 41
20871 44
20872 43
20873 42
20874 44
20875 INF
20876 38
20877 41
20878 43
20879 47
20880 51
20881 47
20882 41
20883 36
20884 34
20885 45
20886 37
20887 40
20888 45
20889 37
20890 36
20891 38
20892 45
20893 41
20894 37
20895 32
20896 31
20897 37
20898 29
20899 29
20900 32
20901 35
20902 38
20903 42
20904 33
20905 35
20906 42
20907 42
20908 52
20909 38
20910 41
20911 54
20912 34
20913 42
20914 43
20915 38
20916 42
20917 31
20918 30
20919 39
20920 32
20921 42
20922 39
20923 35
20924 37
20925 48
20926 46
20927 32
20928 34
20929 30
20930 40
20931 38
20932 25
20933 INF
20934 27
20935 43
20936 31
20937 37
20938 37
20939 41
20940 37
20941 38
20942 43
20943 INF
20944 43
20945 44
20946 34
20947 37
20948 29
20949 37
20950 INF
20951 13
20952 39
20953 40
20954 39
20955 INF
20956 43
20957 47
20958 38
20959 30
20960 43
20961 25
20962 54
20963 43
20964 44
20965 25
20966 46
20967 36
20968 35
20969 39
20970 38
20971 44
20972 51
20973 43
20974 34
20975 36
20976 35
20977 INF
20978 39
20979 40
20980 37
20981 38
20982 34
20983 26
20984 40
20985 52
20986 30
20987 40
20988 42
20989 44
20990 43
20991 44
20992 33
20993 33
20994 37
20995 39
20996 26
20997 33
20998 34
20999 31
21000 INF
21001 39
21002 52
21003 34
21004 35
21005 40
21006 28
21007 41
21008 30
21009 27
21010 29
21011 37
21012 35
21013 43
21014 INF
21015 33
21016 44
21017 40
21018 38
21019 42
21020 42
21021 31
21022 34
21023 41
21024 32
21025 39
21026 53
21027 35
21028 INF
21029 44
21030 32
21031 40
21032 47
21033 56
21034 58
21035 41
21036 49
21037 44
21038 INF
21039 41
21040 36
21041 43
21042 48
21043 44
21044 36
21045 34
21046 39
21047 43
21048 41
21049 32
21050 35
21051 38
21052 38
21053 26
21054 42
21055 46
21056 53
21057 39
21058 34
21059 24
21060 38
21061 35
21062 41
21063 39
21064 45
21065 40
21066 47
21067 34
21068 INF
21069 43
21070 38
21071 INF
21072 43
21073 35
21074 42
21075 47
21076 33
21077 43
21078 47
21079 36
21080 32
21081 36
21082 39
21083 40
21084 39
21085 39
21086 40
21087 35
21088 30
21089 40
21090 23
21091 30
21092 44
21093 34
21094 39
21095 44
21096 27
21097 47
21098 35
21099 41
21100 42
21101 35
21102 45
21103 14
21104 35
21105 31
21106 39
21107 INF
21108 43
21109 39
21110 34
21111 43
21112 29
21113 38
21114 41
21115 35
21116 21
21117 40
21118 37
21119 39
21120 29
21121 35
21122 32
21123 37
21124 39
21125 39
21126 47
21127 21
21128 43
21129 35
21130 36
21131 27
21132 30
21133 44
21134 35
21135 INF
21136 40
21137 INF
21138 47
21139 34
21140 INF
21141 40
21142 45
21143 40
21144 36
21145 45
21146 43
21147 35
21148 36
21149 43
21150 35
21151 46
21152 33
21153 37
21154 41
21155 39
21156 50
21157 41
21158 44
21159 53
21160 43
21161 40
21162 29
21163 41
21164 46
21165 41
21166 48
21167 29
21168 36
21169 43
21170 28
21171 45
21172 31
21173 36
21174 41
21175 42
21176 20
21177 26
21178 37
21179 INF
21180 37
21181 34
21182 39
21183 38
21184 43
21185 48
21186 32
21187 43
21188 36
21189 45
21190 24
21191 35
21192 42
21193 44
21194 43
21195 28
21196 47
21197 29
21198 38
21199 32
21200 INF
21201 35
21202 32
21203 41
21204 43
21205 50
21206 49
21207 45
21208 38
21209 38
21210 46
21211 46
21212 38
21213 39
21214 INF
21215 33
21216 32
21217 INF
21218 51
21219 39
21220 38
21221 43
21222 37
21223 36
21224 45
21225 35
21226 43
21227 39
21228 39
21229 48
21230 42
21231 39
21232 46
21233 36
21234 54
21235 41
21236 40
21237 44
21238 33
21239 36
21240 38
21241 35
21242 43
21243 40
21244 45
21245 53
21246 42
21247 43
21248 36
21249 37
21250 44
21251 34
21252 34
21253 41
21254 34
21255 50
21256 41
21257 39
21258 46
21259 INF
21260 37
21261 44
21262 36
21263 50
21264 42
21265 32
21266 40
21267 45
21268 36
21269 44
21270 54
21271 38
21272 49
21273 INF
21274 40
21275 44
21276 40
21277 55
21278 45
21279 30
21280 34
21281 36
21282 36
21283 39
21284 38
21285 42
21286 42
21287 44
21288 33
21289 30
21290 46
21291 INF
21292 38
21293 37
21294 41
21295 45
21296 43
21297 39
21298 35
21299 41
21300 34
21301 43
21302 42
21303 25
21304 42
21305 41
21306 31
21307 34
21308 29
21309 27
21310 45
21311 45
21312 42
21313 41
21314 36
21315 34
21316 30
21317 42
21318 47
21319 38
21320 44
21321 36
21322 37
21323 35
21324 39
21325 37
21326 42
21327 38
21328 59
21329 33
21330 39
21331 31
21332 37
21333 37
21334 41
21335 33
21336 33
21337 48
21338 35
21339 INF
21340 36
21341 36
21342 41
21343 36
21344 38
21345 32
21346 INF
21347 49
21348 33
21349 42
21350 26
21351 41
21352 46
21353 32
21354 40
21355 43
21356 28
21357 38
21358 40
21359 35
21360 46
21361 33
21362 43
21363 56
21364 50
21365 46
21366 39
21367 32
21368 42
21369 44
21370 44
21371 42
21372 42
21373 36
21374 INF
21375 36
21376 41
21377 39
21378 35
21379 38
21380 54
21381 37
21382 29
21383 30
21384 48
21385 44
21386 39
21387 38
21388 38
21389 33
21390 37
21391 35
21392 44
21393 34
21394 47
21395 43
21396 46
21397 41
21398 36
21399 38
21400 40
21401 34
21402 34
21403 35
21404 33
21405 48
21406 33
21407 32
21408 46
21409 41
21410 45
21411 29
21412 44
21413 INF
21414 33
21415 33
21416 39
21417 43
21418 42
21419 46
21420 36
21421 43
21422 40
21423 40
21424 33
21425 37
21426 45
21427 47
21428 17
21429 40
21430 66
21431 36
21432 39
21433 41
21434 41
21435 50
21436 27
21437 37
21438 33
21439 30
21440 31
21441 53
21442 35
21443 34
21444 45
21445 40
21446 49
21447 36
21448 47
21449 44
21450 38
21451 39
21452 45
21453 36
21454 40
21455 45
21456 37
21457 40
21458 38
21459 31
21460 33
21461 35
21462 53
21463 INF
21464 39
21465 50
21466 34
21467 40
21468 44
21469 37
21470 49
21471 29
21472 41
21473 42
21474 42
21475 18
21476 41
21477 50
21478 40
21479 27
21480 38
21481 29
21482 41
21483 53
21484 34
21485 48
21486 43
21487 42
21488 41
21489 46
21490 32
21491 40
21492 42
21493 36
21494 37
21495 38
21496 35
21497 34
21498 30
21499 46
21500 29
21501 40
21502 39
21503 33
21504 35
21505 37
21506 36
21507 INF
21508 INF
21509 42
21510 41
21511 42
21512 38
21513 25
21514 INF
21515 43
21516 41
21517 39
21518 21
21519 41
21520 INF
21521 33
21522 39
21523 38
21524 36
21525 48
21526 46
21527 37
21528 40
21529 44
21530 41
21531 34
21532 33
21533 48
21534 37
21535 46
21536 35
21537 42
21538 36
21539 37
21540 38
21541 36
21542 35
21543 41
21544 40
21545 41
21546 30
21547 36
21548 41
21549 39
21550 48
21551 41
21552 INF
21553 42
21554 46
21555 45
21556 31
21557 39
21558 38
21559 43
21560 29
21561 36
21562 32
21563 34
21564 40
21565 33
21566 40
21567 41
21568 50
21569 36
21570 44
21571 48
21572 44
21573 44
21574 27
21575 33
21576 16
21577 45
21578 38
21579 43
21580 35
21581 42
21582 44
21583 41
21584 36
21585 37
21586 30
21587 32
21588 37
21589 42
21590 36
21591 48
21592 34
21593 42
21594 30
21595 41
21596 39
21597 40
21598 INF
21599 28
21600 49
21601 38
21602 32
21603 35
21604 37
21605 42
21606 38
21607 33
21608 36
21609 43
21610 37
21611 39
21612 36
21613 39
21614 35
21615 37
21616 39
21617 46
21618 40
21619 34
21620 52
21621 36
21622 34
21623 48
21624 35
21625 50
21626 27
21627 INF
21628 35
21629 45
21630 43
21631 43
21632 47
21633 38
21634 33
21635 40
21636 45
21637 38
21638 50
21639 42
21640 37
21641 42
21642 INF
21643 32
21644 36
21645 24
21646 27
21647 37
21648 41
21649 43
21650 43
21651 28
21652 50
21653 INF
21654 30
21655 43
21656 44
21657 22
21658 36
21659 INF
21660 33
21661 40
21662 37
21663 44
21664 38
21665 38
21666 38
21667 33
21668 43
21669 45
21670 32
21671 37
21672 40
21673 31
21674 INF
21675 51
21676 42
21677 36
21678 31
21679 35
21680 33
21681 41
21682 39
21683 39
21684 42
21685 32
21686 INF
21687 33
21688 42
21689 43
21690 32
21691 31
21692 38
21693 33
21694 33
21695 46
21696 52
21697 40
21698 45
21699 30
21700 INF
21701 37
21702 32
21703 27
21704 47
21705 37
21706 39
21707 INF
21708 45
21709 INF
21710 38
21711 38
21712 45
21713 38
21714 45
21715 42
21716 42
21717 44
21718 31
21719 INF
21720 39
21721 29
21722 44
21723 39
21724 57
21725 33
21726 40
21727 38
21728 28
21729 40
21730 38
21731 INF
21732 47
21733 39
21734 INF
21735 42
21736 39
21737 34
21738 44
21739 36
21740 26
21741 INF
21742 45
21743 32
21744 31
21745 30
21746 32
21747 38
21748 37
21749 52
21750 33
21751 30
21752 30
21753 39
21754 32
21755 43
21756 40
21757 34
21758 43
21759 42
21760 32
21761 43
21762 48
21763 INF
21764 50
21765 46
21766 44
21767 36
21768 INF
21769 39
21770 33
21771 43
21772 45
21773 46
21774 29
21775 27
21776 45
21777 45
21778 48
21779 40
21780 39
21781 47
21782 INF
21783 50
21784 27
21785 47
21786 40
21787 29
21788 32
21789 42
21790 42
21791 40
21792 35
21793 38
21794 43
21795 35
21796 41
21797 36
21798 39
21799 35
21800 41
21801 43
21802 31
21803 34
21804 45
21805 34
21806 49
21807 30
21808 47
21809 45
21810 33
21811 40
21812 50
21813 37
21814 37
21815 44
21816 35
21817 46
21818 41
21819 39
21820 41
21821 34
21822 40
21823 43
21824 39
21825 39
21826 39
21827 34
21828 36
21829 37
21830 42
21831 42
21832 35
21833 INF
21834 36
21835 39
21836 40
21837 42
21838 29
21839 39
21840 40
21841 40
21842 35
21843 36
21844 46
21845 40
21846 44
21847 35
21848 41
21849 42
21850 39
21851 36
21852 33
21853 35
21854 25
21855 35
21856 38
21857 44
21858 INF
21859 41
21860 36
21861 26
21862 50
21863 INF
21864 39
21865 37
21866 46
21867 42
21868 45
21869 47
21870 33
21871 30
21872 43
21873 26
21874 40
21875 34
21876 38
21877 38
21878 42
21879 40
21880 35
21881 48
21882 39
21883 44
21884 22
21885 40
21886 43
21887 31
21888 35
21889 INF
21890 34
21891 29
21892 38
21893 INF
21894 34
21895 38
21896 38
21897 37
21898 46
21899 41
21900 39
21901 26
21902 46
21903 39
21904 40
21905 45
21906 38
21907 44
21908 44
21909 29
21910 34
21911 31
21912 37
21913 26
21914 41
21915 38
21916 35
21917 24
21918 35
21919 43
21920 38
21921 40
21922 38
21923 36
21924 43
21925 54
21926 40
21927 27
21928 33
21929 43
21930 54
21931 46
21932 42
21933 34
21934 35
21935 46
21936 47
21937 33
21938 51
21939 28
21940 43
21941 42
21942 36
21943 49
21944 36
21945 39
21946 24
21947 38
21948 36
21949 44
21950 24
21951 39
21952 32
21953 INF
21954 31
21955 41
21956 37
21957 INF
21958 40
21959 37
21960 44
21961 46
21962 35
21963 43
21964 44
21965 37
21966 41
21967 37
21968 32
21969 26
21970 18
21971 36
21972 35
21973 44
21974 40
21975 43
21976 21
21977 45
21978 40
21979 30
21980 40
21981 43
21982 40
21983 44
21984 43
21985 INF
21986 INF
21987 31
21988 53
21989 36
21990 29
21991 40
21992 43
21993 37
21994 INF
21995 48
21996 32
21997 44
21998 43
21999 45
22000 38
22001 INF
22002 37
22003 39
22004 40
22005 42
22006 34
22007 42
22008 36
22009 25
22010 41
22011 40
22012 46
22013 35
22014 38
22015 43
22016 40
22017 34
22018 52
22019 45
22020 25
22021 37
22022 38
22023 41
22024 41
22025 38
22026 44
22027 33
22028 34
22029 35
22030 42
22031 31
22032 40
22033 46
22034 45
22035 INF
22036 35
22037 42
22038 39
22039 41
22040 36
22041 30
22042 34
22043 51
22044 42
22045 38
22046 33
22047 40
22048 39
22049 38
22050 37
22051 41
22052 40
22053 46
22054 42
22055 37
22056 25
22057 40
22058 58
22059 30
22060 43
22061 33
22062 24
22063 34
22064 43
22065 54
22066 35
22067 38
22068 36
22069 40
22070 35
22071 INF
22072 47
22073 41
22074 39
22075 46
22076 40
22077 46
22078 38
22079 38
22080 47
22081 30
22082 41
22083 41
22084 35
22085 43
22086 49
22087 40
22088 40
22089 42
22090 27
22091 44
22092 44
22093 35
22094 34
22095 40
22096 INF
22097 50
22098 39
22099 36
22100 45
22101 31
22102 32
22103 30
22104 42
22105 35
22106 39
22107 17
22108 18
22109 26
22110 36
22111 34
22112 37
22113 35
22114 36
22115 41
22116 39
22117 34
22118 37
22119 40
22120 40
22121 34
22122 40
22123 32
22124 INF
22125 46
22126 45
22127 49
22128 43
22129 39
22130 43
22131 35
22132 30
22133 48
22134 38
22135 44
22136 36
22137 40
22138 36
22139 41
22140 33
22141 35
22142 39
22143 38
22144 31
22145 30
22146 39
22147 37
22148 51
22149 39
22150 35
22151 INF
22152 INF
22153 49
22154 36
22155 38
22156 40
22157 42
22158 35
22159 42
22160 41
22161 44
22162 41
22163 45
22164 INF
22165 34
22166 47
22167 45
22168 38
22169 51
22170 34
22171 44
22172 37
22173 46
22174 28
22175 44
22176 44
22177 42
22178 41
22179 44
22180 41
22181 45
22182 33
22183 35
22184 40
22185 40
22186 47
22187 29
22188 39
22189 30
22190 44
22191 33
22192 30
22193 41
22194 41
22195 37
22196 42
22197 34
22198 33
22199 40
22200 29
22201 34
22202 43
22203 38
22204 38
22205 INF
22206 31
22207 38
22208 38
22209 42
22210 49
22211 37
22212 44
22213 36
22214 47
22215 27
22216 26
22217 52
22218 37
22219 31
22220 41
22221 36
22222 47
22223 37
22224 INF
22225 45
22226 47
22227 44
22228 39
22229 INF
22230 36
22231 34
22232 34
22233 43
22234 42
22235 35
22236 32
22237 49
22238 21
22239 39
22240 INF
22241 46
22242 46
22243 68
22244 40
22245 29
22246 41
22247 36
22248 48
22249 42
22250 39
22251 36
22252 34
22253 50
22254 38
22255 32
22256 41
22257 36
22258 34
22259 35
22260 21
22261 34
22262 45
22263 47
22264 46
22265 40
22266 52
22267 44
22268 29
22269 40
22270 50
22271 34
22272 INF
22273 41
22274 39
22275 48
22276 54
22277 INF
22278 40
22279 38
22280 41
22281 39
22282 42
22283 55
22284 38
22285 INF
22286 30
22287 INF
22288 33
22289 43
22290 50
22291 42
22292 28
22293 24
22294 52
22295 44
22296 25
22297 39
22298 44
22299 37
22300 40
22301 INF
22302 INF
22303 38
22304 35
22305 32
22306 38
22307 40
22308 51
22309 52
22310 26
22311 INF
22312 48
22313 35
22314 34
22315 40
22316 41
22317 43
22318 35
22319 48
22320 20
22321 40
22322 39
22323 33
22324 40
22325 42
22326 41
22327 28
22328 36
22329 38
22330 32
22331 66
22332 48
22333 7
22334 45
22335 INF
22336 26
22337 36
22338 39
22339 43
22340 35
22341 34
22342 35
22343 44
22344 52
22345 INF
22346 37
22347 21
22348 37
22349 52
22350 41
22351 46
22352 INF
22353 41
22354 50
22355 46
22356 37
22357 49
22358 47
22359 41
22360 39
22361 43
22362 39
22363 31
22364 30
22365 37
22366 33
22367 45
22368 46
22369 40
22370 48
22371 42
22372 42
22373 39
22374 47
22375 27
22376 42
22377 40
22378 44
22379 29
22380 31
22381 34
22382 35
22383 35
22384 38
22385 45
22386 47
22387 41
22388 49
22389 46
22390 26
22391 36
22392 38
22393 31
22394 34
22395 30
22396 39
22397 INF
22398 42
22399 INF
22400 INF
22401 42
22402 27
22403 46
22404 43
22405 45
22406 44
22407 53
22408 41
22409 40
22410 37
22411 43
22412 INF
22413 38
22414 38
22415 40
22416 37
22417 26
22418 39
22419 43
22420 38
22421 37
22422 24
22423 41
22424 39
22425 22
22426 39
22427 44
22428 32
22429 39
22430 32
22431 41
22432 39
22433 26
22434 30
22435 42
22436 38
22437 43
22438 26
22439 39
22440 45
22441 38
22442 33
22443 35
22444 38
22445 32
22446 33
22447 36
22448 46
22449 47
22450 29
22451 45
22452 26
22453 52
22454 43
22455 39
22456 34
22457 40
22458 43
22459 39
22460 30
22461 41
22462 INF
22463 38
22464 INF
22465 38
22466 38
22467 36
22468 37
22469 43
22470 32
22471 34
22472 45
22473 30
22474 19
22475 INF
22476 36
22477 40
22478 39
22479 41
22480 45
22481 44
22482 38
22483 33
22484 36
22485 46
22486 43
22487 38
22488 42
22489 32
22490 35
22491 45
22492 41
22493 37
22494 41
22495 39
22496 38
22497 39
22498 22
22499 41
22500 26
22501 40
22502 39
22503 42
22504 34
22505 35
22506 44
22507 43
22508 41
22509 38
22510 30
22511 46
22512 35
22513 34
22514 39
22515 32
22516 48
22517 40
22518 INF
22519 40
22520 42
22521 56
22522 38
22523 INF
22524 33
22525 37
22526 41
22527 48
22528 34
22529 42
22530 47
22531 44
22532 34
22533 44
22534 INF
22535 51
22536 37
22537 46
22538 51
22539 32
22540 33
22541 INF
22542 49
22543 37
22544 42
22545 38
22546 43
22547 INF
22548 55
22549 45
22550 45
22551 40
22552 27
22553 43
22554 37
22555 38
22556 48
22557 INF
22558 41
22559 47
22560 41
22561 41
22562 46
22563 40
22564 45
22565 34
22566 44
22567 53
22568 40
22569 INF
22570 39
22571 36
22572 46
22573 41
22574 27
22575 22
22576 35
22577 36
22578 36
22579 45
22580 47
22581 28
22582 INF
22583 37
22584 40
22585 41
22586 45
22587 38
22588 44
22589 44
22590 50
22591 34
22592 37
22593 32
22594 28
22595 34
22596 50
22597 40
22598 44
22599 30
22600 48
22601 37
22602 42
22603 39
22604 42
22605 29
22606 35
22607 38
22608 31
22609 40
22610 39
22611 32
22612 37
22613 40
22614 49
22615 47
22616 40
22617 42
22618 40
22619 41
22620 35
22621 50
22622 48
22623 39
22624 40
22625 46
22626 38
22627 43
22628 36
22629 36
22630 44
22631 33
22632 33
22633 40
22634 51
22635 45
22636 54
22637 38
22638 25
22639 32
22640 41
22641 34
22642 INF
22643 40
22644 45
22645 40
22646 45
22647 48
22648 26
22649 44
22650 46
22651 INF
22652 40
22653 38
22654 38
22655 60
22656 39
22657 44
22658 32
22659 36
22660 36
22661 INF
22662 35
22663 41
22664 39
22665 41
22666 42
22667 49
22668 49
22669 37
22670 40
22671 30
22672 43
22673 32
22674 39
22675 36
22676 44
22677 37
22678 39
22679 35
22680 36
22681 40
22682 46
22683 38
22684 39
22685 37
22686 26
22687 30
22688 38
22689 36
22690 41
22691 28
22692 43
22693 31
22694 36
22695 41
22696 46
22697 45
22698 37
22699 32
22700 47
22701 46
22702 35
22703 41
22704 40
22705 35
22706 INF
22707 39
22708 30
22709 35
22710 47
22711 37
22712 44
22713 49
22714 INF
22715 36
22716 32
22717 40
22718 31
22719 42
22720 41
22721 35
22722 36
22723 37
22724 45
22725 40
22726 43
22727 35
22728 INF
22729 45
22730 22
22731 45
22732 31
22733 35
22734 36
22735 34
22736 38
22737 INF
22738 45
22739 49
22740 33
22741 INF
22742 40
22743 32
22744 44
22745 48
22746 38
22747 INF
22748 38
22749 30
22750 INF
22751 29
22752 INF
22753 47
22754 51
22755 39
22756 37
22757 45
22758 41
22759 38
22760 41
22761 33
22762 40
22763 42
22764 37
22765 INF
22766 48
22767 31
22768 44
22769 26
22770 39
22771 INF
22772 40
22773 31
22774 28
22775 30
22776 40
22777 40
22778 INF
22779 35
22780 45
22781 45
22782 39
22783 41
22784 36
22785 41
22786 25
22787 36
22788 40
22789 45
22790 21
22791 46
22792 42
22793 44
22794 39
22795 40
22796 36
22797 43
22798 39
22799 INF
22800 36
22801 41
22802 38
22803 INF
22804 40
22805 42
22806 40
22807 34
22808 35
22809 35
22810 31
22811 43
22812 42
22813 44
22814 49
22815 45
22816 50
22817 32
22818 INF
22819 44
22820 58
22821 42
22822 30
22823 36
22824 29
22825 34
22826 31
22827 53
22828 40
22829 37
22830 48
22831 28
22832 41
22833 32
22834 48
22835 39
22836 51
22837 34
22838 48
22839 25
22840 32
22841 40
22842 26
22843 INF
22844 36
22845 49
22846 INF
22847 36
22848 40
22849 43
22850 27
22851 47
22852 37
22853 46
22854 33
22855 46
22856 40
22857 48
22858 46
22859 34
22860 23
22861 35
22862 41
22863 46
22864 47
22865 34
22866 54
22867 38
22868 37
22869 42
22870 51
22871 36
22872 38
22873 39
22874 INF
22875 43
22876 37
22877 INF
22878 35
22879 31
22880 INF
22881 39
22882 34
22883 37
22884 38
22885 33
22886 32
22887 39
22888 30
22889 35
22890 35
22891 46
22892 44
22893 42
22894 38
22895 33
22896 40
22897 INF
22898 45
22899 37
22900 36
22901 24
22902 INF
22903 47
22904 INF
22905 37
22906 35
22907 41
22908 38
22909 42
22910 23
22911 40
22912 41
22913 36
22914 40
22915 INF
22916 44
22917 48
22918 38
22919 45
22920 40
22921 44
22922 45
22923 46
22924 42
22925 48
22926 30
22927 41
22928 46
22929 42
22930 45
22931 41
22932 42
22933 38
22934 44
22935 35
22936 INF
22937 INF
22938 51
22939 53
22940 INF
22941 27
22942 38
22943 40
22944 37
22945 39
22946 37
22947 35
22948 42
22949 35
22950 32
22951 46
22952 42
22953 39
22954 37
22955 47
22956 42
22957 37
22958 41
22959 44
22960 14
22961 43
22962 34
22963 43
22964 50
22965 43
22966 38
22967 36
22968 39
22969 36
22970 38
22971 39
22972 40
22973 35
22974 41
22975 34
22976 46
22977 39
22978 50
22979 INF
22980 36
22981 37
22982 34
22983 41
22984 37
22985 45
22986 32
22987 40
22988 34
22989 34
22990 33
22991 43
22992 49
22993 36
22994 36
22995 INF
22996 31
22997 38
22998 40
22999 32
23000 46
23001 38
23002 35
23003 38
23004 36
23005 44
23006 42
23007 34
23008 40
23009 33
23010 44
23011 29
23012 37
23013 INF
23014 44
23015 37
23016 35
23017 37
23018 47
23019 44
23020 25
23021 42
23022 40
23023 45
23024 34
23025 48
23026 30
23027 30
23028 36
23029 39
23030 32
23031 45
23032 39
23033 37
23034 37
23035 38
23036 34
23037 46
23038 39
23039 34
23040 39
23041 52
23042 INF
23043 33
23044 40
23045 45
23046 33
23047 35
23048 38
23049 39
23050 47
23051 34
23052 33
23053 35
23054 39
23055 33
23056 34
23057 41
23058 41
23059 45
23060 38
23061 41
23062 36
23063 38
23064 42
23065 9
23066 41
23067 38
23068 46
23069 53
23070 41
23071 41
23072 34
23073 55
23074 INF
23075 41
23076 47
23077 32
23078 37
23079 40
23080 36
23081 36
23082 37
23083 45
23084 39
23085 INF
23086 44
23087 47
23088 41
23089 36
23090 56
23091 37
23092 40
23093 34
23094 47
23095 29
23096 25
23097 39
23098 41
23099 42
23100 INF
23101 35
23102 46
23103 42
23104 40
23105 39
23106 29
23107 51
23108 43
23109 33
23110 40
23111 37
23112 41
23113 37
23114 39
23115 54
23116 INF
23117 27
23118 31
23119 45
23120 46
23121 35
23122 41
23123 46
23124 45
23125 44
23126 47
23127 36
23128 37
23129 39
23130 39
23131 36
23132 40
23133 35
23134 41
23135 34
23136 34
23137 37
23138 42
23139 35
23140 34
23141 56
23142 39
23143 38
23144 37
23145 42
23146 33
23147 37
23148 45
23149 33
23150 41
23151 37
23152 43
23153 40
23154 41
23155 INF
23156 INF
23157 42
23158 41
23159 37
23160 25
23161 54
23162 32
23163 39
23164 26
23165 40
23166 44
23167 39
23168 37
23169 37
23170 41
23171 41
23172 43
23173 39
23174 34
23175 16
23176 32
23177 41
23178 31
23179 45
23180 45
23181 45
23182 INF
23183 38
23184 45
23185 40
23186 INF
23187 30
23188 36
23189 45
23190 30
23191 39
23192 24
23193 37
23194 36
23195 37
23196 INF
23197 41
23198 32
23199 40
23200 INF
23201 25
23202 34
23203 34
23204 29
23205 33
23206 43
23207 32
23208 INF
23209 43
23210 49
23211 47
23212 39
23213 38
23214 44
23215 39
23216 40
23217 34
23218 39
23219 46
23220 45
23221 40
23222 33
23223 35
23224 45
23225 40
23226 27
23227 38
23228 42
23229 35
23230 36
23231 41
23232 41
23233 41
23234 32
23235 40
23236 33
23237 39
23238 45
23239 35
23240 36
23241 42
23242 42
23243 47
23244 28
23245 43
23246 42
23247 43
23248 45
23249 32
23250 34
23251 32
23252 44
23253 37
23254 44
23255 42
23256 38
23257 34
23258 44
23259 29
23260 48
23261 31
23262 42
23263 40
23264 43
23265 42
23266 35
23267 35
23268 45
23269 35
23270 45
23271 46
23272 39
23273 INF
23274 25
23275 32
23276 28
23277 41
23278 41
23279 34
23280 40
23281 24
23282 42
23283 35
23284 37
23285 39
23286 42
23287 42
23288 41
23289 35
23290 35
23291 47
23292 39
23293 47
23294 26
23295 35
23296 38
23297 40
23298 48
23299 34
23300 33
23301 43
23302 19
23303 38
23304 29
23305 22
23306 47
23307 34
23308 39
23309 47
23310 46
23311 41
23312 37
23313 32
23314 40
23315 42
23316 36
23317 36
23318 28
23319 31
23320 46
23321 INF
23322 40
23323 41
23324 42
23325 20
23326 44
23327 37
23328 46
23329 40
23330 38
23331 31
23332 35
23333 40
23334 39
23335 35
23336 42
23337 28
23338 48
23339 40
23340 43
23341 37
23342 38
23343 42
23344 43
23345 53
23346 40
23347 44
23348 43
23349 32
23350 42
23351 32
23352 37
23353 43
23354 INF
23355 37
23356 35
23357 35
23358 33
23359 38
23360 38
23361 49
23362 49
23363 47
23364 39
23365 38
23366 40
23367 33
23368 37
23369 39
23370 31
23371 44
23372 INF
23373 34
23374 37
23375 42
23376 39
23377 INF
23378 49
23379 39
23380 44
23381 25
23382 40
23383 36
23384 43
23385 39
23386 35
23387 40
23388 40
23389 33
23390 28
23391 37
23392 33
23393 32
23394 40
23395 40
23396 59
23397 41
23398 36
23399 38
23400 34
23401 39
23402 55
23403 40
23404 39
23405 INF
23406 30
23407 35
23408 43
23409 39
23410 52
23411 29
23412 36
23413 39
23414 39
23415 46
23416 25
23417 38
23418 35
23419 45
23420 35
23421 INF
23422 38
23423 35
23424 INF
23425 33
23426 43
23427 49
23428 43
23429 40
23430 40
23431 40
23432 34
23433 45
23434 44
23435 45
23436 42
23437 38
23438 39
23439 47
23440 36
23441 38
23442 36
23443 39
23444 43
23445 43
23446 41
23447 48
23448 44
23449 40
23450 34
23451 39
23452 36
23453 39
23454 44
23455 39
23456 34
23457 34
23458 37
23459 32
23460 43
23461 38
23462 45
23463 38
23464 36
23465 34
23466 41
23467 27
23468 31
23469 23
23470 43
23471 40
23472 37
23473 28
23474 46
23475 36
23476 32
23477 36
23478 45
23479 44
23480 INF
23481 37
23482 43
23483 39
23484 39
23485 40
23486 33
23487 44
23488 44
23489 48
23490 35
23491 54
23492 46
23493 31
23494 48
23495 48
23496 34
23497 35
23498 46
23499 33
23500 48
23501 39
23502 44
23503 42
23504 45
23505 50
23506 40
23507 42
23508 42
23509 30
23510 35
23511 50
23512 43
23513 38
23514 39
23515 42
23516 44
23517 45
23518 30
23519 41
23520 INF
23521 36
23522 26
23523 37
23524 36
23525 INF
23526 46
23527 51
23528 36
23529 39
23530 40
23531 36
23532 34
23533 35
23534 39
23535 28
23536 28
23537 48
23538 30
23539 26
23540 42
23541 51
23542 33
23543 INF
23544 30
23545 35
23546 48
23547 54
23548 42
23549 42
23550 34
23551 INF
23552 34
23553 57
23554 31
23555 59
23556 37
23557 34
23558 42
23559 INF
23560 40
23561 33
23562 28
23563 38
23564 41
23565 35
23566 37
23567 30
23568 37
23569 41
23570 43
23571 38
23572 37
23573 43
23574 29
23575 39
23576 46
23577 47
23578 55
23579 44
23580 INF
23581 27
23582 36
23583 26
23584 35
23585 37
23586 31
23587 43
23588 34
23589 34
23590 29
23591 44
23592 44
23593 38
23594 42
23595 37
23596 38
23597 40
23598 34
23599 INF
23600 41
23601 41
23602 44
23603 49
23604 15
23605 42
23606 36
23607 36
23608 36
23609 32
23610 44
23611 40
23612 40
23613 45
23614 44
23615 35
23616 50
23617 46
23618 51
23619 37
23620 51
23621 36
23622 47
23623 47
23624 43
23625 42
23626 37
23627 INF
23628 39
23629 41
23630 36
23631 39
23632 42
23633 39
23634 37
23635 44
23636 38
23637 37
23638 33
23639 INF
23640 35
23641 43
23642 40
23643 42
23644 36
23645 32
23646 38
23647 38
23648 39
23649 INF
23650 36
23651 34
23652 33
23653 27
23654 43
23655 42
23656 34
23657 36
23658 42
23659 39
23660 39
23661 39
23662 41
23663 INF
23664 36
23665 36
23666 47
23667 38
23668 49
23669 49
23670 33
23671 23
23672 41
23673 44
23674 47
23675 38
23676 47
23677 36
23678 39
23679 37
23680 39
23681 36
23682 37
23683 41
23684 28
23685 26
23686 44
23687 36
23688 36
23689 37
23690 32
23691 38
23692 39
23693 41
23694 47
23695 42
23696 41
23697 42
23698 45
23699 42
23700 43
23701 40
23702 38
23703 44
23704 46
23705 41
23706 35
23707 43
23708 36
23709 54
23710 34
23711 28
23712 47
23713 34
23714 39
23715 36
23716 45
23717 39
23718 17
23719 INF
23720 50
23721 38
23722 43
23723 34
23724 35
23725 40
23726 41
23727 38
23728 40
23729 31
23730 55
23731 40
23732 28
23733 33
23734 35
23735 38
23736 59
23737 37
23738 35
23739 45
23740 42
23741 37
23742 29
23743 40
23744 24
23745 37
23746 40
23747 35
23748 50
23749 27
23750 INF
23751 36
23752 46
23753 33
23754 34
23755 41
23756 42
23757 34
23758 43
23759 39
23760 49
23761 38
23762 37
23763 44
23764 41
23765 36
23766 39
23767 37
23768 30
23769 37
23770 27
23771 38
23772 33
23773 32
23774 40
23775 29
23776 42
23777 47
23778 INF
23779 34
23780 43
23781 37
23782 42
23783 43
23784 28
23785 32
23786 INF
23787 52
23788 30
23789 35
23790 45
23791 39
23792 41
23793 36
23794 52
23795 25
23796 INF
23797 45
23798 40
23799 32
23800 43
23801 40
23802 43
23803 37
23804 39
23805 44
23806 INF
23807 36
23808 45
23809 38
23810 39
23811 45
23812 40
23813 43
23814 43
23815 24
23816 38
23817 44
23818 35
23819 36
23820 38
23821 INF
23822 32
23823 41
23824 37
23825 37
23826 35
23827 43
23828 27
23829 53
23830 53
23831 34
23832 30
23833 37
23834 44
23835 44
23836 34
23837 44
23838 46
23839 36
23840 48
23841 40
23842 36
23843 45
23844 40
23845 35
23846 38
23847 INF
23848 37
23849 44
23850 40
23851 35
23852 49
23853 44
23854 41
23855 42
23856 INF
23857 36
23858 34
23859 35
23860 31
23861 35
23862 34
23863 42
23864 43
23865 28
23866 44
23867 45
23868 40
23869 30
23870 38
23871 49
23872 31
23873 37
23874 47
23875 35
23876 50
23877 37
23878 29
23879 33
23880 36
23881 INF
23882 34
23883 39
23884 51
23885 48
23886 42
23887 35
23888 41
23889 54
23890 40
23891 19
23892 39
23893 27
23894 34
23895 34
23896 42
23897 38
23898 39
23899 50
23900 33
23901 39
23902 40
23903 41
23904 36
23905 42
23906 38
23907 29
23908 42
23909 43
23910 42
23911 47
23912 36
23913 42
23914 42
23915 39
23916 26
23917 INF
23918 47
23919 INF
23920 48
23921 32
23922 37
23923 39
23924 INF
23925 37
23926 37
23927 34
23928 45
23929 29
23930 40
23931 INF
23932 37
23933 31
23934 38
23935 39
23936 47
23937 35
23938 30
23939 31
23940 35
23941 INF
23942 INF
23943 38
23944 53
23945 35
23946 39
23947 37
23948 43
23949 41
23950 41
23951 36
23952 30
23953 43
23954 36
23955 42
23956 48
23957 38
23958 49
23959 42
23960 34
23961 38
23962 41
23963 36
23964 51
23965 38
23966 35
23967 39
23968 37
23969 44
23970 41
23971 44
23972 40
23973 42
23974 45
23975 INF
23976 INF
23977 33
23978 43
23979 46
23980 40
23981 41
23982 43
23983 44
23984 41
23985 32
23986 37
23987 36
23988 41
23989 33
23990 29
23991 35
23992 INF
23993 45
23994 40
23995 49
23996 41
23997 39
23998 39
23999 34
24000 39
24001 34
24002 32
24003 41
24004 INF
24005 28
24006 51
24007 36
24008 41
24009 40
24010 41
24011 41
24012 36
24013 45
24014 49
24015 43
24016 45
24017 34
24018 37
24019 43
24020 41
24021 34
24022 38
24023 40
24024 51
24025 33
24026 34
24027 36
24028 40
24029 45
24030 36
24031 30
24032 41
24033 51
24034 41
24035 36
24036 39
24037 42
24038 37
24039 29
24040 42
24041 41
24042 38
24043 INF
24044 42
24045 24
24046 39
24047 32
24048 34
24049 34
24050 33
24051 37
24052 37
24053 43
24054 42
24055 INF
24056 37
24057 44
24058 31
24059 41
24060 38
24061 40
24062 32
24063 34
24064 30
24065 40
24066 46
24067 39
24068 39
24069 39
24070 INF
24071 31
24072 48
24073 35
24074 43
24075 51
24076 34
24077 27
24078 33
24079 38
24080 35
24081 41
24082 46
24083 44
24084 43
24085 38
24086 35
24087 43
24088 36
24089 38
24090 34
24091 47
24092 36
24093 24
24094 29
24095 41
24096 42
24097 43
24098 38
24099 40
24100 INF
24101 38
24102 26
24103 32
24104 39
24105 INF
24106 INF
24107 43
24108 33
24109 37
24110 43
24111 39
24112 40
24113 27
24114 34
24115 42
24116 30
24117 35
24118 58
24119 INF
24120 44
24121 45
24122 36
24123 48
24124 42
24125 45
24126 42
24127 49
24128 INF
24129 41
24130 42
24131 31
24132 37
24133 33
24134 41
24135 34
24136 40
24137 40
24138 INF
24139 INF
24140 35
24141 47
24142 32
24143 INF
24144 39
24145 45
24146 36
24147 37
24148 38
24149 42
24150 43
24151 43
24152 42
24153 41
24154 35
24155 INF
24156 37
24157 30
24158 31
24159 INF
24160 35
24161 39
24162 46
24163 30
24164 INF
24165 44
24166 32
24167 41
24168 30
24169 44
24170 38
24171 38
24172 46
24173 32
24174 53
24175 39
24176 41
24177 42
24178 38
24179 48
24180 41
24181 28
24182 21
24183 38
24184 34
24185 44
24186 30
24187 44
24188 34
24189 32
24190 INF
24191 38
24192 31
24193 39
24194 32
24195 58
24196 38
24197 41
24198 INF
24199 41
24200 41
24201 40
24202 33
24203 40
24204 38
24205 48
24206 51
24207 44
24208 33
24209 45
24210 31
24211 41
24212 38
24213 31
24214 31
24215 38
24216 36
24217 INF
24218 41
24219 40
24220 43
24221 44
24222 33
24223 42
24224 45
24225 35
24226 41
24227 40
24228 44
24229 27
24230 38
24231 33
24232 27
24233 33
24234 INF
24235 43
24236 42
24237 58
24238 40
24239 38
24240 34
24241 44
24242 38
24243 42
24244 INF
24245 38
24246 39
24247 52
24248 39
24249 42
24250 44
24251 39
24252 33
24253 45
24254 43
24255 38
24256 20
24257 48
24258 41
24259 39
24260 44
24261 28
24262 44
24263 INF
24264 38
24265 34
24266 36
24267 28
24268 43
24269 35
24270 48
24271 48
24272 37
24273 46
24274 43
24275 35
24276 56
24277 42
24278 24
24279 50
24280 41
24281 30
24282 42
24283 INF
24284 37
24285 43
24286 42
24287 56
24288 42
24289 34
24290 39
24291 34
24292 38
24293 40
24294 INF
24295 52
24296 38
24297 42
24298 41
24299 50
24300 40
24301 29
24302 41
24303 30
24304 34
24305 42
24306 38
24307 45
24308 18
24309 51
24310 31
24311 43
24312 38
24313 32
24314 34
24315 42
24316 36
24317 51
24318 40
24319 35
24320 39
24321 35
24322 INF
24323 41
24324 42
24325 31
24326 42
24327 INF
24328 46
24329 35
24330 41
24331 36
24332 31
24333 48
24334 42
24335 40
24336 40
24337 32
24338 33
24339 42
24340 40
24341 45
24342 40
24343 31
24344 37
24345 42
24346 43
24347 42
24348 38
24349 37
24350 40
24351 38
24352 45
24353 42
24354 INF
24355 36
24356 42
24357 36
24358 39
24359 28
24360 33
24361 41
24362 43
24363 46
24364 51
24365 45
24366 28
24367 41
24368 45
24369 41
24370 33
24371 45
24372 35
24373 29
24374 43
24375 45
24376 45
24377 44
24378 29
24379 37
24380 43
24381 39
24382 45
24383 41
24384 47
24385 INF
24386 35
24387 37
24388 30
24389 35
24390 28
24391 37
24392 31
24393 32
24394 48
24395 43
24396 36
24397 37
24398 32
24399 38
24400 38
24401 37
24402 40
24403 40
24404 35
24405 38
24406 37
24407 49
24408 32
24409 39
24410 41
24411 44
24412 46
24413 28
24414 32
24415 INF
24416 30
24417 43
24418 INF
24419 30
24420 42
24421 41
24422 39
24423 47
24424 34
24425 45
24426 40
24427 45
24428 29
24429 INF
24430 46
24431 35
24432 56
24433 35
24434 39
24435 38
24436 51
24437 40
24438 21
24439 36
24440 29
24441 39
24442 41
24443 INF
24444 46
24445 32
24446 37
24447 41
24448 32
24449 40
24450 41
24451 38
24452 39
24453 34
24454 43
24455 50
24456 39
24457 40
24458 41
24459 44
24460 35
24461 48
24462 37
24463 39
24464 38
24465 39
24466 35
24467 28
24468 39
24469 44
24470 34
24471 45
24472 41
24473 41
24474 32
24475 46
24476 34
24477 52
24478 37
24479 37
24480 41
24481 INF
24482 INF
24483 45
24484 36
24485 30
24486 36
24487 46
24488 24
24489 34
24490 49
24491 43
24492 40
24493 42
24494 31
24495 29
24496 32
24497 55
24498 40
24499 40
24500 40
24501 38
24502 48
24503 32
24504 34
24505 43
24506 37
24507 27
24508 28
24509 42
24510 37
24511 38
24512 34
24513 44
24514 41
24515 43
24516 34
24517 49
24518 41
24519 45
24520 29
24521 INF
24522 41
24523 31
24524 28
24525 47
24526 41
24527 35
24528 40
24529 43
24530 41
24531 40
24532 46
24533 26
24534 35
24535 40
24536 31
24537 42
24538 36
24539 50
24540 41
24541 41
24542 41
24543 32
24544 33
24545 37
24546 39
24547 27
24548 42
24549 39
24550 47
24551 44
24552 46
24553 44
24554 35
24555 INF
24556 37
24557 32
24558 36
24559 37
24560 44
24561 32
24562 37
24563 40
24564 39
24565 40
24566 45
24567 36
24568 42
24569 INF
24570 47
24571 45
24572 34
24573 29
24574 INF
24575 39
24576 31
24577 51
24578 23
24579 43
24580 33
24581 43
24582 37
24583 27
24584 18
24585 30
24586 46
24587 42
24588 39
24589 38
24590 38
24591 46
24592 45
24593 39
24594 49
24595 36
24596 48
24597 47
24598 36
24599 35
24600 26
24601 40
24602 44
24603 40
24604 44
24605 35
24606 35
24607 31
24608 36
24609 48
24610 40
24611 26
24612 32
24613 46
24614 41
24615 31
24616 35
24617 24
24618 INF
24619 40
24620 47
24621 40
24622 31
24623 38
24624 39
24625 40
24626 42
24627 44
24628 INF
24629 42
24630 37
24631 37
24632 41
24633 37
24634 42
24635 41
24636 35
24637 37
24638 52
24639 30
24640 33
24641 40
24642 39
24643 52
24644 41
24645 42
24646 38
24647 29
24648 44
24649 39
24650 32
24651 47
24652 44
24653 52
24654 36
24655 38
24656 INF
24657 42
24658 45
24659 33
24660 31
24661 44
24662 38
24663 35
24664 43
24665 36
24666 45
24667 40
24668 36
24669 31
24670 INF
24671 42
24672 35
24673 31
24674 41
24675 37
24676 33
24677 42
24678 20
24679 40
24680 36
24681 41
24682 34
24683 38
24684 41
24685 47
24686 38
24687 37
24688 35
24689 39
24690 39
24691 40
24692 40
24693 38
24694 INF
24695 53
24696 29
24697 39
24698 41
24699 34
24700 47
24701 32
24702 39
24703 35
24704 40
24705 43
24706 43
24707 33
24708 39
24709 42
24710 37
24711 39
24712 49
24713 38
24714 45
24715 44
24716 46
24717 38
24718 43
24719 42
24720 42
24721 57
24722 31
24723 64
24724 39
24725 41
24726 34
24727 47
24728 INF
24729 41
24730 47
24731 40
24732 34
24733 46
24734 46
24735 42
24736 37
24737 44
24738 INF
24739 43
24740 20
24741 35
24742 31
24743 34
24744 49
24745 18
24746 40
24747 51
24748 43
24749 36
24750 38
24751 45
24752 INF
24753 37
24754 34
24755 41
24756 46
24757 36
24758 42
24759 39
24760 36
24761 51
24762 42
24763 47
24764 39
24765 45
24766 50
24767 40
24768 29
24769 51
24770 32
24771 36
24772 41
24773 46
24774 41
24775 35
24776 INF
24777 47
24778 36
24779 46
24780 44
24781 27
24782 33
24783 32
24784 43
24785 40
24786 39
24787 35
24788 40
24789 38
24790 34
24791 47
24792 38
24793 44
24794 37
24795 44
24796 40
24797 43
24798 40
24799 36
24800 36
24801 INF
24802 38
24803 48
24804 43
24805 43
24806 37
24807 40
24808 36
24809 41
24810 46
24811 51
24812 31
24813 42
24814 56
24815 45
24816 INF
24817 42
24818 39
24819 37
24820 44
24821 49
24822 43
24823 23
24824 33
24825 45
24826 28
24827 25
24828 47
24829 35
24830 29
24831 49
24832 46
24833 51
24834 36
24835 32
24836 38
24837 44
24838 41
24839 33
24840 47
24841 40
24842 34
24843 47
24844 35
24845 46
24846 45
24847 35
24848 56
24849 43
24850 53
24851 40
24852 33
24853 41
24854 38
24855 45
24856 46
24857 35
24858 37
24859 29
24860 50
24861 39
24862 46
24863 37
24864 43
24865 INF
24866 44
24867 27
24868 34
24869 42
24870 35
24871 35
24872 46
24873 40
24874 38
24875 47
24876 36
24877 41
24878 33
24879 42
24880 33
24881 43
24882 38
24883 51
24884 41
24885 41
24886 34
24887 32
24888 37
24889 42
24890 39
24891 44
24892 47
24893 44
24894 43
24895 29
24896 41
24897 47
24898 35
24899 37
24900 33
24901 45
24902 35
24903 INF
24904 35
24905 48
24906 48
24907 38
24908 40
24909 43
24910 29
24911 39
24912 36
24913 41
24914 36
24915 22
24916 40
24917 42
24918 43
24919 45
24920 43
24921 33
24922 55
24923 51
24924 37
24925 38
24926 24
24927 27
24928 35
24929 33
24930 41
24931 47
24932 29
24933 40
24934 45
24935 37
24936 32
24937 40
24938 37
24939 INF
24940 48
24941 37
24942 47
24943 37
24944 33
24945 46
24946 32
24947 40
24948 35
24949 38
24950 42
24951 44
24952 INF
24953 41
24954 41
24955 31
24956 26
24957 35
24958 42
24959 45
24960 44
24961 32
24962 30
24963 33
24964 38
24965 40
24966 41
24967 33
24968 INF
24969 39
24970 32
24971 33
24972 36
24973 38
24974 34
24975 31
24976 40
24977 43
24978 42
24979 39
24980 INF
24981 42
24982 41
24983 30
24984 49
24985 41
24986 38
24987 44
24988 45
24989 42
24990 INF
24991 37
24992 37
24993 38
24994 50
24995 36
24996 33
24997 40
24998 34
24999 31
25000 35
25001 36
25002 41
25003 37
25004 34
25005 38
25006 INF
25007 46
25008 18
25009 40
25010 39
25011 44
25012 41
25013 45
25014 25
25015 40
25016 43
25017 47
25018 47
25019 44
25020 40
25021 30
25022 33
25023 44
25024 45
25025 32
25026 34
25027 39
25028 42
25029 34
25030 41
25031 31
25032 41
25033 27
25034 34
25035 45
25036 39
25037 32
25038 31
25039 39
25040 30
25041 50
25042 INF
25043 47
25044 40
25045 42
25046 37
25047 39
25048 INF
25049 41
25050 38
25051 43
25052 45
25053 46
25054 24
25055 37
25056 42
25057 38
25058 33
25059 42
25060 36
25061 22
25062 41
25063 41
25064 34
25065 36
25066 35
25067 34
25068 INF
25069 47
25070 40
25071 51
25072 INF
25073 35
25074 32
25075 36
25076 44
25077 36
25078 36
25079 28
25080 38
25081 37
25082 32
25083 39
25084 49
25085 45
25086 35
25087 41
25088 44
25089 38
25090 38
25091 38
25092 31
25093 40
25094 33
25095 45
25096 30
25097 37
25098 INF
25099 42
25100 35
25101 35
25102 24
25103 38
25104 49
25105 35
25106 37
25107 29
25108 31
25109 35
25110 50
25111 39
25112 54
25113 33
25114 34
25115 37
25116 38
25117 39
25118 32
25119 30
25120 31
25121 34
25122 49
25123 34
25124 36
25125 INF
25126 39
25127 58
25128 34
25129 46
25130 36
25131 60
25132 44
25133 37
25134 37
25135 38
25136 INF
25137 46
25138 30
25139 41
25140 49
25141 45
25142 46
25143 30
25144 32
25145 32
25146 41
25147 46
25148 38
25149 40
25150 46
25151 44
25152 44
25153 42
25154 45
25155 38
25156 39
25157 38
25158 34
25159 40
25160 31
25161 32
25162 43
25163 47
25164 30
25165 48
25166 53
25167 26
25168 51
25169 39
25170 29
25171 39
25172 49
25173 28
25174 28
25175 22
25176 29
25177 42
25178 44
25179 39
25180 45
25181 39
25182 42
25183 35
25184 INF
25185 39
25186 52
25187 INF
25188 48
25189 47
25190 INF
25191 53
25192 36
25193 49
25194 43
25195 42
25196 24
25197 43
25198 49
25199 39
25200 28
25201 39
25202 42
25203 33
25204 30
25205 34
25206 49
25207 38
25208 38
25209 43
25210 INF
25211 41
25212 42
25213 50
25214 43
25215 43
25216 INF
25217 36
25218 40
25219 27
25220 51
25221 INF
25222 37
25223 49
25224 43
25225 49
25226 40
25227 40
25228 32
25229 35
25230 38
25231 35
25232 44
25233 38
25234 42
25235 47
25236 36
25237 40
25238 43
25239 42
25240 43
25241 36
25242 40
25243 37
25244 45
25245 42
25246 43
25247 40
25248 41
25249 INF
25250 38
25251 36
25252 40
25253 29
25254 35
25255 25
25256 40
25257 39
25258 41
25259 48
25260 33
25261 INF
25262 37
25263 35
25264 39
25265 37
25266 37
25267 43
25268 37
25269 38
25270 23
25271 43
25272 40
25273 32
25274 42
25275 38
25276 43
25277 37
25278 34
25279 38
25280 37
25281 23
25282 40
25283 45
25284 32
25285 32
25286 42
25287 41
25288 48
25289 46
25290 35
25291 37
25292 INF
25293 40
25294 31
25295 46
25296 32
25297 47
25298 44
25299 49
25300 42
25301 34
25302 38
25303 36
25304 INF
25305 48
25306 35
25307 38
25308 29
25309 42
25310 39
25311 32
25312 34
25313 43
25314 45
25315 26
25316 35
25317 38
25318 41
25319 46
25320 39
25321 35
25322 INF
25323 28
25324 45
25325 36
25326 43
25327 43
25328 40
25329 53
25330 35
25331 43
25332 43
25333 46
25334 33
25335 35
25336 36
25337 38
25338 42
25339 39
25340 36
25341 40
25342 INF
25343 32
25344 38
25345 34
25346 28
25347 39
25348 39
25349 40
25350 35
25351 45
25352 44
25353 41
25354 37
25355 40
25356 37
25357 31
25358 37
25359 38
25360 43
25361 40
25362 46
25363 28
25364 33
25365 29
25366 37
25367 39
25368 35
25369 36
25370 34
25371 36
25372 37
25373 42
25374 40
25375 35
25376 36
25377 51
25378 42
25379 INF
25380 42
25381 34
25382 32
25383 38
25384 35
25385 44
25386 37
25387 35
25388 43
25389 37
25390 45
25391 35
25392 28
25393 34
25394 42
25395 31
25396 29
25397 41
25398 29
25399 47
25400 33
25401 43
25402 43
25403 38
25404 37
25405 25
25406 46
25407 27
25408 39
25409 41
25410 INF
25411 35
25412 31
25413 50
25414 51
25415 40
25416 INF
25417 56
25418 41
25419 34
25420 43
25421 35
25422 INF
25423 41
25424 49
25425 38
25426 INF
25427 39
25428 37
25429 36
25430 54
25431 35
25432 29
25433 44
25434 32
25435 41
25436 46
25437 39
25438 33
25439 35
25440 INF
25441 33
25442 43
25443 52
25444 28
25445 51
25446 42
25447 31
25448 28
25449 33
25450 39
25451 38
25452 43
25453 37
25454 42
25455 40
25456 INF
25457 48
25458 35
25459 46
25460 27
25461 44
25462 45
25463 37
25464 53
25465 35
25466 39
25467 27
25468 39
25469 35
25470 34
25471 50
25472 34
25473 49
25474 38
25475 INF
25476 43
25477 21
25478 37
25479 28
25480 37
25481 35
25482 28
25483 23
25484 44
25485 31
25486 39
25487 INF
25488 42
25489 40
25490 39
25491 58
25492 48
25493 38
25494 INF
25495 31
25496 42
25497 37
25498 42
25499 42
25500 75
25501 43
25502 INF
25503 32
25504 37
25505 43
25506 36
25507 INF
25508 41
25509 44
25510 44
25511 42
25512 39
25513 48
25514 48
25515 24
25516 39
25517 30
25518 35
25519 46
25520 40
25521 37
25522 42
25523 41
25524 36
25525 34
25526 40
25527 32
25528 42
25529 48
25530 43
25531 37
25532 INF
25533 35
25534 41
25535 30
25536 39
25537 48
25538 45
25539 37
25540 37
25541 35
25542 42
25543 31
25544 30
25545 36
25546 43
25547 37
25548 38
25549 41
25550 36
25551 40
25552 42
25553 60
25554 42
25555 40
25556 45
25557 40
25558 33
25559 46
25560 39
25561 44
25562 41
25563 36
25564 39
25565 41
25566 48
25567 31
25568 45
25569 40
25570 49
25571 19
25572 42
25573 40
25574 44
25575 43
25576 47
25577 29
25578 40
25579 29
25580 34
25581 45
25582 38
25583 38
25584 43
25585 49
25586 38
25587 40
25588 43
25589 42
25590 26
25591 45
25592 31
25593 41
25594 46
25595 24
25596 39
25597 34
25598 23
25599 39
25600 39
25601 38
25602 31
25603 53
25604 29
25605 37
25606 45
25607 44
25608 43
25609 40
25610 38
25611 39
25612 41
25613 38
25614 36
25615 29
25616 50
25617 INF
25618 32
25619 44
25620 INF
25621 35
25622 33
25623 37
25624 35
25625 43
25626 35
25627 51
25628 30
25629 41
25630 28
25631 34
25632 INF
25633 39
25634 47
25635 44
25636 43
25637 44
25638 41
25639 33
25640 INF
25641 44
25642 39
25643 44
25644 26
25645 41
25646 44
25647 36
25648 42
25649 38
25650 29
25651 40
25652 31
25653 38
25654 42
25655 37
25656 23
25657 31
25658 41
25659 36
25660 53
25661 34
25662 37
25663 36
25664 36
25665 36
25666 36
25667 42
25668 63
25669 INF
25670 47
25671 39
25672 37
25673 39
25674 INF
25675 47
25676 34
25677 45
25678 40
25679 34
25680 40
25681 46
25682 26
25683 27
25684 49
25685 45
25686 INF
25687 38
25688 INF
25689 47
25690 39
25691 37
25692 44
25693 48
25694 INF
25695 33
25696 18
25697 37
25698 27
25699 37
25700 46
25701 44
25702 INF
25703 27
25704 56
25705 53
25706 41
25707 36
25708 45
25709 43
25710 39
25711 45
25712 24
25713 42
25714 46
25715 39
25716 24
25717 38
25718 42
25719 40
25720 33
25721 36
25722 41
25723 32
25724 48
25725 45
25726 40
25727 43
25728 34
25729 46
25730 45
25731 36
25732 35
25733 INF
25734 29
25735 35
25736 48
25737 41
25738 36
25739 47
25740 17
25741 INF
25742 49
25743 48
25744 50
25745 INF
25746 31
25747 34
25748 37
25749 40
25750 35
25751 42
25752 INF
25753 32
25754 36
25755 27
25756 INF
25757 51
25758 30
25759 34
25760 37
25761 15
25762 39
25763 36
25764 INF
25765 43
25766 39
25767 37
25768 38
25769 40
25770 38
25771 39
25772 32
25773 35
25774 34
25775 34
25776 36
25777 44
25778 46
25779 38
25780 38
25781 40
25782 30
25783 29
25784 41
25785 58
25786 52
25787 45
25788 47
25789 39
25790 36
25791 49
25792 40
25793 40
25794 47
25795 44
25796 INF
25797 44
25798 34
25799 43
25800 39
25801 48
25802 43
25803 29
25804 34
25805 35
25806 40
25807 38
25808 47
25809 39
25810 35
25811 44
25812 44
25813 46
25814 39
25815 INF
25816 38
25817 42
25818 28
25819 47
25820 29
25821 INF
25822 42
25823 43
25824 31
25825 42
25826 21
25827 37
25828 31
25829 36
25830 36
25831 30
25832 37
25833 41
25834 30
25835 35
25836 45
25837 49
25838 45
25839 26
25840 31
25841 38
25842 30
25843 39
25844 38
25845 38
25846 30
25847 47
25848 45
25849 34
25850 50
25851 36
25852 42
25853 43
25854 36
25855 37
25856 44
25857 42
25858 48
25859 38
25860 32
25861 40
25862 39
25863 32
25864 42
25865 46
25866 57
25867 37
25868 37
25869 37
25870 45
25871 27
25872 40
25873 25
25874 51
25875 33
25876 40
25877 47
25878 43
25879 43
25880 35
25881 42
25882 36
25883 39
25884 46
25885 36
25886 31
25887 51
25888 45
25889 52
25890 32
25891 51
25892 34
25893 37
25894 41
25895 32
25896 43
25897 43
25898 41
25899 35
25900 INF
25901 39
25902 39
25903 INF
25904 INF
25905 29
25906 43
25907 47
25908 50
25909 36
25910 30
25911 INF
25912 44
25913 44
25914 38
25915 34
25916 37
25917 33
25918 49
25919 42
25920 34
25921 33
25922 39
25923 50
25924 40
25925 38
25926 39
25927 34
25928 28
25929 38
25930 44
25931 37
25932 43
25933 42
25934 44
25935 55
25936 44
25937 30
25938 43
25939 50
25940 38
25941 31
25942 39
25943 40
25944 45
25945 38
25946 39
25947 INF
25948 34
25949 52
25950 37
25951 38
25952 40
25953 31
25954 INF
25955 47
25956 44
25957 36
25958 43
25959 44
25960 35
25961 43
25962 50
25963 47
25964 39
25965 49
25966 43
25967 49
25968 29
25969 38
25970 46
25971 39
25972 35
25973 39
25974 39
25975 35
25976 42
25977 41
25978 INF
25979 40
25980 35
25981 INF
25982 36
25983 20
25984 53
25985 39
25986 34
25987 44
25988 25
25989 39
25990 27
25991 38
25992 42
25993 44
25994 41
25995 INF
25996 42
25997 40
25998 32
25999 41
26000 51
26001 INF
26002 45
26003 35
26004 INF
26005 37
26006 31
26007 43
26008 39
26009 45
26010 52
26011 44
26012 42
26013 53
26014 37
26015 55
26016 37
26017 46
26018 43
26019 44
26020 52
26021 36
26022 41
26023 31
26024 30
26025 39
26026 45
26027 37
26028 42
26029 37
26030 45
26031 34
26032 48
26033 38
26034 39
26035 42
26036 43
26037 42
26038 26
26039 35
26040 24
26041 28
26042 32
26043 37
26044 49
26045 30
26046 INF
26047 40
26048 40
26049 42
26050 37
26051 31
26052 47
26053 46
26054 44
26055 38
26056 39
26057 42
26058 42
26059 41
26060 31
26061 33
26062 38
26063 31
26064 38
26065 37
26066 37
26067 29
26068 43
26069 36
26070 38
26071 INF
26072 37
26073 42
26074 41
26075 34
26076 38
26077 45
26078 38
26079 51
26080 40
26081 30
26082 36
26083 35
26084 43
26085 46
26086 41
26087 35
26088 43
26089 35
26090 33
26091 INF
26092 21
26093 34
26094 22
26095 40
26096 43
26097 44
26098 37
26099 34
26100 41
26101 45
26102 41
26103 40
26104 39
26105 55
26106 40
26107 INF
26108 INF
26109 39
26110 32
26111 30
26112 32
26113 40
26114 37
26115 40
26116 37
26117 29
26118 42
26119 44
26120 41
26121 38
26122 44
26123 54
26124 41
26125 40
26126 28
26127 43
26128 46
26129 44
26130 35
26131 45
26132 43
26133 40
26134 43
26135 40
26136 34
26137 38
26138 39
26139 INF
26140 32
26141 33
26142 42
26143 40
26144 25
26145 47
26146 42
26147 30
26148 39
26149 37
26150 47
26151 46
26152 36
26153 25
26154 21
26155 29
26156 40
26157 37
26158 45
26159 INF
26160 49
26161 42
26162 40
26163 43
26164 33
26165 32
26166 42
26167 33
26168 53
26169 27
26170 44
26171 30
26172 41
26173 38
26174 32
26175 39
26176 38
26177 43
26178 40
26179 37
26180 42
26181 39
26182 40
26183 35
26184 38
26185 38
26186 42
26187 35
26188 34
26189 42
26190 35
26191 37
26192 34
26193 51
26194 33
26195 37
26196 29
26197 43
26198 20
26199 33
26200 43
26201 28
26202 40
26203 42
26204 39
26205 42
26206 36
26207 39
26208 23
26209 36
26210 31
26211 34
26212 36
26213 INF
26214 40
26215 34
26216 37
26217 41
26218 INF
26219 49
26220 INF
26221 45
26222 47
26223 25
26224 33
26225 35
26226 34
26227 40
26228 41
26229 32
26230 31
26231 32
26232 INF
26233 38
26234 35
26235 41
26236 38
26237 37
26238 30
26239 INF
26240 41
26241 32
26242 41
26243 55
26244 36
26245 36
26246 42
26247 39
26248 43
26249 41
26250 40
26251 36
26252 44
26253 42
26254 35
26255 38
26256 21
26257 45
26258 41
26259 42
26260 28
26261 39
26262 40
26263 41
26264 38
26265 37
26266 42
26267 28
26268 29
26269 INF
26270 40
26271 17
26272 50
26273 40
26274 54
26275 35
26276 INF
26277 43
26278 42
26279 37
26280 38
26281 43
26282 38
26283 31
26284 32
26285 40
26286 36
26287 40
26288 42
26289 39
26290 28
26291 INF
26292 43
26293 34
26294 40
26295 38
26296 44
26297 44
26298 40
26299 31
26300 45
26301 48
26302 INF
26303 INF
26304 31
26305 40
26306 48
26307 37
26308 41
26309 33
26310 45
26311 35
26312 39
26313 44
26314 36
26315 40
26316 43
26317 38
26318 43
26319 46
26320 INF
26321 44
26322 INF
26323 33
26324 40
26325 29
26326 43
26327 43
26328 37
26329 37
26330 40
26331 39
26332 36
26333 46
26334 40
26335 28
26336 33
26337 40
26338 30
26339 41
26340 INF
26341 34
26342 39
26343 40
26344 41
26345 50
26346 39
26347 33
26348 37
26349 42
26350 42
26351 38
26352 45
26353 37
26354 43
26355 48
26356 39
26357 53
26358 44
26359 36
26360 46
26361 45
26362 47
26363 51
26364 44
26365 52
26366 32
26367 48
26368 30
26369 24
26370 39
26371 41
26372 INF
26373 49
26374 32
26375 39
26376 INF
26377 38
26378 41
26379 45
26380 35
26381 44
26382 55
26383 39
26384 38
26385 56
26386 42
26387 33
26388 43
26389 30
26390 INF
26391 35
26392 40
26393 28
26394 40
26395 39
26396 37
26397 38
26398 47
26399 40
26400 44
26401 35
26402 42
26403 46
26404 37
26405 49
26406 INF
26407 42
26408 38
26409 44
26410 37
26411 41
26412 42
26413 39
26414 INF
26415 34
26416 33
26417 38
26418 40
26419 40
26420 37
26421 37
26422 38
26423 INF
26424 37
26425 36
26426 31
26427 44
26428 43
26429 36
26430 37
26431 42
26432 43
26433 44
26434 36
26435 39
26436 36
26437 43
26438 48
26439 39
26440 43
26441 37
26442 46
26443 40
26444 34
26445 46
26446 45
26447 31
26448 42
26449 33
26450 45
26451 41
26452 44
26453 43
26454 28
26455 35
26456 39
26457 40
26458 46
26459 47
26460 40
26461 36
26462 22
26463 49
26464 30
26465 51
26466 36
26467 39
26468 37
26469 34
26470 36
26471 42
26472 43
26473 40
26474 27
26475 25
26476 34
26477 29
26478 45
26479 32
26480 32
26481 38
26482 40
26483 32
26484 36
26485 32
26486 35
26487 34
26488 55
26489 43
26490 44
26491 31
26492 48
26493 40
26494 38
26495 47
26496 47
26497 28
26498 42
26499 45
26500 48
26501 35
26502 45
26503 41
26504 43
26505 31
26506 38
26507 47
26508 43
26509 49
26510 49
26511 32
26512 39
26513 43
26514 33
26515 39
26516 51
26517 39
26518 50
26519 32
26520 36
26521 43
26522 30
26523 INF
26524 48
26525 35
26526 39
26527 44
26528 39
26529 42
26530 36
26531 48
26532 42
26533 34
26534 36
26535 47
26536 39
26537 42
26538 38
26539 42
26540 43
26541 36
26542 23
26543 41
26544 45
26545 33
26546 40
26547 42
26548 48
26549 51
26550 35
26551 43
26552 43
26553 27
26554 43
26555 48
26556 44
26557 51
26558 41
26559 43
26560 INF
26561 38
26562 42
26563 35
26564 35
26565 40
26566 35
26567 35
26568 42
26569 59
26570 29
26571 49
26572 INF
26573 INF
26574 41
26575 42
26576 47
26577 44
26578 43
26579 39
26580 46
26581 40
26582 35
26583 24
26584 26
26585 41
26586 34
26587 38
26588 42
26589 37
26590 26
26591 39
26592 44
26593 36
26594 39
26595 37
26596 36
26597 49
26598 37
26599 32
26600 45
26601 50
26602 43
26603 42
26604 30
26605 28
26606 45
26607 18
26608 44
26609 39
26610 33
26611 40
26612 38
26613 43
26614 35
26615 INF
26616 33
26617 46
26618 41
26619 44
26620 44
26621 36
26622 35
26623 39
26624 40
26625 43
26626 36
26627 49
26628 27
26629 INF
26630 38
26631 42
26632 50
26633 41
26634 38
26635 INF
26636 41
26637 36
26638 39
26639 29
26640 40
26641 46
26642 40
26643 37
26644 46
26645 37
26646 INF
26647 38
26648 45
26649 38
26650 40
26651 40
26652 51
26653 33
26654 35
26655 26
26656 37
26657 INF
26658 39
26659 46
26660 41
26661 47
26662 44
26663 35
26664 34
26665 48
26666 40
26667 43
26668 37
26669 35
26670 42
26671 42
26672 40
26673 INF
26674 36
26675 53
26676 38
26677 39
26678 38
26679 29
26680 38
26681 38
26682 INF
26683 42
26684 33
26685 44
26686 34
26687 INF
26688 43
26689 39
26690 43
26691 28
26692 40
26693 42
26694 34
26695 44
26696 36
26697 43
26698 38
26699 41
26700 INF
26701 38
26702 37
26703 42
26704 43
26705 43
26706 39
26707 40
26708 49
26709 40
26710 46
26711 29
26712 30
26713 41
26714 35
26715 39
26716 36
26717 32
26718 43
26719 41
26720 41
26721 38
26722 41
26723 31
26724 37
26725 47
26726 35
26727 42
26728 32
26729 45
26730 36
26731 47
26732 35
26733 33
26734 38
26735 32
26736 43
26737 38
26738 13
26739 49
26740 42
26741 INF
26742 39
26743 46
26744 42
26745 40
26746 51
26747 INF
26748 INF
26749 40
26750 38
26751 INF
26752 31
26753 45
26754 37
26755 42
26756 37
26757 34
26758 39
26759 39
26760 42
26761 44
26762 33
26763 37
26764 38
26765 34
26766 INF
26767 43
26768 38
26769 43
26770 47
26771 43
26772 INF
26773 42
26774 37
26775 40
26776 30
26777 42
26778 41
26779 51
26780 INF
26781 35
26782 28
26783 38
26784 42
26785 39
26786 37
26787 30
26788 38
26789 36
26790 39
26791 INF
26792 39
26793 29
26794 27
26795 38
26796 32
26797 31
26798 INF
26799 INF
26800 43
26801 44
26802 42
26803 52
26804 24
26805 37
26806 36
26807 55
26808 37
26809 52
26810 47
26811 44
26812 INF
26813 36
26814 24
26815 37
26816 44
26817 41
26818 33
26819 37
26820 47
26821 38
26822 33
26823 38
26824 42
26825 47
26826 46
26827 42
26828 48
26829 39
26830 29
26831 31
26832 24
26833 38
26834 37
26835 37
26836 34
26837 42
26838 INF
26839 41
26840 40
26841 28
26842 54
26843 24
26844 45
26845 38
26846 42
26847 36
26848 39
26849 INF
26850 35
26851 37
26852 INF
26853 35
26854 30
26855 37
26856 38
26857 32
26858 33
26859 26
26860 38
26861 35
26862 48
26863 35
26864 43
26865 33
26866 38
26867 49
26868 37
26869 44
26870 37
26871 38
26872 35
26873 41
26874 45
26875 45
26876 34
26877 32
26878 51
26879 40
26880 32
26881 34
26882 35
26883 41
26884 INF
26885 33
26886 41
26887 32
26888 30
26889 36
26890 37
26891 INF
26892 32
26893 39
26894 38
26895 37
26896 47
26897 37
26898 41
26899 42
26900 42
26901 48
26902 41
26903 32
26904 38
26905 40
26906 40
26907 42
26908 44
26909 29
26910 47
26911 53
26912 INF
26913 53
26914 41
26915 33
26916 32
26917 33
26918 37
26919 36
26920 41
26921 39
26922 39
26923 37
26924 38
26925 41
26926 41
26927 39
26928 40
26929 49
26930 26
26931 33
26932 38
26933 44
26934 40
26935 48
26936 51
26937 36
26938 37
26939 40
26940 26
26941 42
26942 INF
26943 42
26944 47
26945 26
26946 40
26947 36
26948 50
26949 47
26950 46
26951 32
26952 47
26953 35
26954 33
26955 INF
26956 44
26957 29
26958 31
26959 31
26960 43
26961 39
26962 INF
26963 37
26964 48
26965 46
26966 INF
26967 37
26968 41
26969 43
26970 34
26971 29
26972 38
26973 41
26974 39
26975 34
26976 34
26977 40
26978 40
26979 40
26980 37
26981 36
26982 39
26983 32
26984 47
26985 47
26986 47
26987 INF
26988 30
26989 34
26990 38
26991 40
26992 42
26993 52
26994 37
26995 39
26996 43
26997 39
26998 35
26999 36
27000 43
27001 47
27002 45
27003 51
27004 43
27005 31
27006 40
27007 44
27008 41
27009 20
27010 35
27011 59
27012 INF
27013 41
27014 25
27015 42
27016 52
27017 45
27018 45
27019 29
27020 38
27021 12
27022 39
27023 41
27024 40
27025 39
27026 31
27027 38
27028 46
27029 48
27030 50
27031 44
27032 33
27033 34
27034 41
27035 38
27036 45
27037 35
27038 46
27039 40
27040 41
27041 43
27042 56
27043 44
27044 36
27045 45
27046 36
27047 32
27048 38
27049 37
27050 37
27051 54
27052 40
27053 45
27054 39
27055 31
27056 33
27057 38
27058 25
27059 43
27060 20
27061 37
27062 34
27063 38
27064 43
27065 45
27066 36
27067 31
27068 35
27069 36
27070 35
27071 42
27072 56
27073 38
27074 40
27075 41
27076 44
27077 39
27078 36
27079 INF
27080 38
27081 40
27082 40
27083 47
27084 38
27085 38
27086 41
27087 50
27088 49
27089 50
27090 48
27091 36
27092 39
27093 41
27094 35
27095 41
27096 33
27097 37
27098 INF
27099 43
27100 INF
27101 39
27102 38
27103 37
27104 46
27105 44
27106 43
27107 34
27108 37
27109 38
27110 INF
27111 36
27112 41
27113 35
27114 61
27115 48
27116 39
27117 39
27118 43
27119 36
27120 35
27121 41
27122 35
27123 37
27124 37
27125 44
27126 39
27127 29
27128 48
27129 INF
27130 41
27131 36
27132 32
27133 39
27134 27
27135 36
27136 48
27137 39
27138 34
27139 35
27140 47
27141 38
27142 44
27143 39
27144 41
27145 47
27146 41
27147 46
27148 37
27149 49
27150 45
27151 41
27152 53
27153 18
27154 38
27155 33
27156 39
27157 40
27158 44
27159 35
27160 40
27161 36
27162 43
27163 43
27164 40
27165 40
27166 36
27167 37
27168 38
27169 38
27170 44
27171 34
27172 21
27173 42
27174 33
27175 32
27176 INF
27177 41
27178 41
27179 40
27180 44
27181 39
27182 28
27183 56
27184 43
27185 39
27186 36
27187 30
27188 41
27189 45
27190 INF
27191 41
27192 32
27193 41
27194 40
27195 32
27196 46
27197 37
27198 INF
27199 44
27200 35
27201 37
27202 31
27203 41
27204 39
27205 52
27206 43
27207 49
27208 34
27209 48
27210 38
27211 36
27212 INF
27213 32
27214 37
27215 39
27216 38
27217 INF
27218 48
27219 39
27220 41
27221 51
27222 34
27223 54
27224 37
27225 33
27226 38
27227 34
27228 30
27229 42
27230 32
27231 39
27232 39
27233 35
27234 39
27235 39
27236 44
27237 38
27238 40
27239 26
27240 43
27241 42
27242 49
27243 44
27244 50
27245 42
27246 45
27247 32
27248 42
27249 31
27250 46
27251 36
27252 38
27253 39
27254 INF
27255 55
27256 39
27257 34
27258 41
27259 36
27260 36
27261 53
27262 49
27263 INF
27264 23
27265 INF
27266 39
27267 40
27268 43
27269 38
27270 40
27271 38
27272 INF
27273 INF
27274 42
27275 40
27276 42
27277 40
27278 41
27279 41
27280 33
27281 27
27282 42
27283 38
27284 31
27285 44
27286 33
27287 33
27288 36
27289 39
27290 34
27291 50
27292 34
27293 40
27294 37
27295 44
27296 39
27297 40
27298 34
27299 33
27300 27
27301 32
27302 36
27303 33
27304 44
27305 39
27306 33
27307 38
27308 31
27309 35
27310 37
27311 36
27312 INF
27313 41
27314 INF
27315 INF
27316 37
27317 33
27318 40
27319 44
27320 INF
27321 19
27322 22
27323 37
27324 31
27325 37
27326 40
27327 21
27328 42
27329 53
27330 40
27331 41
27332 44
27333 39
27334 44
27335 33
27336 43
27337 47
27338 42
27339 36
27340 36
27341 37
27342 37
27343 38
27344 39
27345 39
27346 39
27347 23
27348 55
27349 44
27350 51
27351 INF
27352 24
27353 38
27354 34
27355 42
27356 40
27357 32
27358 37
27359 34
27360 39
27361 INF
27362 43
27363 37
27364 38
27365 54
27366 42
27367 40
27368 40
27369 40
27370 41
27371 42
27372 38
27373 32
27374 45
27375 39
27376 38
27377 34
27378 34
27379 37
27380 43
27381 34
27382 38
27383 INF
27384 41
27385 43
27386 41
27387 42
27388 46
27389 39
27390 31
27391 INF
27392 38
27393 35
27394 40
27395 35
27396 35
27397 42
27398 36
27399 42
27400 34
27401 44
27402 INF
27403 41
27404 40
27405 43
27406 40
27407 43
27408 23
27409 44
27410 33
27411 26
27412 46
27413 22
27414 33
27415 48
27416 41
27417 57
27418 39
27419 33
27420 36
27421 32
27422 INF
27423 40
27424 48
27425 INF
27426 INF
27427 34
27428 38
27429 35
27430 34
27431 38
27432 44
27433 32
27434 32
27435 32
27436 38
27437 28
27438 48
27439 45
27440 45
27441 28
27442 41
27443 45
27444 38
27445 39
27446 39
27447 38
27448 34
27449 38
27450 37
27451 43
27452 45
27453 37
27454 41
27455 31
27456 30
27457 37
27458 36
27459 INF
27460 43
27461 50
27462 54
27463 41
27464 49
27465 45
27466 26
27467 31
27468 41
27469 37
27470 41
27471 47
27472 39
27473 37
27474 42
27475 39
27476 36
27477 38
27478 42
27479 54
27480 44
27481 46
27482 47
27483 37
27484 41
27485 58
27486 35
27487 25
27488 47
27489 43
27490 37
27491 49
27492 INF
27493 48
27494 34
27495 45
27496 43
27497 38
27498 32
27499 44
27500 22
27501 INF
27502 36
27503 37
27504 44
27505 36
27506 26
27507 41
27508 32
27509 43
27510 44
27511 44
27512 INF
27513 42
27514 44
27515 36
27516 39
27517 35
27518 41
27519 38
27520 42
27521 42
27522 40
27523 42
27524 22
27525 45
27526 31
27527 27
27528 55
27529 29
27530 39
27531 34
27532 39
27533 40
27534 37
27535 41
27536 40
27537 28
27538 42
27539 41
27540 50
27541 37
27542 52
27543 35
27544 32
27545 37
27546 47
27547 48
27548 45
27549 35
27550 32
27551 38
27552 33
27553 52
27554 25
27555 37
27556 39
27557 37
27558 48
27559 INF
27560 36
27561 INF
27562 42
27563 41
27564 INF
27565 34
27566 40
27567 46
27568 52
27569 40
27570 28
27571 34
27572 35
27573 37
27574 36
27575 39
27576 41
27577 36
27578 38
27579 47
27580 38
27581 53
27582 35
27583 40
27584 31
27585 32
27586 51
27587 34
27588 36
27589 43
27590 43
27591 41
27592 45
27593 36
27594 42
27595 43
27596 32
27597 47
27598 24
27599 37
27600 35
27601 47
27602 INF
27603 38
27604 35
27605 25
27606 37
27607 INF
27608 44
27609 44
27610 INF
27611 INF
27612 INF
27613 39
27614 35
27615 34
27616 51
27617 38
27618 37
27619 35
27620 29
27621 47
27622 47
27623 45
27624 41
27625 41
27626 36
27627 39
27628 40
27629 35
27630 52
27631 34
27632 47
27633 40
27634 29
27635 37
27636 44
27637 32
27638 37
27639 35
27640 39
27641 43
27642 41
27643 41
27644 39
27645 50
27646 47
27647 47
27648 37
27649 25
27650 30
27651 INF
27652 39
27653 30
27654 41
27655 39
27656 39
27657 35
27658 27
27659 34
27660 37
27661 37
27662 30
27663 44
27664 38
27665 37
27666 45
27667 34
27668 28
27669 44
27670 33
27671 39
27672 35
27673 38
27674 46
27675 40
27676 35
27677 42
27678 38
27679 39
27680 33
27681 36
27682 46
27683 51
27684 50
27685 47
27686 38
27687 43
27688 47
27689 46
27690 50
27691 37
27692 44
27693 38
27694 41
27695 37
27696 37
27697 40
27698 39
27699 36
27700 34
27701 INF
27702 36
27703 41
27704 46
27705 35
27706 25
27707 37
27708 39
27709 43
27710 44
27711 28
27712 39
27713 35
27714 38
27715 43
27716 29
27717 42
27718 34
27719 41
27720 40
27721 35
27722 29
27723 42
27724 22
27725 38
27726 27
27727 40
27728 42
27729 52
27730 49
27731 41
27732 35
27733 43
27734 39
27735 36
27736 35
27737 INF
27738 46
27739 39
27740 46
27741 41
27742 58
27743 37
27744 23
27745 39
27746 44
27747 49
27748 24
27749 43
27750 38
27751 48
27752 39
27753 37
27754 54
27755 46
27756 35
27757 40
27758 40
27759 43
27760 48
27761 48
27762 42
27763 29
27764 36
27765 41
27766 44
27767 31
27768 24
27769 35
27770 43
27771 43
27772 37
27773 37
27774 INF
27775 46
27776 39
27777 43
27778 33
27779 49
27780 48
27781 31
27782 39
27783 45
27784 47
27785 36
27786 INF
27787 40
27788 INF
27789 39
27790 28
27791 40
27792 35
27793 45
27794 19
27795 40
27796 41
27797 35
27798 42
27799 42
27800 41
27801 43
27802 INF
27803 42
27804 37
27805 41
27806 54
27807 34
27808 44
27809 42
27810 33
27811 37
27812 40
27813 37
27814 49
27815 41
27816 35
27817 45
27818 41
27819 37
27820 INF
27821 34
27822 44
27823 40
27824 38
27825 32
27826 31
27827 41
27828 36
27829 42
27830 43
27831 46
27832 38
27833 42
27834 25
27835 39
27836 45
27837 32
27838 44
27839 41
27840 47
27841 42
27842 43
27843 INF
27844 36
27845 INF
27846 45
27847 40
27848 36
27849 35
27850 33
27851 45
27852 46
27853 37
27854 35
27855 37
27856 42
27857 22
27858 40
27859 44
27860 48
27861 38
27862 36
27863 40
27864 43
27865 41
27866 32
27867 46
27868 42
27869 55
27870 31
27871 41
27872 37
27873 34
27874 43
27875 38
27876 44
27877 40
27878 51
27879 49
27880 45
27881 36
27882 33
27883 51
27884 36
27885 37
27886 39
27887 32
27888 51
27889 34
27890 41
27891 34
27892 40
27893 42
27894 31
27895 43
27896 45
27897 38
27898 44
27899 34
27900 41
27901 41
27902 41
27903 33
27904 35
27905 37
27906 38
27907 33
27908 40
27909 46
27910 44
27911 44
27912 37
27913 43
27914 42
27915 39
27916 41
27917 50
27918 25
27919 38
27920 29
27921 42
27922 39
27923 43
27924 29
27925 36
27926 INF
27927 37
27928 33
27929 41
27930 INF
27931 39
27932 39
27933 INF
27934 42
27935 44
27936 47
27937 46
27938 40
27939 22
27940 35
27941 36
27942 INF
27943 34
27944 38
27945 38
27946 41
27947 44
27948 33
27949 35
27950 INF
27951 38
27952 42
27953 27
27954 46
27955 33
27956 36
27957 39
27958 40
27959 INF
27960 49
27961 38
27962 34
27963 21
27964 40
27965 40
27966 37
27967 35
27968 40
27969 35
27970 35
27971 31
27972 31
27973 40
27974 INF
27975 45
27976 INF
27977 37
27978 25
27979 INF
27980 39
27981 27
27982 41
27983 39
27984 36
27985 30
27986 35
27987 38
27988 28
27989 33
27990 49
27991 30
27992 40
27993 38
27994 48
27995 42
27996 36
27997 44
27998 44
27999 26
28000 28
28001 INF
28002 33
28003 36
28004 37
28005 INF
28006 INF
28007 42
28008 38
28009 37
28010 43
28011 35
28012 39
28013 33
28014 36
28015 INF
28016 23
28017 36
28018 32
28019 42
28020 33
28021 31
28022 INF
28023 37
28024 37
28025 29
28026 37
28027 42
28028 36
28029 33
28030 41
28031 41
28032 INF
28033 41
28034 41
28035 29
28036 38
28037 38
28038 41
28039 32
28040 55
28041 43
28042 35
28043 28
28044 36
28045 45
28046 39
28047 30
28048 39
28049 33
28050 38
28051 38
28052 45
28053 29
28054 37
28055 40
28056 38
28057 41
28058 35
28059 26
28060 28
28061 42
28062 40
28063 40
28064 39
28065 44
28066 37
28067 47
28068 44
28069 42
28070 33
28071 31
28072 37
28073 21
28074 38
28075 40
28076 40
28077 42
28078 46
28079 32
28080 39
28081 39
28082 29
28083 35
28084 26
28085 33
28086 34
28087 43
28088 38
28089 36
28090 37
28091 44
28092 INF
28093 41
28094 38
28095 21
28096 44
28097 INF
28098 40
28099 37
28100 42
28101 37
28102 36
28103 36
28104 37
28105 38
28106 27
28107 36
28108 INF
28109 40
28110 37
28111 32
28112 31
28113 41
28114 35
28115 37
28116 35
28117 22
28118 39
28119 47
28120 38
28121 43
28122 37
28123 35
28124 52
28125 35
28126 INF
28127 42
28128 40
28129 41
28130 37
28131 36
28132 41
28133 40
28134 34
28135 37
28136 58
28137 31
28138 43
28139 39
28140 39
28141 29
28142 37
28143 40
28144 37
28145 40
28146 37
28147 37
28148 49
28149 33
28150 37
28151 47
28152 40
28153 33
28154 40
28155 40
28156 43
28157 35
28158 38
28159 27
28160 39
28161 28
28162 38
28163 40
28164 50
28165 38
28166 37
28167 38
28168 49
28169 INF
28170 37
28171 36
28172 41
28173 47
28174 INF
28175 38
28176 49
28177 34
28178 42
28179 34
28180 42
28181 34
28182 37
28183 32
28184 52
28185 33
28186 44
28187 37
28188 39
28189 52
28190 39
28191 37
28192 41
28193 48
28194 34
28195 38
28196 39
28197 45
28198 29
28199 26
28200 27
28201 34
28202 37
28203 41
28204 38
28205 34
28206 INF
28207 36
28208 INF
28209 38
28210 36
28211 35
28212 45
28213 54
28214 INF
28215 46
28216 44
28217 34
28218 43
28219 54
28220 46
28221 36
28222 38
28223 43
28224 29
28225 45
28226 38
28227 32
28228 34
28229 40
28230 45
28231 33
28232 39
28233 26
28234 17
28235 35
28236 29
28237 28
28238 32
28239 41
28240 50
28241 40
28242 41
28243 31
28244 30
28245 34
28246 INF
28247 37
28248 39
28249 37
28250 39
28251 32
28252 INF
28253 INF
28254 41
28255 53
28256 40
28257 45
28258 50
28259 39
28260 28
28261 32
28262 45
28263 34
28264 50
28265 34
28266 38
28267 38
28268 34
28269 INF
28270 31
28271 39
28272 46
28273 51
28274 43
28275 37
28276 39
28277 43
28278 45
28279 47
28280 40
28281 25
28282 39
28283 INF
28284 41
28285 29
28286 48
28287 49
28288 43
28289 33
28290 38
28291 35
28292 39
28293 41
28294 29
28295 41
28296 43
28297 56
28298 41
28299 51
28300 35
28301 29
28302 35
28303 34
28304 INF
28305 INF
28306 35
28307 56
28308 36
28309 38
28310 33
28311 51
28312 44
28313 47
28314 46
28315 38
28316 41
28317 41
28318 32
28319 39
28320 39
28321 40
28322 46
28323 43
28324 32
28325 39
28326 48
28327 35
28328 43
28329 34
28330 33
28331 INF
28332 49
28333 38
28334 32
28335 39
28336 30
28337 40
28338 38
28339 30
28340 INF
28341 34
28342 38
28343 37
28344 42
28345 43
28346 36
28347 53
28348 45
28349 45
28350 34
28351 26
28352 38
28353 36
28354 34
28355 50
28356 36
28357 35
28358 38
28359 30
28360 INF
28361 44
28362 24
28363 32
28364 42
28365 49
28366 36
28367 36
28368 INF
28369 INF
28370 38
28371 37
28372 38
28373 30
28374 INF
28375 23
28376 45
28377 33
28378 42
28379 36
28380 35
28381 35
28382 47
28383 37
28384 32
28385 37
28386 46
28387 28
28388 32
28389 32
28390 32
28391 40
28392 39
28393 39
28394 INF
28395 INF
28396 56
28397 38
28398 33
28399 43
28400 35
28401 INF
28402 44
28403 30
28404 43
28405 43
28406 50
28407 33
28408 31
28409 39
28410 38
28411 38
28412 39
28413 37
28414 37
28415 39
28416 55
28417 53
28418 33
28419 28
28420 48
28421 29
28422 38
28423 43
28424 36
28425 38
28426 51
28427 37
28428 33
28429 48
28430 61
28431 36
28432 37
28433 52
28434 37
28435 38
28436 35
28437 36
28438 INF
28439 46
28440 45
28441 INF
28442 42
28443 47
28444 37
28445 36
28446 INF
28447 37
28448 55
28449 51
28450 28
28451 37
28452 51
28453 46
28454 INF
28455 40
28456 38
28457 36
28458 30
28459 37
28460 41
28461 43
28462 38
28463 44
28464 41
28465 42
28466 33
28467 52
28468 INF
28469 46
28470 39
28471 19
28472 47
28473 46
28474 40
28475 42
28476 36
28477 INF
28478 47
28479 42
28480 34
28481 33
28482 34
28483 53
28484 45
28485 39
28486 37
28487 40
28488 52
28489 37
28490 34
28491 44
28492 31
28493 37
28494 51
28495 42
28496 25
28497 47
28498 28
28499 39
28500 45
28501 INF
28502 40
28503 48
28504 33
28505 47
28506 41
28507 35
28508 27
28509 44
28510 35
28511 42
28512 54
28513 44
28514 INF
28515 39
28516 26
28517 40
28518 46
28519 INF
28520 46
28521 39
28522 34
28523 45
28524 32
28525 45
28526 23
28527 37
28528 45
28529 38
28530 37
28531 INF
28532 35
28533 43
28534 39
28535 40
28536 38
28537 35
28538 47
28539 29
28540 46
28541 38
28542 38
28543 19
28544 34
28545 45
28546 43
28547 39
28548 42
28549 40
28550 39
28551 41
28552 36
28553 28
28554 40
28555 31
28556 40
28557 37
28558 49
28559 36
28560 46
28561 47
28562 33
28563 44
28564 38
28565 32
28566 INF
28567 36
28568 57
28569 36
28570 46
28571 48
28572 40
28573 44
28574 INF
28575 42
28576 36
28577 46
28578 43
28579 INF
28580 42
28581 39
28582 68
28583 INF
28584 31
28585 48
28586 34
28587 39
28588 44
28589 43
28590 40
28591 40
28592 33
28593 35
28594 32
28595 57
28596 33
28597 44
28598 34
28599 30
28600 38
28601 19
28602 31
28603 36
28604 28
28605 39
28606 36
28607 51
28608 28
28609 37
28610 39
28611 48
28612 36
28613 45
28614 40
28615 39
28616 30
28617 44
28618 34
28619 61
28620 36
28621 46
28622 44
28623 38
28624 38
28625 44
28626 46
28627 44
28628 38
28629 INF
28630 46
28631 44
28632 25
28633 42
28634 47
28635 39
28636 36
28637 41
28638 40
28639 INF
28640 38
28641 49
28642 44
28643 47
28644 39
28645 38
28646 40
28647 48
28648 38
28649 41
28650 38
28651 37
28652 32
28653 48
28654 27
28655 20
28656 33
28657 41
28658 37
28659 46
28660 42
28661 40
28662 46
28663 50
28664 INF
28665 42
28666 31
28667 23
28668 36
28669 37
28670 42
28671 33
28672 34
28673 37
28674 34
28675 40
28676 36
28677 33
28678 40
28679 38
28680 36
28681 37
28682 41
28683 58
28684 36
28685 36
28686 33
28687 INF
28688 44
28689 39
28690 28
28691 33
28692 47
28693 41
28694 45
28695 34
28696 34
28697 39
28698 42
28699 53
28700 45
28701 9
28702 42
28703 44
28704 42
28705 36
28706 44
28707 37
28708 37
28709 39
28710 41
28711 33
28712 38
28713 39
28714 44
28715 38
28716 47
28717 49
28718 43
28719 35
28720 29
28721 42
28722 35
28723 40
28724 40
28725 41
28726 42
28727 29
28728 34
28729 39
28730 39
28731 42
28732 31
28733 50
28734 39
28735 30
28736 35
28737 36
28738 29
28739 38
28740 37
28741 35
28742 37
28743 32
28744 44
28745 40
28746 32
28747 INF
28748 33
28749 41
28750 52
28751 35
28752 35
28753 39
28754 40
28755 33
28756 40
28757 42
28758 39
28759 58
28760 40
28761 24
28762 30
28763 39
28764 32
28765 38
28766 30
28767 39
28768 45
28769 35
28770 31
28771 42
28772 33
28773 47
28774 21
28775 23
28776 42
28777 40
28778 37
28779 35
28780 36
28781 38
28782 34
28783 44
28784 38
28785 44
28786 42
28787 38
28788 43
28789 41
28790 44
28791 31
28792 47
28793 39
28794 49
28795 36
28796 41
28797 37
28798 INF
28799 35
28800 38
28801 36
28802 38
28803 34
28804 32
28805 44
28806 37
28807 35
28808 43
28809 31
28810 42
28811 45
28812 36
28813 39
28814 43
28815 39
28816 41
28817 25
28818 39
28819 INF
28820 31
28821 32
28822 34
28823 39
28824 41
28825 45
28826 40
28827 34
28828 40
28829 40
28830 31
28831 38
28832 INF
28833 31
28834 46
28835 43
28836 INF
28837 38
28838 45
28839 40
28840 33
28841 44
28842 43
28843 39
28844 INF
28845 24
28846 38
28847 34
28848 45
28849 32
28850 42
28851 47
28852 39
28853 42
28854 23
28855 46
28856 43
28857 32
28858 37
28859 33
28860 35
28861 33
28862 42
28863 42
28864 INF
28865 46
28866 INF
28867 34
28868 46
28869 43
28870 57
28871 47
28872 37
28873 43
28874 27
28875 38
28876 29
28877 40
28878 41
28879 35
28880 INF
28881 39
28882 42
28883 38
28884 43
28885 39
28886 45
28887 44
28888 39
28889 40
28890 39
28891 42
28892 44
28893 41
28894 36
28895 45
28896 37
28897 35
28898 34
28899 31
28900 28
28901 49
28902 INF
28903 31
28904 32
28905 39
28906 INF
28907 30
28908 40
28909 42
28910 36
28911 42
28912 45
28913 54
28914 41
28915 36
28916 41
28917 46
28918 35
28919 38
28920 44
28921 29
28922 27
28923 32
28924 INF
28925 INF
28926 33
28927 44
28928 48
28929 27
28930 43
28931 44
28932 35
28933 36
28934 34
28935 40
28936 37
28937 44
28938 38
28939 34
28940 40
28941 47
28942 38
28943 27
28944 27
28945 39
28946 39
28947 46
28948 43
28949 45
28950 48
28951 38
28952 42
28953 50
28954 31
28955 40
28956 40
28957 29
28958 39
28959 38
28960 32
28961 35
28962 44
28963 47
28964 37
28965 37
28966 42
28967 47
28968 41
28969 42
28970 42
28971 45
28972 45
28973 37
28974 33
28975 INF
28976 40
28977 37
28978 43
28979 41
28980 42
28981 37
28982 54
28983 44
28984 34
28985 38
28986 38
28987 33
28988 35
28989 44
28990 46
28991 47
28992 23
28993 21
28994 INF
28995 37
28996 34
28997 INF
28998 49
28999 49
29000 34
29001 42
29002 54
29003 INF
29004 41
29005 32
29006 35
29007 42
29008 36
29009 25
29010 40
29011 40
29012 44
29013 38
29014 37
29015 42
29016 49
29017 40
29018 27
29019 34
29020 39
29021 23
29022 37
29023 24
29024 35
29025 39
29026 37
29027 36
29028 INF
29029 44
29030 35
29031 41
29032 40
29033 44
29034 38
29035 INF
29036 34
29037 36
29038 39
29039 40
29040 33
29041 39
29042 39
29043 35
29044 33
29045 35
29046 44
29047 29
29048 51
29049 42
29050 43
29051 38
29052 38
29053 41
29054 44
29055 35
29056 39
29057 43
29058 43
29059 40
29060 46
29061 INF
29062 37
29063 34
29064 41
29065 42
29066 41
29067 INF
29068 35
29069 49
29070 30
29071 51
29072 44
29073 40
29074 40
29075 41
29076 INF
29077 38
29078 45
29079 40
29080 38
29081 40
29082 40
29083 41
29084 37
29085 44
29086 46
29087 37
29088 42
29089 36
29090 37
29091 41
29092 36
29093 33
29094 31
29095 44
29096 35
29097 34
29098 41
29099 39
29100 41
29101 50
29102 33
29103 25
29104 36
29105 39
29106 38
29107 41
29108 INF
29109 32
29110 42
29111 36
29112 41
29113 36
29114 34
29115 38
29116 38
29117 36
29118 34
29119 32
29120 44
29121 54
29122 44
29123 25
29124 44
29125 40
29126 21
29127 46
29128 39
29129 48
29130 INF
29131 33
29132 44
29133 33
29134 39
29135 32
29136 52
29137 39
29138 43
29139 39
29140 32
29141 42
29142 48
29143 38
29144 30
29145 51
29146 29
29147 48
29148 42
29149 36
29150 21
29151 40
29152 36
29153 38
29154 41
29155 38
29156 40
29157 INF
29158 27
29159 40
29160 42
29161 32
29162 45
29163 47
29164 45
29165 33
29166 35
29167 37
29168 26
29169 36
29170 41
29171 45
29172 39
29173 43
29174 32
29175 43
29176 44
29177 33
29178 33
29179 33
29180 34
29181 29
29182 33
29183 43
29184 43
29185 INF
29186 30
29187 37
29188 42
29189 47
29190 43
29191 47
29192 41
29193 55
29194 INF
29195 35
29196 34
29197 36
29198 30
29199 39
29200 36
29201 44
29202 35
29203 40
29204 32
29205 42
29206 56
29207 INF
29208 41
29209 38
29210 46
29211 50
29212 30
29213 40
29214 31
29215 49
29216 44
29217 40
29218 46
29219 35
29220 45
29221 35
29222 38
29223 32
29224 31
29225 50
29226 42
29227 40
29228 39
29229 48
29230 38
29231 38
29232 25
29233 40
29234 37
29235 25
29236 46
29237 35
29238 39
29239 37
29240 29
29241 21
29242 23
29243 50
29244 39
29245 41
29246 36
29247 INF
29248 37
29249 46
29250 46
29251 INF
29252 33
29253 62
29254 42
29255 45
29256 32
29257 40
29258 37
29259 32
29260 49
29261 38
29262 33
29263 36
29264 INF
29265 34
29266 39
29267 44
29268 33
29269 58
29270 33
29271 37
29272 42
29273 36
29274 37
29275 47
29276 39
29277 44
29278 26
29279 37
29280 46
29281 33
29282 51
29283 40
29284 42
29285 42
29286 25
29287 39
29288 37
29289 31
29290 46
29291 45
29292 39
29293 42
29294 35
29295 37
29296 INF
29297 37
29298 INF
29299 39
29300 32
29301 38
29302 28
29303 39
29304 36
29305 33
29306 28
29307 36
29308 46
29309 43
29310 43
29311 35
29312 38
29313 49
29314 38
29315 32
29316 34
29317 53
29318 56
29319 35
29320 32
29321 39
29322 34
29323 41
29324 37
29325 50
29326 36
29327 INF
29328 47
29329 35
29330 36
29331 37
29332 33
29333 39
29334 40
29335 40
29336 25
29337 30
29338 25
29339 35
29340 44
29341 38
29342 41
29343 47
29344 38
29345 32
29346 37
29347 39
29348 42
29349 38
29350 40
29351 41
29352 35
29353 34
29354 44
29355 38
29356 40
29357 42
29358 34
29359 31
29360 43
29361 31
29362 38
29363 38
29364 40
29365 38
29366 42
29367 41
29368 41
29369 45
29370 34
29371 45
29372 38
29373 45
29374 INF
29375 21
29376 38
29377 INF
29378 42
29379 35
29380 INF
29381 48
29382 27
29383 35
29384 54
29385 33
29386 53
29387 21
29388 27
29389 42
29390 40
29391 INF
29392 29
29393 39
29394 42
29395 32
29396 INF
29397 43
29398 42
29399 28
29400 36
29401 35
29402 39
29403 23
29404 39
29405 36
29406 40
29407 43
29408 32
29409 40
29410 36
29411 38
29412 39
29413 INF
29414 41
29415 34
29416 46
29417 42
29418 39
29419 49
29420 41
29421 37
29422 39
29423 INF
29424 21
29425 35
29426 26
29427 40
29428 32
29429 40
29430 21
29431 47
29432 48
29433 56
29434 43
29435 48
29436 42
29437 44
29438 42
29439 41
29440 41
29441 29
29442 35
29443 27
29444 46
29445 42
29446 38
29447 42
29448 41
29449 33
29450 44
29451 42
29452 39
29453 49
29454 37
29455 32
29456 32
29457 38
29458 29
29459 43
29460 34
29461 41
29462 47
29463 36
29464 36
29465 32
29466 37
29467 34
29468 33
29469 38
29470 47
29471 47
29472 INF
29473 43
29474 35
29475 35
29476 45
29477 31
29478 27
29479 38
29480 38
29481 35
29482 44
29483 41
29484 42
29485 54
29486 44
29487 33
29488 INF
29489 30
29490 49
29491 41
29492 36
29493 42
29494 36
29495 35
29496 42
29497 INF
29498 35
29499 48
29500 46
29501 43
29502 41
29503 48
29504 33
29505 43
29506 50
29507 28
29508 52
29509 43
29510 42
29511 34
29512 33
29513 40
29514 41
29515 41
29516 37
29517 33
29518 40
29519 49
29520 33
29521 42
29522 45
29523 25
29524 37
29525 23
29526 37
29527 32
29528 38
29529 34
29530 INF
29531 32
29532 34
29533 39
29534 46
29535 39
29536 42
29537 45
29538 42
29539 INF
29540 40
29541 44
29542 45
29543 30
29544 INF
29545 34
29546 43
29547 40
29548 39
29549 47
29550 45
29551 37
29552 28
29553 50
29554 43
29555 51
29556 38
29557 42
29558 38
29559 38
29560 40
29561 INF
29562 43
29563 42
29564 48
29565 36
29566 31
29567 24
29568 36
29569 32
29570 38
29571 37
29572 39
29573 44
29574 INF
29575 31
29576 32
29577 35
29578 INF
29579 38
29580 36
29581 39
29582 47
29583 17
29584 35
29585 38
29586 28
29587 21
29588 41
29589 43
29590 28
29591 35
29592 34
29593 48
29594 37
29595 28
29596 39
29597 41
29598 41
29599 39
29600 34
29601 37
29602 46
29603 39
29604 36
29605 38
29606 33
29607 52
29608 INF
29609 38
29610 33
29611 42
29612 44
29613 41
29614 31
29615 36
29616 38
29617 45
29618 36
29619 38
29620 35
29621 INF
29622 31
29623 39
29624 37
29625 35
29626 43
29627 33
29628 38
29629 37
29630 47
29631 42
29632 36
29633 40
29634 34
29635 INF
29636 44
29637 36
29638 42
29639 44
29640 33
29641 41
29642 30
29643 35
29644 44
29645 38
29646 21
29647 41
29648 42
29649 37
29650 INF
29651 43
29652 32
29653 36
29654 40
29655 45
29656 42
29657 35
29658 44
29659 39
29660 40
29661 29
29662 44
29663 40
29664 36
29665 41
29666 36
29667 43
29668 30
29669 33
29670 38
29671 37
29672 35
29673 43
29674 32
29675 46
29676 44
29677 36
29678 37
29679 43
29680 39
29681 56
29682 41
29683 34
29684 46
29685 34
29686 41
29687 39
29688 40
29689 36
29690 40
29691 43
29692 38
29693 34
29694 35
29695 35
29696 40
29697 43
29698 35
29699 34
29700 42
29701 46
29702 37
29703 INF
29704 30
29705 42
29706 37
29707 21
29708 39
29709 INF
29710 33
29711 45
29712 41
29713 INF
29714 42
29715 42
29716 54
29717 43
29718 34
29719 46
29720 45
29721 39
29722 42
29723 44
29724 47
29725 31
29726 INF
29727 40
29728 INF
29729 47
29730 43
29731 38
29732 35
29733 44
29734 49
29735 38
29736 40
29737 36
29738 38
29739 43
29740 33
29741 42
29742 46
29743 45
29744 29
29745 36
29746 45
29747 40
29748 30
29749 33
29750 39
29751 40
29752 39
29753 48
29754 37
29755 45
29756 42
29757 38
29758 36
29759 32
29760 24
29761 40
29762 35
29763 31
29764 38
29765 53
29766 43
29767 45
29768 42
29769 39
29770 35
29771 INF
29772 INF
29773 23
29774 35
29775 35
29776 30
29777 30
29778 34
29779 38
29780 48
29781 38
29782 33
29783 41
29784 32
29785 32
29786 35
29787 26
29788 41
29789 51
29790 42
29791 44
29792 32
29793 34
29794 54
29795 35
29796 42
29797 26
29798 38
29799 35
29800 38
29801 28
29802 43
29803 35
29804 32
29805 47
29806 42
29807 INF
29808 45
29809 40
29810 42
29811 35
29812 41
29813 44
29814 25
29815 42
29816 36
29817 26
29818 40
29819 36
29820 40
29821 40
29822 50
29823 45
29824 39
29825 41
29826 47
29827 32
29828 37
29829 35
29830 40
29831 50
29832 31
29833 39
29834 33
29835 33
29836 43
29837 50
29838 48
29839 32
29840 35
29841 48
29842 42
29843 37
29844 36
29845 45
29846 42
29847 41
29848 46
29849 30
29850 42
29851 49
29852 43
29853 49
29854 35
29855 37
29856 39
29857 39
29858 40
29859 INF
29860 34
29861 38
29862 40
29863 31
29864 39
29865 52
29866 36
29867 40
29868 42
29869 42
29870 41
29871 38
29872 37
29873 39
29874 INF
29875 39
29876 33
29877 35
29878 46
29879 38
29880 34
29881 49
29882 28
29883 45
29884 46
29885 39
29886 38
29887 35
29888 40
29889 40
29890 27
29891 INF
29892 43
29893 36
29894 40
29895 31
29896 40
29897 INF
29898 INF
29899 45
29900 42
29901 44
29902 48
29903 31
29904 40
29905 45
29906 INF
29907 38
29908 36
29909 34
29910 39
29911 36
29912 42
29913 41
29914 INF
29915 50
29916 42
29917 39
29918 39
29919 39
29920 42
29921 47
29922 45
29923 38
29924 40
29925 INF
29926 50
29927 35
29928 INF
29929 37
29930 49
29931 35
29932 44
29933 44
29934 49
29935 41
29936 47
29937 40
29938 37
29939 42
29940 38
29941 37
29942 41
29943 46
29944 45
29945 47
29946 40
29947 35
29948 INF
29949 INF
29950 INF
29951 38
29952 36
29953 33
29954 36
29955 38
29956 43
29957 37
29958 37
29959 41
29960 36
29961 43
29962 39
29963 42
29964 31
29965 32
29966 46
29967 43
29968 INF
29969 61
29970 40
29971 33
29972 54
29973 39
29974 40
29975 36
29976 35
29977 39
29978 27
29979 41
29980 38
29981 16
29982 33
29983 50
29984 27
29985 39
29986 43
29987 33
29988 43
29989 INF
29990 42
29991 44
29992 42
29993 31
29994 39
29995 37
29996 INF
29997 34
29998 37
29999 36
30000 34
30001 34
30002 43
30003 35
30004 34
30005 45
30006 37
30007 42
30008 51
30009 38
30010 39
30011 INF
30012 INF
30013 40
30014 43
30015 37
30016 INF
30017 36
30018 41
30019 41
30020 29
30021 35
30022 48
30023 35
30024 34
30025 42
30026 33
30027 INF
30028 57
30029 41
30030 37
30031 46
30032 37
30033 50
30034 39
30035 44
30036 39
30037 33
30038 62
30039 36
30040 47
30041 37
30042 40
30043 39
30044 41
30045 31
30046 25
30047 37
30048 37
30049 36
30050 INF
30051 38
30052 37
30053 INF
30054 44
30055 37
30056 INF
30057 44
30058 INF
30059 27
30060 32
30061 36
30062 46
30063 41
30064 18
30065 38
30066 34
30067 27
30068 40
30069 49
30070 37
30071 53
30072 43
30073 INF
30074 31
30075 40
30076 38
30077 42
30078 37
30079 36
30080 INF
30081 30
30082 39
30083 30
30084 39
30085 33
30086 37
30087 40
30088 50
30089 36
30090 36
30091 37
30092 42
30093 35
30094 37
30095 39
30096 38
30097 48
30098 48
30099 24
30100 37
30101 42
30102 44
30103 41
30104 32
30105 38
30106 38
30107 43
30108 38
30109 30
30110 23
30111 34
30112 34
30113 31
30114 41
30115 45
30116 42
30117 43
30118 33
30119 35
30120 40
30121 25
30122 40
30123 INF
30124 39
30125 41
30126 34
30127 46
30128 INF
30129 37
30130 44
30131 INF
30132 37
30133 45
30134 40
30135 42
30136 40
30137 INF
30138 36
30139 33
30140 INF
30141 32
30142 45
30143 42
30144 32
30145 40
30146 41
30147 47
30148 28
30149 32
30150 29
30151 57
30152 49
30153 36
30154 37
30155 36
30156 29
30157 42
30158 43
30159 41
30160 36
30161 33
30162 43
30163 43
30164 INF
30165 19
30166 35
30167 50
30168 38
30169 29
30170 48
30171 24
30172 40
30173 40
30174 44
30175 26
30176 23
30177 46
30178 44
30179 33
30180 35
30181 33
30182 23
30183 30
30184 41
30185 39
30186 42
30187 48
30188 48
30189 44
30190 43
30191 46
30192 42
30193 40
30194 26
30195 40
30196 42
30197 35
30198 41
30199 41
30200 41
30201 40
30202 40
30203 53
30204 29
30205 36
30206 44
30207 27
30208 43
30209 27
30210 37
30211 38
30212 35
30213 37
30214 40
30215 43
30216 43
30217 42
30218 30
30219 33
30220 29
30221 35
30222 41
30223 44
30224 47
30225 40
30226 45
30227 39
30228 28
30229 38
30230 42
30231 39
30232 28
30233 42
30234 48
30235 33
30236 37
30237 40
30238 37
30239 51
30240 40
30241 39
30242 47
30243 37
30244 INF
30245 39
30246 37
30247 43
30248 INF
30249 39
30250 43
30251 41
30252 54
30253 42
30254 INF
30255 42
30256 36
30257 40
30258 35
30259 45
30260 INF
30261 38
30262 36
30263 42
30264 45
30265 37
30266 43
30267 27
30268 49
30269 30
30270 45
30271 38
30272 33
30273 45
30274 24
30275 38
30276 34
30277 46
30278 28
30279 40
30280 47
30281 41
30282 40
30283 29
30284 36
30285 28
30286 28
30287 41
30288 61
30289 33
30290 43
30291 41
30292 37
30293 41
30294 46
30295 33
30296 42
30297 38
30298 43
30299 INF
30300 46
30301 39
30302 39
30303 41
30304 40
30305 32
30306 37
30307 44
30308 40
30309 34
30310 43
30311 INF
30312 40
30313 37
30314 35
30315 39
30316 35
30317 36
30318 33
30319 36
30320 43
30321 41
30322 40
30323 32
30324 41
30325 35
30326 43
30327 23
30328 29
30329 38
30330 35
30331 33
30332 39
30333 40
30334 41
30335 43
30336 44
30337 INF
30338 45
30339 30
30340 48
30341 36
30342 32
30343 42
30344 44
30345 41
30346 28
30347 39
30348 31
30349 31
30350 40
30351 23
30352 40
30353 INF
30354 43
30355 37
30356 44
30357 31
30358 45
30359 43
30360 21
30361 37
30362 INF
30363 41
30364 33
30365 43
30366 35
30367 29
30368 40
30369 40
30370 32
30371 32
30372 46
30373 42
30374 INF
30375 24
30376 30
30377 36
30378 41
30379 37
30380 38
30381 49
30382 38
30383 38
30384 42
30385 47
30386 27
30387 40
30388 21
30389 42
30390 32
30391 INF
30392 34
30393 INF
30394 46
30395 31
30396 44
30397 INF
30398 40
30399 45
30400 44
30401 46
30402 43
30403 INF
30404 46
30405 53
30406 33
30407 34
30408 36
30409 INF
30410 33
30411 31
30412 39
30413 46
30414 40
30415 37
30416 42
30417 32
30418 43
30419 37
30420 43
30421 35
30422 27
30423 45
30424 36
30425 40
30426 41
30427 36
30428 43
30429 39
30430 35
30431 32
30432 39
30433 38
30434 34
30435 39
30436 40
30437 27
30438 42
30439 34
30440 38
30441 51
30442 35
30443 38
30444 43
30445 37
30446 45
30447 40
30448 42
30449 34
30450 50
30451 33
30452 45
30453 25
30454 49
30455 INF
30456 38
30457 49
30458 33
30459 36
30460 42
30461 33
30462 INF
30463 31
30464 42
30465 26
30466 43
30467 39
30468 INF
30469 42
30470 46
30471 41
30472 37
30473 38
30474 44
30475 38
30476 INF
30477 44
30478 42
30479 INF
30480 45
30481 40
30482 29
30483 54
30484 38
30485 27
30486 INF
30487 45
30488 45
30489 43
30490 40
30491 39
30492 47
30493 40
30494 33
30495 30
30496 42
30497 39
30498 37
30499 42
30500 39
30501 45
30502 44
30503 50
30504 39
30505 35
30506 15
30507 47
30508 40
30509 39
30510 37
30511 39
30512 43
30513 45
30514 41
30515 20
30516 35
30517 52
30518 42
30519 39
30520 27
30521 40
30522 37
30523 46
30524 35
30525 33
30526 37
30527 33
30528 45
30529 45
30530 44
30531 INF
30532 29
30533 47
30534 39
30535 47
30536 42
30537 48
30538 26
30539 26
30540 INF
30541 25
30542 43
30543 54
30544 49
30545 32
30546 INF
30547 35
30548 42
30549 INF
30550 39
30551 38
30552 INF
30553 38
30554 INF
30555 39
30556 41
30557 45
30558 39
30559 39
30560 INF
30561 39
30562 55
30563 42
30564 39
30565 33
30566 33
30567 35
30568 INF
30569 44
30570 40
30571 28
30572 40
30573 40
30574 37
30575 35
30576 60
30577 54
30578 42
30579 38
30580 40
30581 35
30582 42
30583 45
30584 35
30585 25
30586 46
30587 36
30588 41
30589 42
30590 50
30591 39
30592 39
30593 24
30594 44
30595 29
30596 38
30597 33
30598 37
30599 44
30600 40
30601 44
30602 49
30603 38
30604 35
30605 29
30606 35
30607 34
30608 INF
30609 46
30610 31
30611 31
30612 53
30613 30
30614 43
30615 42
30616 49
30617 33
30618 INF
30619 38
30620 44
30621 45
30622 30
30623 45
30624 41
30625 36
30626 27
30627 39
30628 48
30629 44
30630 40
30631 41
30632 42
30633 39
30634 40
30635 42
30636 35
30637 39
30638 44
30639 39
30640 51
30641 24
30642 27
30643 49
30644 40
30645 31
30646 42
30647 40
30648 33
30649 34
30650 48
30651 45
30652 41
30653 48
30654 38
30655 28
30656 37
30657 24
30658 38
30659 43
30660 35
30661 36
30662 43
30663 48
30664 49
30665 27
30666 46
30667 39
30668 36
30669 43
30670 44
30671 42
30672 36
30673 38
30674 38
30675 41
30676 32
30677 31
30678 INF
30679 40
30680 41
30681 50
30682 28
30683 43
30684 38
30685 39
30686 41
30687 29
30688 35
30689 37
30690 42
30691 INF
30692 44
30693 44
30694 41
30695 40
30696 31
30697 36
30698 34
30699 41
30700 44
30701 36
30702 34
30703 35
30704 46
30705 33
30706 32
30707 36
30708 37
30709 43
30710 39
30711 38
30712 43
30713 40
30714 INF
30715 42
30716 51
30717 32
30718 41
30719 INF
30720 42
30721 32
30722 30
30723 40
30724 INF
30725 41
30726 32
30727 39
30728 INF
30729 47
30730 34
30731 46
30732 22
30733 40
30734 58
30735 42
30736 32
30737 34
30738 40
30739 29
30740 23
30741 43
30742 23
30743 39
30744 29
30745 39
30746 39
30747 40
30748 31
30749 51
30750 45
30751 37
30752 42
30753 43
30754 36
30755 42
30756 37
30757 38
30758 36
30759 34
30760 45
30761 INF
30762 38
30763 19
30764 43
30765 48
30766 INF
30767 42
30768 44
30769 37
30770 46
30771 33
30772 36
30773 40
30774 49
30775 36
30776 48
30777 35
30778 38
30779 41
30780 37
30781 53
30782 33
30783 30
30784 42
30785 38
30786 INF
30787 45
30788 41
30789 37
30790 41
30791 39
30792 39
30793 30
30794 43
30795 35
30796 45
30797 47
30798 46
30799 35
30800 49
30801 38
30802 39
30803 35
30804 39
30805 42
30806 33
30807 36
30808 31
30809 40
30810 35
30811 36
30812 39
30813 38
30814 41
30815 34
30816 37
30817 51
30818 61
30819 37
30820 31
30821 30
30822 41
30823 42
30824 50
30825 INF
30826 36
30827 35
30828 36
30829 40
30830 33
30831 34
30832 INF
30833 52
30834 33
30835 39
30836 34
30837 40
30838 37
30839 24
30840 INF
30841 34
30842 44
30843 40
30844 38
30845 55
30846 36
30847 50
30848 43
30849 35
30850 41
30851 47
30852 26
30853 42
30854 32
30855 30
30856 38
30857 45
30858 44
30859 32
30860 53
30861 42
30862 39
30863 37
30864 38
30865 46
30866 33
30867 37
30868 44
30869 40
30870 39
30871 42
30872 44
30873 27
30874 INF
30875 45
30876 29
30877 49
30878 INF
30879 40
30880 45
30881 38
30882 31
30883 39
30884 47
30885 INF
30886 37
30887 48
30888 43
30889 40
30890 41
30891 31
30892 32
30893 39
30894 47
30895 41
30896 36
30897 49
30898 35
30899 39
30900 41
30901 43
30902 21
30903 40
30904 40
30905 30
30906 33
30907 44
30908 INF
30909 50
30910 39
30911 37
30912 40
30913 38
30914 41
30915 39
30916 35
30917 43
30918 44
30919 39
30920 44
30921 54
30922 33
30923 45
30924 47
30925 33
30926 33
30927 37
30928 49
30929 45
30930 41
30931 38
30932 44
30933 33
30934 34
30935 40
30936 28
30937 42
30938 39
30939 40
30940 34
30941 32
30942 31
30943 37
30944 44
30945 40
30946 58
30947 44
30948 38
30949 35
30950 39
30951 46
30952 41
30953 INF
30954 38
30955 33
30956 42
30957 INF
30958 INF
30959 39
30960 INF
30961 INF
30962 44
30963 39
30964 42
30965 41
30966 52
30967 46
30968 38
30969 INF
30970 33
30971 37
30972 40
30973 40
30974 39
30975 47
30976 42
30977 41
30978 44
30979 45
30980 43
30981 42
30982 34
30983 36
30984 40
30985 33
30986 38
30987 32
30988 32
30989 40
30990 42
30991 35
30992 INF
30993 40
30994 38
30995 32
30996 43
30997 28
30998 40
30999 34
31000 INF
31001 28
31002 30
31003 INF
31004 50
31005 36
31006 32
31007 34
31008 36
31009 38
31010 39
31011 42
31012 50
31013 49
31014 INF
31015 31
31016 44
31017 36
31018 46
31019 38
31020 45
31021 30
31022 39
31023 43
31024 42
31025 41
31026 37
31027 36
31028 34
31029 41
31030 35
31031 29
31032 31
31033 INF
31034 45
31035 49
31036 42
31037 34
31038 44
31039 35
31040 42
31041 33
31042 26
31043 43
31044 INF
31045 39
31046 31
31047 45
31048 38
31049 39
31050 47
31051 31
31052 43
31053 50
31054 37
31055 36
31056 39
31057 49
31058 39
31059 43
31060 39
31061 37
31062 33
31063 41
31064 39
31065 47
31066 51
31067 34
31068 43
31069 38
31070 38
31071 28
31072 46
31073 29
31074 41
31075 45
31076 32
31077 48
31078 39
31079 40
31080 42
31081 33
31082 37
31083 49
31084 36
31085 42
31086 45
31087 35
31088 36
31089 48
31090 35
31091 42
31092 INF
31093 40
31094 42
31095 25
31096 37
31097 32
31098 42
31099 35
31100 37
31101 INF
31102 36
31103 37
31104 41
31105 41
31106 44
31107 19
31108 35
31109 34
31110 35
31111 30
31112 29
31113 36
31114 29
31115 37
31116 36
31117 47
31118 49
31119 34
31120 33
31121 32
31122 39
31123 39
31124 57
31125 37
31126 37
31127 46
31128 31
31129 41
31130 33
31131 INF
31132 42
31133 37
31134 34
31135 41
31136 35
31137 36
31138 38
31139 48
31140 37
31141 43
31142 26
31143 40
31144 46
31145 28
31146 32
31147 48
31148 37
31149 35
31150 36
31151 38
31152 43
31153 37
31154 36
31155 INF
31156 34
31157 36
31158 35
31159 39
31160 INF
31161 25
31162 38
31163 46
31164 39
31165 33
31166 45
31167 32
31168 41
31169 36
31170 38
31171 38
31172 38
31173 34
31174 39
31175 42
31176 41
31177 33
31178 50
31179 43
31180 46
31181 40
31182 35
31183 39
31184 36
31185 INF
31186 45
31187 47
31188 46
31189 44
31190 43
31191 INF
31192 36
31193 37
31194 26
31195 38
31196 38
31197 38
31198 34
31199 28
31200 27
31201 34
31202 32
31203 50
31204 24
31205 22
31206 41
31207 37
31208 31
31209 51
31210 28
31211 40
31212 47
31213 42
31214 46
31215 39
31216 29
31217 42
31218 42
31219 38
31220 43
31221 25
31222 36
31223 35
31224 34
31225 32
31226 31
31227 39
31228 39
31229 32
31230 39
31231 32
31232 52
31233 31
31234 27
31235 30
31236 38
31237 35
31238 41
31239 36
31240 40
31241 39
31242 50
31243 40
31244 36
31245 40
31246 39
31247 47
31248 31
31249 56
31250 45
31251 30
31252 38
31253 40
31254 45
31255 52
31256 39
31257 40
31258 41
31259 45
31260 38
31261 38
31262 41
31263 33
31264 26
31265 INF
31266 30
31267 40
31268 30
31269 29
31270 40
31271 51
31272 INF
31273 26
31274 40
31275 30
31276 36
31277 36
31278 41
31279 38
31280 41
31281 37
31282 45
31283 41
31284 51
31285 34
31286 36
31287 29
31288 31
31289 32
31290 42
31291 31
31292 36
31293 48
31294 INF
31295 38
31296 43
31297 44
31298 43
31299 44
31300 39
31301 INF
31302 34
31303 49
31304 51
31305 INF
31306 45
31307 39
31308 38
31309 38
31310 39
31311 33
31312 48
31313 40
31314 28
31315 40
31316 37
31317 43
31318 36
31319 38
31320 40
31321 46
31322 40
31323 40
31324 39
31325 40
31326 32
31327 46
31328 42
31329 INF
31330 41
31331 26
31332 27
31333 38
31334 40
31335 37
31336 40
31337 33
31338 37
31339 34
31340 57
31341 INF
31342 46
31343 40
31344 40
31345 39
31346 39
31347 36
31348 51
31349 44
31350 46
31351 59
31352 46
31353 41
31354 29
31355 39
31356 45
31357 36
31358 37
31359 42
31360 26
31361 38
31362 32
31363 30
31364 43
31365 40
31366 36
31367 44
31368 44
31369 32
31370 44
31371 44
31372 36
31373 44
31374 35
31375 INF
31376 38
31377 36
31378 43
31379 36
31380 38
31381 42
31382 40
31383 45
31384 42
31385 45
31386 43
31387 34
31388 42
31389 42
31390 47
31391 49
31392 31
31393 32
31394 40
31395 45
31396 42
31397 35
31398 41
31399 INF
31400 40
31401 33
31402 41
31403 37
31404 41
31405 INF
31406 31
31407 43
31408 35
31409 40
31410 39
31411 23
31412 31
31413 39
31414 34
31415 46
31416 16
31417 47
31418 44
31419 35
31420 34
31421 38
31422 38
31423 32
31424 39
31425 45
31426 43
31427 37
31428 36
31429 47
31430 42
31431 37
31432 41
31433 32
31434 35
31435 36
31436 40
31437 44
31438 37
31439 45
31440 42
31441 49
31442 61
31443 36
31444 37
31445 44
31446 34
31447 40
31448 44
31449 38
31450 37
31451 41
31452 39
31453 56
31454 39
31455 37
31456 42
31457 38
31458 45
31459 35
31460 38
31461 41
31462 36
31463 36
31464 40
31465 34
31466 44
31467 40
31468 INF
31469 41
31470 42
31471 50
31472 39
31473 41
31474 45
31475 52
31476 34
31477 45
31478 27
31479 41
31480 39
31481 46
31482 37
31483 38
31484 32
31485 40
31486 34
31487 41
31488 36
31489 32
31490 40
31491 37
31492 39
31493 31
31494 39
31495 39
31496 35
31497 29
31498 44
31499 44
31500 36
31501 42
31502 45
31503 34
31504 30
31505 49
31506 41
31507 44
31508 34
31509 43
31510 INF
31511 40
31512 47
31513 33
31514 39
31515 42
31516 INF
31517 47
31518 47
31519 53
31520 43
31521 34
31522 43
31523 46
31524 36
31525 35
31526 28
31527 48
31528 32
31529 43
31530 44
31531 46
31532 27
31533 37
31534 36
31535 34
31536 32
31537 32
31538 38
31539 41
31540 43
31541 37
31542 36
31543 33
31544 40
31545 40
31546 35
31547 INF
31548 52
31549 41
31550 31
31551 38
31552 45
31553 40
31554 48
31555 35
31556 51
31557 31
31558 45
31559 INF
31560 43
31561 29
31562 41
31563 38
31564 40
31565 INF
31566 38
31567 37
31568 35
31569 44
31570 41
31571 39
31572 33
31573 31
31574 36
31575 42
31576 37
31577 33
31578 47
31579 48
31580 45
31581 39
31582 54
31583 37
31584 38
31585 28
31586 37
31587 43
31588 44
31589 INF
31590 44
31591 INF
31592 35
31593 33
31594 38
31595 45
31596 43
31597 42
31598 35
31599 35
31600 38
31601 27
31602 43
31603 43
31604 41
31605 44
31606 35
31607 36
31608 43
31609 43
31610 32
31611 44
31612 INF
31613 47
31614 25
31615 36
31616 44
31617 INF
31618 47
31619 50
31620 40
31621 40
31622 32
31623 48
31624 36
31625 INF
31626 39
31627 48
31628 40
31629 40
31630 26
31631 33
31632 33
31633 37
31634 44
31635 43
31636 41
31637 36
31638 39
31639 40
31640 49
31641 36
31642 INF
31643 53
31644 42
31645 36
31646 34
31647 43
31648 40
31649 35
31650 37
31651 37
31652 40
31653 39
31654 37
31655 40
31656 39
31657 37
31658 36
31659 51
31660 40
31661 42
31662 41
31663 43
31664 INF
31665 32
31666 37
31667 INF
31668 36
31669 INF
31670 38
31671 42
31672 33
31673 39
31674 34
31675 36
31676 42
31677 43
31678 INF
31679 42
31680 INF
31681 54
31682 39
31683 37
31684 24
31685 39
31686 32
31687 33
31688 37
31689 34
31690 46
31691 41
31692 36
31693 39
31694 43
31695 42
31696 INF
31697 36
31698 50
31699 INF
31700 40
31701 37
31702 41
31703 26
31704 43
31705 36
31706 31
31707 43
31708 28
31709 35
31710 37
31711 34
31712 28
31713 48
31714 37
31715 48
31716 42
31717 33
31718 32
31719 22
31720 40
31721 44
31722 39
31723 39
31724 34
31725 40
31726 46
31727 28
31728 52
31729 55
31730 48
31731 43
31732 32
31733 38
31734 48
31735 44
31736 43
31737 42
31738 40
31739 34
31740 37
31741 INF
31742 31
31743 22
31744 41
31745 39
31746 26
31747 41
31748 41
31749 27
31750 42
31751 40
31752 41
31753 46
31754 41
31755 48
31756 30
31757 34
31758 46
31759 34
31760 43
31761 50
31762 44
31763 38
31764 43
31765 35
31766 38
31767 51
31768 50
31769 37
31770 46
31771 27
31772 43
31773 33
31774 46
31775 INF
31776 53
31777 31
31778 38
31779 38
31780 44
31781 25
31782 30
31783 42
31784 INF
31785 33
31786 41
31787 46
31788 43
31789 41
31790 23
31791 43
31792 38
31793 INF
31794 39
31795 29
31796 46
31797 30
31798 33
31799 40
31800 INF
31801 33
31802 53
31803 49
31804 41
31805 39
31806 46
31807 INF
31808 38
31809 44
31810 48
31811 41
31812 36
31813 42
31814 46
31815 36
31816 33
31817 42
31818 43
31819 31
31820 37
31821 42
31822 42
31823 44
31824 INF
31825 25
31826 36
31827 46
31828 43
31829 32
31830 48
31831 42
31832 42
31833 37
31834 38
31835 37
31836 35
31837 36
31838 41
31839 48
31840 45
31841 INF
31842 47
31843 39
31844 38
31845 INF
31846 37
31847 45
31848 41
31849 34
31850 25
31851 45
31852 33
31853 47
31854 37
31855 41
31856 36
31857 36
31858 46
31859 41
31860 46
31861 INF
31862 56
31863 44
31864 28
31865 44
31866 36
31867 29
31868 38
31869 49
31870 60
31871 42
31872 47
31873 39
31874 34
31875 38
31876 37
31877 INF
31878 35
31879 39
31880 52
31881 42
31882 30
31883 46
31884 38
31885 38
31886 42
31887 35
31888 36
31889 35
31890 40
31891 27
31892 49
31893 42
31894 34
31895 41
31896 44
31897 38
31898 29
31899 39
31900 INF
31901 41
31902 41
31903 39
31904 37
31905 43
31906 40
31907 35
31908 42
31909 42
31910 35
31911 33
31912 52
31913 47
31914 39
31915 36
31916 43
31917 34
31918 35
31919 40
31920 INF
31921 54
31922 37
31923 44
31924 43
31925 46
31926 41
31927 44
31928 42
31929 50
31930 40
31931 44
31932 37
31933 36
31934 22
31935 36
31936 41
31937 30
31938 39
31939 36
31940 45
31941 35
31942 43
31943 40
31944 35
31945 47
31946 47
31947 41
31948 37
31949 30
31950 38
31951 27
31952 45
31953 37
31954 43
31955 INF
31956 38
31957 40
31958 38
31959 39
31960 INF
31961 31
31962 32
31963 46
31964 43
31965 INF
31966 44
31967 42
31968 40
31969 47
31970 38
31971 28
31972 42
31973 26
31974 33
31975 45
31976 37
31977 44
31978 39
31979 38
31980 56
31981 INF
31982 38
31983 32
31984 43
31985 43
31986 32
31987 37
31988 44
31989 39
31990 40
31991 41
31992 41
31993 50
31994 35
31995 37
31996 36
31997 42
31998 43
31999 43
32000 51
32001 31
32002 37
32003 41
32004 29
32005 45
32006 38
32007 43
32008 34
32009 25
32010 47
32011 39
32012 37
32013 43
32014 28
32015 37
32016 36
32017 41
32018 44
32019 40
32020 45
32021 41
32022 52
32023 38
32024 43
32025 41
32026 39
32027 41
32028 31
32029 41
32030 42
32031 27
32032 33
32033 34
32034 44
32035 40
32036 36
32037 38
32038 45
32039 42
32040 28
32041 37
32042 35
32043 43
32044 42
32045 38
32046 41
32047 39
32048 32
32049 36
32050 36
32051 44
32052 39
32053 INF
32054 40
32055 42
32056 34
32057 48
32058 INF
32059 32
32060 40
32061 36
32062 51
32063 33
32064 43
32065 35
32066 41
32067 30
32068 45
32069 40
32070 27
32071 40
32072 36
32073 40
32074 36
32075 37
32076 37
32077 40
32078 INF
32079 38
32080 41
32081 36
32082 38
32083 43
32084 46
32085 37
32086 34
32087 33
32088 37
32089 44
32090 42
32091 57
32092 43
32093 41
32094 36
32095 37
32096 INF
32097 32
32098 51
32099 42
32100 44
32101 36
32102 42
32103 48
32104 47
32105 36
32106 39
32107 45
32108 48
32109 35
32110 53
32111 44
32112 39
32113 44
32114 47
32115 49
32116 42
32117 40
32118 33
32119 31
32120 40
32121 46
32122 33
32123 43
32124 35
32125 30
32126 32
32127 48
32128 33
32129 38
32130 44
32131 35
32132 32
32133 37
32134 61
32135 37
32136 46
32137 47
32138 33
32139 52
32140 44
32141 46
32142 41
32143 INF
32144 36
32145 40
32146 37
32147 44
32148 45
32149 38
32150 39
32151 45
32152 46
32153 41
32154 31
32155 41
32156 INF
32157 INF
32158 INF
32159 41
32160 29
32161 43
32162 33
32163 36
32164 43
32165 42
32166 37
32167 30
32168 42
32169 46
32170 41
32171 40
32172 40
32173 29
32174 39
32175 44
32176 39
32177 35
32178 31
32179 32
32180 36
32181 45
32182 41
32183 41
32184 42
32185 42
32186 35
32187 31
32188 46
32189 41
32190 39
32191 43
32192 40
32193 47
32194 37
32195 38
32196 45
32197 39
32198 38
32199 INF
32200 29
32201 39
32202 53
32203 INF
32204 43
32205 36
32206 49
32207 37
32208 47
32209 44
32210 46
32211 39
32212 38
32213 47
32214 37
32215 38
32216 41
32217 43
32218 34
32219 INF
32220 36
32221 23
32222 38
32223 43
32224 43
32225 31
32226 INF
32227 36
32228 39
32229 41
32230 24
32231 27
32232 39
32233 47
32234 43
32235 45
32236 53
32237 39
32238 40
32239 45
32240 47
32241 39
32242 40
32243 46
32244 32
32245 41
32246 38
32247 34
32248 46
32249 45
32250 32
32251 40
32252 46
32253 34
32254 33
32255 38
32256 INF
32257 38
32258 31
32259 37
32260 38
32261 38
32262 37
32263 35
32264 40
32265 28
32266 46
32267 52
32268 48
32269 51
32270 34
32271 40
32272 49
32273 39
32274 25
32275 41
32276 41
32277 32
32278 41
32279 37
32280 26
32281 33
32282 33
32283 33
32284 41
32285 39
32286 44
32287 35
32288 44
32289 60
32290 29
32291 48
32292 47
32293 44
32294 42
32295 38
32296 39
32297 36
32298 32
32299 40
32300 37
32301 45
32302 31
32303 36
32304 20
32305 39
32306 37
32307 29
32308 38
32309 41
32310 42
32311 36
32312 INF
32313 33
32314 39
32315 44
32316 42
32317 43
32318 42
32319 27
32320 46
32321 38
32322 50
32323 44
32324 42
32325 40
32326 44
32327 38
32328 32
32329 45
32330 46
32331 42
32332 39
32333 35
32334 46
32335 36
32336 36
32337 37
32338 44
32339 47
32340 29
32341 46
32342 51
32343 48
32344 INF
32345 34
32346 46
32347 26
32348 38
32349 45
32350 43
32351 36
32352 41
32353 33
32354 52
32355 42
32356 38
32357 41
32358 44
32359 39
32360 40
32361 41
32362 27
32363 33
32364 42
32365 32
32366 37
32367 38
32368 51
32369 42
32370 38
32371 42
32372 39
32373 32
32374 34
32375 33
32376 41
32377 29
32378 37
32379 51
32380 46
32381 42
32382 38
32383 INF
32384 39
32385 30
32386 37
32387 43
32388 39
32389 33
32390 35
32391 INF
32392 31
32393 30
32394 44
32395 39
32396 36
32397 37
32398 43
32399 31
32400 39
32401 33
32402 37
32403 34
32404 38
32405 41
32406 52
32407 34
32408 43
32409 INF
32410 30
32411 39
32412 45
32413 41
32414 30
32415 41
32416 41
32417 24
32418 44
32419 44
32420 43
32421 36
32422 32
32423 41
32424 33
32425 INF
32426 35
32427 INF
32428 51
32429 25
32430 35
32431 44
32432 29
32433 39
32434 41
32435 36
32436 INF
32437 44
32438 36
32439 39
32440 38
32441 37
32442 37
32443 41
32444 42
32445 43
32446 INF
32447 32
32448 40
32449 45
32450 30
32451 34
32452 38
32453 41
32454 38
32455 INF
32456 41
32457 35
32458 32
32459 41
32460 33
32461 42
32462 38
32463 40
32464 36
32465 44
32466 46
32467 35
32468 36
32469 40
32470 44
32471 36
32472 40
32473 39
32474 41
32475 38
32476 40
32477 INF
32478 38
32479 39
32480 42
32481 39
32482 35
32483 39
32484 43
32485 47
32486 37
32487 36
32488 60
32489 38
32490 37
32491 46
32492 41
32493 INF
32494 27
32495 40
32496 46
32497 42
32498 49
32499 30
32500 30
32501 43
32502 39
32503 40
32504 31
32505 41
32506 45
32507 36
32508 46
32509 44
32510 44
32511 42
32512 39
32513 33
32514 49
32515 33
32516 32
32517 41
32518 46
32519 41
32520 36
32521 35
32522 36
32523 35
32524 39
32525 40
32526 39
32527 45
32528 41
32529 32
32530 41
32531 59
32532 49
32533 42
32534 44
32535 28
32536 37
32537 42
32538 40
32539 41
32540 39
32541 39
32542 39
32543 39
32544 39
32545 46
32546 28
32547 41
32548 33
32549 41
32550 40
32551 INF
32552 43
32553 44
32554 44
32555 36
32556 45
32557 43
32558 42
32559 42
32560 41
32561 39
32562 40
32563 37
32564 30
32565 28
32566 36
32567 32
32568 42
32569 INF
32570 40
32571 40
32572 47
32573 36
32574 36
32575 42
32576 52
32577 41
32578 39
32579 46
32580 38
32581 42
32582 41
32583 43
32584 44
32585 33
32586 44
32587 44
32588 51
32589 36
32590 43
32591 43
32592 38
32593 40
32594 41
32595 41
32596 38
32597 49
32598 43
32599 31
32600 42
32601 INF
32602 33
32603 42
32604 35
32605 44
32606 INF
32607 35
32608 41
32609 35
32610 35
32611 52
32612 39
32613 43
32614 INF
32615 43
32616 33
32617 INF
32618 41
32619 43
32620 INF
32621 39
32622 40
32623 38
32624 49
32625 29
32626 43
32627 INF
32628 42
32629 33
32630 46
32631 33
32632 INF
32633 42
32634 35
32635 36
32636 37
32637 43
32638 39
32639 43
32640 34
32641 49
32642 41
32643 INF
32644 42
32645 40
32646 55
32647 43
32648 38
32649 39
32650 INF
32651 33
32652 27
32653 40
32654 35
32655 36
32656 38
32657 34
32658 29
32659 40
32660 32
32661 INF
32662 38
32663 47
32664 33
32665 35
32666 40
32667 40
32668 38
32669 42
32670 39
32671 36
32672 41
32673 32
32674 46
32675 36
32676 40
32677 49
32678 38
32679 47
32680 45
32681 34
32682 40
32683 INF
32684 52
32685 34
32686 40
32687 32
32688 39
32689 38
32690 42
32691 37
32692 30
32693 39
32694 34
32695 27
32696 51
32697 43
32698 35
32699 32
32700 42
32701 36
32702 41
32703 40
32704 INF
32705 37
32706 40
32707 INF
32708 41
32709 29
32710 33
32711 29
32712 57
32713 40
32714 47
32715 26
32716 37
32717 54
32718 43
32719 40
32720 35
32721 50
32722 43
32723 31
32724 31
32725 51
32726 42
32727 43
32728 38
32729 29
32730 39
32731 43
32732 40
32733 41
32734 41
32735 49
32736 42
32737 35
32738 45
32739 40
32740 40
32741 48
32742 35
32743 43
32744 34
32745 INF
32746 42
32747 38
32748 41
32749 26
32750 37
32751 35
32752 43
32753 52
32754 44
32755 39
32756 27
32757 44
32758 35
32759 47
32760 41
32761 37
32762 37
32763 37
32764 36
32765 INF
32766 34
32767 37
32768 37
32769 41
32770 51
32771 34
32772 35
32773 32
32774 42
32775 32
32776 40
32777 40
32778 45
32779 48
32780 33
32781 38
32782 38
32783 36
32784 38
32785 INF
32786 38
32787 44
32788 46
32789 25
32790 38
32791 40
32792 INF
32793 35
32794 48
32795 40
32796 36
32797 44
32798 36
32799 34
32800 39
32801 37
32802 51
32803 39
32804 36
32805 20
32806 41
32807 42
32808 INF
32809 45
32810 INF
32811 38
32812 21
32813 40
32814 44
32815 25
32816 INF
32817 41
32818 INF
32819 53
32820 45
32821 INF
32822 39
32823 48
32824 44
32825 38
32826 43
32827 35
32828 40
32829 34
32830 34
32831 33
32832 INF
32833 35
32834 42
32835 40
32836 34
32837 37
32838 40
32839 36
32840 49
32841 38
32842 40
32843 34
32844 42
32845 38
32846 40
32847 42
32848 INF
32849 34
32850 43
32851 INF
32852 30
32853 47
32854 36
32855 INF
32856 39
32857 34
32858 INF
32859 40
32860 38
32861 30
32862 35
32863 37
32864 44
32865 36
32866 43
32867 52
32868 37
32869 41
32870 31
32871 34
32872 38
32873 50
32874 24
32875 58
32876 45
32877 37
32878 46
32879 34
32880 25
32881 55
32882 INF
32883 32
32884 INF
32885 41
32886 47
32887 40
32888 41
32889 38
32890 36
32891 40
32892 41
32893 5
32894 63
32895 35
32896 36
32897 36
32898 41
32899 30
32900 41
32901 INF
32902 INF
32903 43
32904 46
32905 INF
32906 37
32907 40
32908 47
32909 44
32910 54
32911 33
32912 38
32913 38
32914 34
32915 42
32916 INF
32917 41
32918 34
32919 41
32920 40
32921 42
32922 48
32923 INF
32924 51
32925 38
32926 43
32927 44
32928 36
32929 39
32930 40
32931 22
32932 37
32933 33
32934 34
32935 40
32936 41
32937 41
32938 38
32939 33
32940 43
32941 39
32942 49
32943 29
32944 44
32945 45
32946 44
32947 28
32948 35
32949 37
32950 44
32951 INF
32952 37
32953 39
32954 31
32955 41
32956 43
32957 32
32958 44
32959 37
32960 40
32961 38
32962 34
32963 23
32964 46
32965 44
32966 43
32967 36
32968 39
32969 34
32970 43
32971 41
32972 35
32973 47
32974 42
32975 38
32976 33
32977 INF
32978 INF
32979 35
32980 37
32981 36
32982 29
32983 30
32984 38
32985 47
32986 42
32987 44
32988 35
32989 35
32990 39
32991 34
32992 38
32993 39
32994 46
32995 38
32996 38
32997 44
32998 40
32999 35
33000 26
33001 36
33002 INF
33003 40
33004 37
33005 39
33006 40
33007 59
33008 46
33009 37
33010 42
33011 45
33012 43
33013 47
33014 17
33015 37
33016 41
33017 40
33018 40
33019 45
33020 34
33021 27
33022 INF
33023 35
33024 43
33025 41
33026 28
33027 38
33028 45
33029 52
33030 40
33031 38
33032 38
33033 41
33034 34
33035 34
33036 37
33037 39
33038 34
33039 INF
33040 37
33041 33
33042 36
33043 31
33044 35
33045 47
33046 38
33047 40
33048 43
33049 33
33050 40
33051 36
33052 40
33053 29
33054 38
33055 43
33056 23
33057 42
33058 35
33059 57
33060 41
33061 INF
33062 INF
33063 36
33064 47
33065 40
33066 32
33067 INF
33068 28
33069 42
33070 35
33071 47
33072 37
33073 39
33074 34
33075 41
33076 INF
33077 45
33078 39
33079 52
33080 36
33081 37
33082 42
33083 40
33084 38
33085 36
33086 28
33087 33
33088 31
33089 43
33090 45
33091 36
33092 42
33093 35
33094 48
33095 38
33096 39
33097 INF
33098 38
33099 38
33100 39
33101 40
33102 30
33103 41
33104 55
33105 46
33106 42
33107 43
33108 46
33109 35
33110 40
33111 54
33112 41
33113 50
33114 51
33115 43
33116 25
33117 37
33118 42
33119 45
33120 32
33121 40
33122 38
33123 46
33124 36
33125 46
33126 43
33127 38
33128 42
33129 41
33130 31
33131 33
33132 39
33133 34
33134 43
33135 43
33136 36
33137 48
33138 38
33139 32
33140 38
33141 28
33142 37
33143 46
33144 29
33145 32
33146 37
33147 38
33148 33
33149 40
33150 41
33151 38
33152 53
33153 37
33154 35
33155 37
33156 34
33157 35
33158 39
33159 35
33160 32
33161 37
33162 35
33163 33
33164 39
33165 INF
33166 39
33167 40
33168 41
33169 29
33170 48
33171 INF
33172 41
33173 35
33174 38
33175 43
33176 40
33177 38
33178 49
33179 34
33180 36
33181 47
33182 39
33183 35
33184 44
33185 52
33186 38
33187 37
33188 34
33189 32
33190 INF
33191 41
33192 32
33193 44
33194 34
33195 37
33196 31
33197 55
33198 34
33199 38
33200 34
33201 34
33202 28
33203 INF
33204 46
33205 38
33206 38
33207 42
33208 39
33209 33
33210 48
33211 33
33212 35
33213 45
33214 25
33215 34
33216 35
33217 40
33218 36
33219 41
33220 45
33221 53
33222 32
33223 43
33224 38
33225 INF
33226 20
33227 31
33228 38
33229 37
33230 39
33231 30
33232 40
33233 INF
33234 44
33235 INF
33236 32
33237 38
33238 47
33239 43
33240 38
33241 23
33242 43
33243 32
33244 37
33245 45
33246 37
33247 38
33248 39
33249 21
33250 49
33251 37
33252 39
33253 25
33254 37
33255 40
33256 INF
33257 40
33258 33
33259 41
33260 47
33261 34
33262 INF
33263 39
33264 46
33265 45
33266 41
33267 40
33268 44
33269 28
33270 36
33271 41
33272 44
33273 46
33274 38
33275 43
33276 33
33277 INF
33278 39
33279 33
33280 55
33281 38
33282 36
33283 41
33284 42
33285 31
33286 38
33287 30
33288 37
33289 34
33290 40
33291 42
33292 24
33293 39
33294 32
33295 32
33296 25
33297 43
33298 15
33299 43
33300 36
33301 34
33302 36
33303 38
33304 32
33305 29
33306 44
33307 41
33308 INF
33309 38
33310 47
33311 44
33312 41
33313 36
33314 20
33315 41
33316 35
33317 31
33318 40
33319 46
33320 44
33321 40
33322 39
33323 37
33324 35
33325 35
33326 36
33327 36
33328 INF
33329 38
33330 43
33331 39
33332 37
33333 45
33334 32
33335 42
33336 44
33337 26
33338 36
33339 35
33340 43
33341 32
33342 43
33343 30
33344 46
33345 32
33346 36
33347 47
33348 39
33349 48
33350 46
33351 33
33352 43
33353 46
33354 40
33355 31
33356 41
33357 45
33358 41
33359 46
33360 18
33361 40
33362 43
33363 38
33364 46
33365 35
33366 46
33367 37
33368 30
33369 37
33370 INF
33371 37
33372 48
33373 34
33374 37
33375 38
33376 37
33377 37
33378 36
33379 36
33380 43
33381 44
33382 27
33383 25
33384 23
33385 41
33386 39
33387 25
33388 39
33389 38
33390 49
33391 44
33392 48
33393 41
33394 35
33395 38
33396 INF
33397 34
33398 44
33399 43
33400 38
33401 41
33402 42
33403 34
33404 INF
33405 INF
33406 45
33407 36
33408 31
33409 34
33410 46
33411 41
33412 48
33413 INF
33414 42
33415 INF
33416 30
33417 49
33418 40
33419 40
33420 41
33421 28
33422 INF
33423 43
33424 35
33425 42
33426 50
33427 30
33428 33
33429 30
33430 30
33431 37
33432 38
33433 39
33434 44
33435 41
33436 35
33437 43
33438 29
33439 39
33440 41
33441 39
33442 44
33443 49
33444 30
33445 36
33446 42
33447 34
33448 41
33449 38
33450 38
33451 44
33452 43
33453 42
33454 INF
33455 INF
33456 37
33457 INF
33458 32
33459 29
33460 38
33461 INF
33462 52
33463 34
33464 26
33465 40
33466 38
33467 43
33468 43
33469 32
33470 33
33471 45
33472 23
33473 37
33474 30
33475 41
33476 44
33477 45
33478 42
33479 30
33480 32
33481 33
33482 45
33483 INF
33484 43
33485 INF
33486 34
33487 45
33488 38
33489 38
33490 36
33491 56
33492 42
33493 38
33494 INF
33495 43
33496 INF
33497 29
33498 60
33499 54
33500 49
33501 43
33502 48
33503 38
33504 51
33505 29
33506 43
33507 45
33508 39
33509 37
33510 44
33511 36
33512 23
33513 40
33514 41
33515 39
33516 INF
33517 37
33518 35
33519 37
33520 34
33521 49
33522 36
33523 INF
33524 32
33525 41
33526 40
33527 43
33528 51
33529 34
33530 47
33531 35
33532 33
33533 38
33534 38
33535 40
33536 32
33537 28
33538 INF
33539 31
33540 37
33541 34
33542 47
33543 38
33544 39
33545 44
33546 47
33547 40
33548 42
33549 39
33550 32
33551 30
33552 36
33553 43
33554 28
33555 32
33556 40
33557 47
33558 32
33559 40
33560 INF
33561 45
33562 44
33563 45
33564 39
33565 44
33566 41
33567 37
33568 INF
33569 31
33570 46
33571 38
33572 33
33573 29
33574 41
33575 33
33576 32
33577 41
33578 41
33579 27
33580 45
33581 39
33582 31
33583 39
33584 45
33585 40
33586 41
33587 38
33588 44
33589 38
33590 41
33591 39
33592 44
33593 43
33594 50
33595 35
33596 37
33597 48
33598 35
33599 42
33600 40
33601 41
33602 38
33603 28
33604 38
33605 11
33606 37
33607 33
33608 42
33609 44
33610 50
33611 21
33612 38
33613 40
33614 36
33615 37
33616 39
33617 39
33618 39
33619 44
33620 38
33621 34
33622 39
33623 43
33624 41
33625 37
33626 45
33627 40
33628 44
33629 48
33630 38
33631 47
33632 31
33633 37
33634 35
33635 41
33636 37
33637 39
33638 INF
33639 INF
33640 36
33641 42
33642 45
33643 37
33644 48
33645 INF
33646 39
33647 39
33648 42
33649 56
33650 23
33651 38
33652 40
33653 33
33654 33
33655 45
33656 29
33657 50
33658 38
33659 45
33660 30
33661 40
33662 43
33663 41
33664 39
33665 31
33666 27
33667 40
33668 22
33669 31
33670 33
33671 35
33672 25
33673 33
33674 INF
33675 42
33676 53
33677 53
33678 32
33679 41
33680 29
33681 38
33682 34
33683 36
33684 35
33685 42
33686 37
33687 39
33688 47
33689 42
33690 30
33691 43
33692 25
33693 40
33694 41
33695 46
33696 31
33697 46
33698 13
33699 41
33700 45
33701 40
33702 40
33703 31
33704 37
33705 34
33706 38
33707 45
33708 45
33709 35
33710 39
33711 41
33712 INF
33713 33
33714 33
33715 35
33716 42
33717 36
33718 40
33719 35
33720 37
33721 51
33722 36
33723 36
33724 33
33725 38
33726 25
33727 38
33728 50
33729 35
33730 41
33731 42
33732 47
33733 42
33734 36
33735 36
33736 26
33737 45
33738 33
33739 33
33740 38
33741 45
33742 37
33743 43
33744 41
33745 42
33746 32
33747 35
33748 38
33749 34
33750 33
33751 33
33752 44
33753 39
33754 36
33755 28
33756 38
33757 49
33758 41
33759 44
33760 36
33761 32
33762 45
33763 35
33764 35
33765 29
33766 42
33767 31
33768 41
33769 34
33770 64
33771 38
33772 31
33773 35
33774 42
33775 33
33776 47
33777 48
33778 41
33779 39
33780 41
33781 47
33782 43
33783 44
33784 34
33785 48
33786 45
33787 33
33788 46
33789 32
33790 32
33791 45
33792 INF
33793 30
33794 43
33795 41
33796 33
33797 44
33798 36
33799 38
33800 43
33801 38
33802 44
33803 34
33804 INF
33805 44
33806 42
33807 34
33808 37
33809 44
33810 35
33811 26
33812 41
33813 34
33814 47
33815 36
33816 39
33817 41
33818 37
33819 36
33820 INF
33821 INF
33822 41
33823 53
33824 29
33825 34
33826 47
33827 40
33828 48
33829 46
33830 43
33831 39
33832 INF
33833 47
33834 29
33835 43
33836 34
33837 47
33838 26
33839 40
33840 47
33841 45
33842 38
33843 45
33844 40
33845 50
33846 33
33847 41
33848 48
33849 32
33850 32
33851 31
33852 39
33853 32
33854 29
33855 49
33856 39
33857 46
33858 56
33859 29
33860 39
33861 34
33862 INF
33863 38
33864 INF
33865 38
33866 INF
33867 43
33868 44
33869 50
33870 29
33871 38
33872 40
33873 40
33874 47
33875 51
33876 44
33877 37
33878 36
33879 41
33880 34
33881 43
33882 31
33883 40
33884 37
33885 42
33886 38
33887 43
33888 34
33889 43
33890 38
33891 45
33892 35
33893 19
33894 38
33895 38
33896 32
33897 46
33898 29
33899 35
33900 47
33901 38
33902 INF
33903 45
33904 38
33905 39
33906 39
33907 35
33908 30
33909 38
33910 45
33911 33
33912 42
33913 36
33914 36
33915 49
33916 39
33917 37
33918 47
33919 48
33920 30
33921 41
33922 32
33923 39
33924 33
33925 40
33926 INF
33927 INF
33928 31
33929 34
33930 35
33931 37
33932 44
33933 47
33934 26
33935 36
33936 38
33937 36
33938 24
33939 42
33940 47
33941 42
33942 32
33943 38
33944 31
33945 INF
33946 39
33947 38
33948 42
33949 49
33950 41
33951 33
33952 27
33953 48
33954 41
33955 50
33956 INF
33957 30
33958 42
33959 40
33960 38
33961 42
33962 43
33963 38
33964 11
33965 37
33966 40
33967 41
33968 33
33969 42
33970 INF
33971 45
33972 30
33973 42
33974 44
33975 41
33976 30
33977 43
33978 35
33979 42
33980 40
33981 34
33982 29
33983 27
33984 40
33985 29
33986 41
33987 31
33988 INF
33989 31
33990 23
33991 41
33992 45
33993 49
33994 40
33995 51
33996 34
33997 20
33998 29
33999 35
34000 38
34001 30
34002 INF
34003 48
34004 39
34005 42
34006 INF
34007 40
34008 31
34009 34
34010 37
34011 36
34012 39
34013 35
34014 40
34015 38
34016 52
34017 37
34018 45
34019 39
34020 41
34021 22
34022 45
34023 40
34024 37
34025 47
34026 38
34027 31
34028 41
34029 39
34030 38
34031 44
34032 INF
34033 50
34034 42
34035 35
34036 37
34037 25
34038 42
34039 INF
34040 38
34041 50
34042 27
34043 34
34044 50
34045 41
34046 42
34047 38
34048 38
34049 34
34050 43
34051 INF
34052 36
34053 45
34054 35
34055 25
34056 43
34057 41
34058 38
34059 26
34060 44
34061 53
34062 40
34063 42
34064 44
34065 50
34066 INF
34067 38
34068 32
34069 34
34070 38
34071 INF
34072 41
34073 38
34074 39
34075 29
34076 27
34077 52
34078 38
34079 38
34080 48
34081 37
34082 38
34083 46
34084 29
34085 41
34086 24
34087 37
34088 32
34089 42
34090 41
34091 36
34092 42
34093 INF
34094 INF
34095 34
34096 43
34097 29
34098 34
34099 43
34100 INF
34101 44
34102 42
34103 32
34104 38
34105 52
34106 42
34107 32
34108 42
34109 35
34110 27
34111 43
34112 37
34113 44
34114 47
34115 47
34116 40
34117 43
34118 INF
34119 41
34120 41
34121 INF
34122 59
34123 39
34124 42
34125 44
34126 28
34127 40
34128 28
34129 42
34130 46
34131 36
34132 39
34133 40
34134 40
34135 41
34136 44
34137 36
34138 40
34139 41
34140 50
34141 34
34142 38
34143 44
34144 44
34145 39
34146 38
34147 29
34148 35
34149 36
34150 29
34151 22
34152 44
34153 49
34154 36
34155 50
34156 40
34157 18
34158 36
34159 45
34160 45
34161 41
34162 31
34163 34
34164 44
34165 48
34166 41
34167 52
34168 39
34169 36
34170 INF
34171 35
34172 42
34173 35
34174 INF
34175 40
34176 42
34177 44
34178 34
34179 46
34180 37
34181 42
34182 37
34183 38
34184 37
34185 42
34186 39
34187 INF
34188 34
34189 34
34190 32
34191 INF
34192 39
34193 36
34194 37
34195 34
34196 37
34197 31
34198 26
34199 46
34200 39
34201 38
34202 46
34203 34
34204 43
34205 46
34206 33
34207 37
34208 35
34209 45
34210 35
34211 37
34212 32
34213 42
34214 33
34215 41
34216 28
34217 33
34218 46
34219 28
34220 33
34221 40
34222 42
34223 44
34224 29
34225 43
34226 47
34227 20
34228 22
34229 42
34230 34
34231 45
34232 40
34233 INF
34234 44
34235 40
34236 42
34237 47
34238 33
34239 39
34240 37
34241 38
34242 34
34243 37
34244 47
34245 48
34246 28
34247 27
34248 42
34249 36
34250 38
34251 32
34252 37
34253 30
34254 46
34255 41
34256 46
34257 38
34258 27
34259 35
34260 39
34261 46
34262 37
34263 40
34264 INF
34265 34
34266 42
34267 39
34268 INF
34269 37
34270 38
34271 31
34272 36
34273 38
34274 42
34275 44
34276 36
34277 49
34278 35
34279 41
34280 52
34281 30
34282 41
34283 42
34284 37
34285 34
34286 52
34287 35
34288 40
34289 44
34290 33
34291 34
34292 37
34293 38
34294 45
34295 32
34296 40
34297 44
34298 40
34299 35
34300 41
34301 INF
34302 33
34303 43
34304 INF
34305 39
34306 36
34307 35
34308 39
34309 40
34310 31
34311 42
34312 INF
34313 45
34314 40
34315 16
34316 40
34317 25
34318 45
34319 46
34320 46
34321 39
34322 41
34323 44
34324 44
34325 40
34326 43
34327 34
34328 35
34329 39
34330 28
34331 45
34332 44
34333 28
34334 39
34335 INF
34336 35
34337 41
34338 40
34339 38
34340 45
34341 36
34342 44
34343 37
34344 41
34345 55
34346 40
34347 35
34348 27
34349 28
34350 INF
34351 31
34352 38
34353 32
34354 INF
34355 41
34356 47
34357 41
34358 44
34359 40
34360 35
34361 42
34362 59
34363 38
34364 36
34365 43
34366 38
34367 40
34368 INF
34369 46
34370 42
34371 34
34372 INF
34373 44
34374 31
34375 34
34376 32
34377 44
34378 32
34379 43
34380 34
34381 53
34382 31
34383 33
34384 41
34385 47
34386 38
34387 26
34388 31
34389 37
34390 34
34391 48
34392 39
34393 53
34394 43
34395 34
34396 45
34397 44
34398 42
34399 39
34400 31
34401 INF
34402 36
34403 38
34404 33
34405 46
34406 41
34407 37
34408 34
34409 51
34410 33
34411 45
34412 43
34413 62
34414 32
34415 37
34416 46
34417 38
34418 36
34419 42
34420 46
34421 INF
34422 32
34423 37
34424 34
34425 45
34426 28
34427 37
34428 34
34429 35
34430 32
34431 41
34432 40
34433 29
34434 44
34435 38
34436 50
34437 40
34438 50
34439 41
34440 50
34441 39
34442 45
34443 46
34444 35
34445 48
34446 38
34447 42
34448 39
34449 39
34450 32
34451 42
34452 35
34453 43
34454 31
34455 45
34456 44
34457 38
34458 42
34459 44
34460 38
34461 26
34462 39
34463 INF
34464 40
34465 41
34466 41
34467 34
34468 50
34469 46
34470 36
34471 43
34472 39
34473 29
34474 INF
34475 40
34476 39
34477 42
34478 40
34479 24
34480 45
34481 47
34482 37
34483 35
34484 44
34485 40
34486 49
34487 40
34488 30
34489 34
34490 42
34491 INF
34492 54
34493 31
34494 34
34495 33
34496 38
34497 39
34498 42
34499 37
34500 45
34501 35
34502 35
34503 39
34504 40
34505 41
34506 53
34507 INF
34508 38
34509 33
34510 45
34511 16
34512 INF
34513 38
34514 48
34515 39
34516 42
34517 43
34518 45
34519 39
34520 32
34521 28
34522 34
34523 39
34524 54
34525 45
34526 37
34527 41
34528 33
34529 42
34530 27
34531 40
34532 41
34533 41
34534 46
34535 42
34536 43
34537 44
34538 39
34539 40
34540 44
34541 43
34542 41
34543 40
34544 33
34545 34
34546 42
34547 26
34548 36
34549 45
34550 40
34551 48
34552 42
34553 37
34554 41
34555 42
34556 31
34557 46
34558 34
34559 40
34560 47
34561 49
34562 INF
34563 39
34564 38
34565 44
34566 40
34567 44
34568 41
34569 39
34570 47
34571 39
34572 37
34573 36
34574 35
34575 40
34576 33
34577 41
34578 45
34579 40
34580 27
34581 42
34582 40
34583 40
34584 41
34585 INF
34586 38
34587 19
34588 37
34589 33
34590 38
34591 40
34592 31
34593 42
34594 46
34595 40
34596 41
34597 42
34598 37
34599 44
34600 33
34601 51
34602 33
34603 49
34604 36
34605 33
34606 32
34607 40
34608 33
34609 45
34610 46
34611 27
34612 INF
34613 40
34614 42
34615 40
34616 65
34617 36
34618 46
34619 37
34620 41
34621 16
34622 33
34623 47
34624 40
34625 43
34626 42
34627 38
34628 39
34629 40
34630 40
34631 38
34632 40
34633 41
34634 46
34635 45
34636 30
34637 36
34638 42
34639 38
34640 INF
34641 38
34642 43
34643 INF
34644 38
34645 50
34646 INF
34647 41
34648 44
34649 44
34650 42
34651 52
34652 38
34653 46
34654 34
34655 38
34656 35
34657 46
34658 36
34659 48
34660 41
34661 38
34662 39
34663 35
34664 37
34665 37
34666 43
34667 42
34668 43
34669 47
34670 35
34671 47
34672 29
34673 36
34674 45
34675 45
34676 33
34677 34
34678 30
34679 46
34680 40
34681 43
34682 43
34683 56
34684 43
34685 INF
34686 39
34687 22
34688 44
34689 33
34690 37
34691 34
34692 33
34693 39
34694 29
34695 31
34696 34
34697 45
34698 46
34699 42
34700 37
34701 37
34702 40
34703 40
34704 46
34705 34
34706 36
34707 36
34708 INF
34709 39
34710 40
34711 41
34712 INF
34713 37
34714 46
34715 37
34716 47
34717 43
34718 27
34719 44
34720 44
34721 48
34722 31
34723 36
34724 35
34725 47
34726 31
34727 39
34728 28
34729 36
34730 47
34731 30
34732 42
34733 49
34734 30
34735 37
34736 45
34737 39
34738 40
34739 41
34740 34
34741 33
34742 49
34743 13
34744 47
34745 40
34746 32
34747 40
34748 44
34749 33
34750 30
34751 48
34752 42
34753 25
34754 41
34755 40
34756 39
34757 41
34758 37
34759 35
34760 38
34761 38
34762 38
34763 36
34764 40
34765 31
34766 INF
34767 30
34768 33
34769 41
34770 41
34771 34
34772 55
34773 31
34774 31
34775 34
34776 43
34777 36
34778 49
34779 46
34780 53
34781 60
34782 33
34783 32
34784 INF
34785 34
34786 35
34787 42
34788 45
34789 43
34790 43
34791 32
34792 33
34793 36
34794 32
34795 36
34796 36
34797 47
34798 41
34799 29
34800 41
34801 34
34802 39
34803 41
34804 34
34805 34
34806 42
34807 40
34808 37
34809 38
34810 36
34811 32
34812 48
34813 52
34814 44
34815 34
34816 32
34817 40
34818 40
34819 40
34820 44
34821 43
34822 35
34823 38
34824 44
34825 42
34826 39
34827 41
34828 34
34829 35
34830 42
34831 INF
34832 27
34833 32
34834 43
34835 43
34836 31
34837 33
34838 38
34839 32
34840 27
34841 45
34842 45
34843 41
34844 37
34845 43
34846 46
34847 38
34848 37
34849 37
34850 43
34851 45
34852 45
34853 37
34854 44
34855 28
34856 42
34857 30
34858 35
34859 37
34860 42
34861 38
34862 47
34863 INF
34864 30
34865 35
34866 43
34867 49
34868 39
34869 37
34870 35
34871 34
34872 INF
34873 42
34874 36
34875 46
34876 46
34877 42
34878 48
34879 36
34880 46
34881 38
34882 39
34883 43
34884 37
34885 35
34886 41
34887 32
34888 41
34889 44
34890 41
34891 43
34892 45
34893 INF
34894 29
34895 33
34896 44
34897 42
34898 47
34899 40
34900 INF
34901 35
34902 39
34903 43
34904 45
34905 49
34906 45
34907 37
34908 38
34909 36
34910 44
34911 32
34912 32
34913 45
34914 33
34915 39
34916 33
34917 40
34918 33
34919 30
34920 32
34921 23
34922 40
34923 30
34924 INF
34925 36
34926 39
34927 45
34928 26
34929 38
34930 40
34931 26
34932 43
34933 32
34934 45
34935 34
34936 27
34937 50
34938 41
34939 41
34940 35
34941 48
34942 37
34943 38
34944 39
34945 32
34946 40
34947 48
34948 43
34949 39
34950 55
34951 39
34952 41
34953 39
34954 39
34955 31
34956 38
34957 22
34958 33
34959 41
34960 38
34961 51
34962 21
34963 39
34964 42
34965 38
34966 23
34967 38
34968 47
34969 30
34970 35
34971 INF
34972 58
34973 34
34974 39
34975 34
34976 42
34977 43
34978 42
34979 43
34980 42
34981 44
34982 29
34983 39
34984 61
34985 23
34986 36
34987 41
34988 54
34989 27
34990 31
34991 37
34992 INF
34993 32
34994 39
34995 29
34996 40
34997 46
34998 35
34999 INF
35000 38
35001 32
35002 34
35003 37
35004 43
35005 44
35006 42
35007 35
35008 43
35009 34
35010 38
35011 37
35012 32
35013 36
35014 INF
35015 42
35016 49
35017 48
35018 39
35019 43
35020 35
35021 40
35022 36
35023 38
35024 38
35025 37
35026 33
35027 41
35028 33
35029 46
35030 34
35031 43
35032 36
35033 40
35034 43
35035 26
35036 46
35037 43
35038 51
35039 47
35040 30
35041 31
35042 38
35043 38
35044 44
35045 40
35046 32
35047 26
35048 31
35049 46
35050 43
35051 32
35052 48
35053 32
35054 39
35055 35
35056 39
35057 44
35058 43
35059 39
35060 39
35061 47
35062 32
35063 29
35064 40
35065 42
35066 39
35067 35
35068 44
35069 43
35070 38
35071 39
35072 37
35073 36
35074 44
35075 39
35076 35
35077 47
35078 36
35079 33
35080 39
35081 36
35082 20
35083 42
35084 29
35085 42
35086 44
35087 44
35088 34
35089 30
35090 39
35091 40
35092 41
35093 32
35094 41
35095 43
35096 30
35097 39
35098 40
35099 INF
35100 42
35101 42
35102 47
35103 38
35104 51
35105 30
35106 41
35107 39
35108 29
35109 42
35110 35
35111 36
35112 36
35113 37
35114 47
35115 29
35116 35
35117 47
35118 32
35119 38
35120 35
35121 37
35122 INF
35123 29
35124 INF
35125 38
35126 42
35127 47
35128 44
35129 39
35130 43
35131 48
35132 46
35133 37
35134 40
35135 29
35136 51
35137 40
35138 36
35139 35
35140 29
35141 37
35142 43
35143 42
35144 43
35145 34
35146 34
35147 36
35148 39
35149 41
35150 33
35151 46
35152 35
35153 43
35154 21
35155 45
35156 43
35157 40
35158 44
35159 46
35160 38
35161 40
35162 51
35163 46
35164 36
35165 39
35166 31
35167 42
35168 32
35169 38
35170 41
35171 45
35172 37
35173 42
35174 INF
35175 43
35176 36
35177 25
35178 39
35179 36
35180 39
35181 46
35182 INF
35183 43
35184 45
35185 45
35186 36
35187 50
35188 37
35189 39
35190 39
35191 43
35192 34
35193 24
35194 23
35195 32
35196 INF
35197 26
35198 38
35199 41
35200 39
35201 45
35202 27
35203 38
35204 INF
35205 35
35206 36
35207 36
35208 38
35209 45
35210 45
35211 48
35212 40
35213 INF
35214 39
35215 43
35216 INF
35217 40
35218 38
35219 31
35220 33
35221 36
35222 29
35223 51
35224 36
35225 37
35226 40
35227 41
35228 46
35229 30
35230 31
35231 33
35232 36
35233 40
35234 35
35235 38
35236 50
35237 39
35238 39
35239 38
35240 38
35241 41
35242 41
35243 34
35244 38
35245 33
35246 33
35247 38
35248 38
35249 38
35250 38
35251 49
35252 36
35253 INF
35254 42
35255 44
35256 35
35257 36
35258 40
35259 40
35260 40
35261 INF
35262 37
35263 49
35264 45
35265 INF
35266 43
35267 39
35268 39
35269 35
35270 37
35271 41
35272 41
35273 INF
35274 38
35275 34
35276 44
35277 32
35278 31
35279 41
35280 42
35281 43
35282 33
35283 40
35284 42
35285 45
35286 31
35287 45
35288 40
35289 36
35290 32
35291 30
35292 45
35293 INF
35294 41
35295 31
35296 42
35297 INF
35298 30
35299 38
35300 41
35301 39
35302 45
35303 27
35304 35
35305 27
35306 35
35307 36
35308 41
35309 43
35310 37
35311 44
35312 40
35313 38
35314 42
35315 37
35316 33
35317 INF
35318 45
35319 40
35320 45
35321 36
35322 36
35323 40
35324 35
35325 47
35326 40
35327 37
35328 43
35329 42
35330 59
35331 32
35332 56
35333 40
35334 41
35335 32
35336 39
35337 37
35338 39
35339 46
35340 45
35341 50
35342 38
35343 INF
35344 38
35345 38
35346 46
35347 35
35348 38
35349 46
35350 50
35351 35
35352 35
35353 48
35354 41
35355 INF
35356 28
35357 44
35358 50
35359 46
35360 49
35361 45
35362 40
35363 42
35364 44
35365 41
35366 31
35367 47
35368 35
35369 INF
35370 26
35371 33
35372 38
35373 38
35374 49
35375 37
35376 39
35377 35
35378 34
35379 41
35380 33
35381 48
35382 48
35383 41
35384 44
35385 45
35386 31
35387 39
35388 40
35389 33
35390 45
35391 42
35392 INF
35393 36
35394 INF
35395 INF
35396 62
35397 INF
35398 34
35399 42
35400 34
35401 INF
35402 25
35403 46
35404 36
35405 62
35406 41
35407 35
35408 50
35409 47
35410 32
35411 40
35412 46
35413 INF
35414 42
35415 4
35416 35
35417 INF
35418 INF
35419 38
35420 32
35421 44
35422 31
35423 22
35424 33
35425 40
35426 31
35427 40
35428 44
35429 43
35430 56
35431 39
35432 48
35433 INF
35434 36
35435 39
35436 50
35437 52
35438 30
35439 33
35440 47
35441 45
35442 INF
35443 41
35444 INF
35445 33
35446 32
35447 40
35448 42
35449 41
35450 36
35451 38
35452 39
35453 34
35454 35
35455 36
35456 48
35457 43
35458 39
35459 31
35460 36
35461 34
35462 44
35463 43
35464 35
35465 42
35466 40
35467 31
35468 43
35469 34
35470 45
35471 34
35472 35
35473 35
35474 51
35475 35
35476 40
35477 43
35478 48
35479 44
35480 40
35481 26
35482 36
35483 INF
35484 41
35485 40
35486 44
35487 41
35488 41
35489 INF
35490 40
35491 41
35492 40
35493 46
35494 32
35495 32
35496 49
35497 33
35498 40
35499 42
35500 44
35501 40
35502 42
35503 42
35504 41
35505 32
35506 41
35507 34
35508 43
35509 35
35510 41
35511 36
35512 46
35513 44
35514 38
35515 47
35516 37
35517 INF
35518 34
35519 47
35520 41
35521 INF
35522 32
35523 39
35524 INF
35525 31
35526 36
35527 35
35528 43
35529 36
35530 32
35531 35
35532 37
35533 38
35534 41
35535 41
35536 31
35537 38
35538 43
35539 39
35540 36
35541 38
35542 46
35543 50
35544 27
35545 38
35546 41
35547 38
35548 INF
35549 38
35550 41
35551 32
35552 41
35553 36
35554 52
35555 34
35556 40
35557 39
35558 44
35559 37
35560 39
35561 38
35562 39
35563 41
35564 42
35565 46
35566 44
35567 47
35568 37
35569 37
35570 38
35571 48
35572 23
35573 38
35574 52
35575 39
35576 33
35577 INF
35578 45
35579 44
35580 44
35581 53
35582 38
35583 38
35584 40
35585 45
35586 38
35587 38
35588 32
35589 39
35590 54
35591 52
35592 48
35593 31
35594 44
35595 35
35596 39
35597 46
35598 48
35599 39
35600 43
35601 47
35602 52
35603 28
35604 42
35605 48
35606 40
35607 47
35608 42
35609 37
35610 25
35611 38
35612 38
35613 37
35614 37
35615 34
35616 48
35617 40
35618 45
35619 44
35620 44
35621 35
35622 42
35623 48
35624 40
35625 58
35626 36
35627 34
35628 39
35629 40
35630 46
35631 53
35632 40
35633 48
35634 52
35635 INF
35636 39
35637 45
35638 37
35639 32
35640 40
35641 35
35642 40
35643 37
35644 43
35645 34
35646 40
35647 30
35648 33
35649 45
35650 40
35651 36
35652 37
35653 35
35654 37
35655 47
35656 43
35657 46
35658 47
35659 44
35660 40
35661 36
35662 39
35663 52
35664 46
35665 35
35666 37
35667 42
35668 41
35669 41
35670 42
35671 45
35672 43
35673 34
35674 35
35675 38
35676 42
35677 35
35678 46
35679 31
35680 33
35681 36
35682 35
35683 32
35684 47
35685 43
35686 43
35687 47
35688 41
35689 33
35690 INF
35691 10
35692 49
35693 35
35694 32
35695 41
35696 43
35697 45
35698 36
35699 40
35700 39
35701 38
35702 39
35703 37
35704 33
35705 42
35706 40
35707 30
35708 45
35709 39
35710 42
35711 30
35712 32
35713 30
35714 38
35715 36
35716 39
35717 41
35718 52
35719 42
35720 38
35721 INF
35722 47
35723 47
35724 51
35725 29
35726 48
35727 INF
35728 42
35729 36
35730 32
35731 30
35732 38
35733 37
35734 INF
35735 37
35736 31
35737 39
35738 38
35739 36
35740 39
35741 37
35742 36
35743 39
35744 26
35745 44
35746 47
35747 33
35748 27
35749 37
35750 37
35751 33
35752 33
35753 41
35754 41
35755 INF
35756 32
35757 39
35758 46
35759 43
35760 52
35761 39
35762 39
35763 35
35764 35
35765 55
35766 52
35767 43
35768 49
35769 39
35770 46
35771 29
35772 41
35773 39
35774 36
35775 52
35776 42
35777 39
35778 33
35779 30
35780 40
35781 50
35782 33
35783 23
35784 29
35785 24
35786 39
35787 INF
35788 33
35789 INF
35790 41
35791 31
35792 34
35793 40
35794 15
35795 41
35796 37
35797 42
35798 44
35799 48
35800 41
35801 42
35802 30
35803 46
35804 29
35805 42
35806 41
35807 37
35808 39
35809 35
35810 46
35811 36
35812 40
35813 38
35814 33
35815 46
35816 40
35817 33
35818 42
35819 36
35820 40
35821 46
35822 INF
35823 44
35824 42
35825 43
35826 53
35827 INF
35828 42
35829 29
35830 36
35831 37
35832 33
35833 48
35834 37
35835 38
35836 47
35837 INF
35838 37
35839 39
35840 33
35841 45
35842 40
35843 INF
35844 42
35845 47
35846 45
35847 28
35848 37
35849 37
35850 41
35851 62
35852 38
35853 40
35854 46
35855 41
35856 47
35857 28
35858 29
35859 54
35860 37
35861 32
35862 39
35863 44
35864 43
35865 42
35866 36
35867 50
35868 36
35869 44
35870 31
35871 42
35872 48
35873 36
35874 40
35875 43
35876 32
35877 41
35878 36
35879 40
35880 40
35881 37
35882 42
35883 43
35884 47
35885 40
35886 39
35887 52
35888 41
35889 30
35890 35
35891 39
35892 35
35893 45
35894 20
35895 37
35896 39
35897 31
35898 34
35899 45
35900 20
35901 40
35902 37
35903 38
35904 43
35905 40
35906 33
35907 31
35908 35
35909 37
35910 29
35911 38
35912 47
35913 28
35914 33
35915 11
35916 41
35917 34
35918 34
35919 31
35920 35
35921 31
35922 40
35923 41
35924 39
35925 39
35926 44
35927 42
35928 45
35929 39
35930 21
35931 35
35932 38
35933 36
35934 45
35935 42
35936 57
35937 43
35938 34
35939 43
35940 43
35941 40
35942 37
35943 44
35944 36
35945 31
35946 38
35947 38
35948 46
35949 33
35950 35
35951 33
35952 39
35953 35
35954 49
35955 38
35956 INF
35957 36
35958 23
35959 39
35960 39
35961 39
35962 46
35963 34
35964 42
35965 42
35966 46
35967 37
35968 49
35969 48
35970 33
35971 42
35972 27
35973 44
35974 39
35975 33
35976 36
35977 31
35978 46
35979 40
35980 43
35981 34
35982 46
35983 44
35984 46
35985 40
35986 48
35987 38
35988 44
35989 43
35990 27
35991 40
35992 47
35993 31
35994 35
35995 43
35996 40
35997 35
35998 45
35999 36
36000 44
36001 47
36002 41
36003 14
36004 39
36005 29
36006 34
36007 38
36008 46
36009 41
36010 59
36011 41
36012 40
36013 41
36014 40
36015 45
36016 39
36017 32
36018 40
36019 39
36020 INF
36021 37
36022 42
36023 33
36024 34
36025 INF
36026 41
36027 38
36028 27
36029 43
36030 33
36031 35
36032 41
36033 33
36034 40
36035 44
36036 41
36037 47
36038 59
36039 37
36040 42
36041 29
36042 35
36043 47
36044 31
36045 42
36046 44
36047 45
36048 37
36049 36
36050 42
36051 45
36052 43
36053 38
36054 38
36055 22
36056 37
36057 39
36058 30
36059 40
36060 38
36061 40
36062 35
36063 29
36064 34
36065 39
36066 INF
36067 37
36068 34
36069 34
36070 INF
36071 46
36072 INF
36073 45
36074 28
36075 38
36076 47
36077 40
36078 43
36079 32
36080 33
36081 37
36082 35
36083 37
36084 42
36085 48
36086 41
36087 38
36088 30
36089 44
36090 38
36091 44
36092 52
36093 37
36094 44
36095 38
36096 40
36097 32
36098 39
36099 50
36100 INF
36101 29
36102 41
36103 40
36104 42
36105 31
36106 38
36107 43
36108 52
36109 37
36110 41
36111 43
36112 40
36113 INF
36114 44
36115 32
36116 36
36117 30
36118 39
36119 32
36120 44
36121 51
36122 45
36123 35
36124 45
36125 31
36126 52
36127 41
36128 36
36129 INF
36130 42
36131 INF
36132 36
36133 40
36134 52
36135 44
36136 43
36137 39
36138 37
36139 56
36140 33
36141 55
36142 32
36143 46
36144 38
36145 45
36146 35
36147 39
36148 INF
36149 INF
36150 43
36151 38
36152 32
36153 35
36154 38
36155 INF
36156 34
36157 INF
36158 45
36159 37
36160 39
36161 25
36162 41
36163 26
36164 37
36165 50
36166 40
36167 41
36168 51
36169 41
36170 42
36171 38
36172 38
36173 35
36174 27
36175 53
36176 34
36177 39
36178 43
36179 41
36180 39
36181 37
36182 48
36183 38
36184 32
36185 34
36186 44
36187 INF
36188 INF
36189 34
36190 26
36191 39
36192 34
36193 INF
36194 40
36195 35
36196 36
36197 48
36198 36
36199 32
36200 47
36201 41
36202 42
36203 34
36204 INF
36205 44
36206 44
36207 41
36208 47
36209 42
36210 44
36211 45
36212 38
36213 37
36214 35
36215 40
36216 41
36217 INF
36218 23
36219 45
36220 42
36221 32
36222 36
36223 32
36224 41
36225 INF
36226 47
36227 34
36228 41
36229 INF
36230 40
36231 45
36232 34
36233 35
36234 38
36235 41
36236 31
36237 38
36238 46
36239 39
36240 INF
36241 40
36242 43
36243 37
36244 39
36245 49
36246 INF
36247 39
36248 31
36249 50
36250 37
36251 29
36252 41
36253 38
36254 32
36255 31
36256 INF
36257 41
36258 35
36259 38
36260 33
36261 38
36262 44
36263 43
36264 37
36265 47
36266 48
36267 42
36268 38
36269 39
36270 33
36271 32
36272 29
36273 41
36274 39
36275 18
36276 INF
36277 33
36278 20
36279 36
36280 47
36281 37
36282 36
36283 36
36284 43
36285 45
36286 47
36287 39
36288 41
36289 43
36290 INF
36291 36
36292 50
36293 41
36294 41
36295 32
36296 39
36297 32
36298 INF
36299 41
36300 36
36301 INF
36302 42
36303 40
36304 42
36305 46
36306 30
36307 33
36308 45
36309 34
36310 41
36311 31
36312 48
36313 25
36314 40
36315 INF
36316 40
36317 55
36318 39
36319 42
36320 29
36321 42
36322 31
36323 45
36324 34
36325 42
36326 33
36327 INF
36328 33
36329 30
36330 43
36331 45
36332 41
36333 31
36334 36
36335 38
36336 56
36337 41
36338 INF
36339 36
36340 INF
36341 49
36342 26
36343 35
36344 42
36345 47
36346 49
36347 30
36348 43
36349 40
36350 26
36351 39
36352 41
36353 43
36354 42
36355 45
36356 28
36357 33
36358 39
36359 32
36360 37
36361 45
36362 30
36363 36
36364 35
36365 41
36366 34
36367 39
36368 31
36369 38
36370 23
36371 36
36372 35
36373 37
36374 44
36375 44
36376 47
36377 INF
36378 36
36379 37
36380 34
36381 52
36382 40
36383 40
36384 40
36385 47
36386 45
36387 37
36388 35
36389 39
36390 INF
36391 33
36392 43
36393 43
36394 41
36395 34
36396 39
36397 45
36398 INF
36399 38
36400 INF
36401 33
36402 41
36403 43
36404 INF
36405 35
36406 53
36407 45
36408 45
36409 40
36410 36
36411 INF
36412 37
36413 39
36414 INF
36415 46
36416 38
36417 38
36418 42
36419 41
36420 47
36421 36
36422 42
36423 43
36424 46
36425 44
36426 INF
36427 44
36428 55
36429 43
36430 46
36431 32
36432 39
36433 41
36434 38
36435 INF
36436 39
36437 38
36438 47
36439 43
36440 37
36441 37
36442 39
36443 27
36444 38
36445 47
36446 42
36447 21
36448 44
36449 33
36450 48
36451 45
36452 21
36453 INF
36454 40
36455 34
36456 38
36457 INF
36458 53
36459 INF
36460 37
36461 32
36462 39
36463 39
36464 INF
36465 60
36466 41
36467 34
36468 41
36469 36
36470 40
36471 INF
36472 34
36473 43
36474 INF
36475 INF
36476 10
36477 47
36478 33
36479 33
36480 38
36481 36
36482 42
36483 31
36484 44
36485 41
36486 40
36487 35
36488 38
36489 39
36490 31
36491 INF
36492 35
36493 33
36494 37
36495 36
36496 39
36497 42
36498 26
36499 37
36500 42
36501 27
36502 37
36503 INF
36504 49
36505 40
36506 33
36507 38
36508 37
36509 43
36510 37
36511 38
36512 35
36513 31
36514 39
36515 48
36516 43
36517 24
36518 42
36519 46
36520 38
36521 42
36522 44
36523 41
36524 42
36525 34
36526 31
36527 40
36528 35
36529 35
36530 31
36531 30
36532 41
36533 38
36534 INF
36535 47
36536 39
36537 43
36538 37
36539 36
36540 41
36541 50
36542 INF
36543 39
36544 50
36545 47
36546 41
36547 37
36548 37
36549 33
36550 36
36551 37
36552 36
36553 29
36554 INF
36555 36
36556 40
36557 34
36558 50
36559 41
36560 INF
36561 38
36562 39
36563 41
36564 INF
36565 44
36566 45
36567 37
36568 42
36569 31
36570 39
36571 40
36572 45
36573 35
36574 31
36575 32
36576 38
36577 36
36578 38
36579 32
36580 36
36581 INF
36582 37
36583 34
36584 INF
36585 INF
36586 32
36587 35
36588 41
36589 38
36590 41
36591 42
36592 35
36593 35
36594 40
36595 42
36596 37
36597 42
36598 43
36599 42
36600 42
36601 40
36602 INF
36603 47
36604 47
36605 41
36606 47
36607 38
36608 31
36609 37
36610 INF
36611 35
36612 39
36613 45
36614 35
36615 41
36616 38
36617 INF
36618 33
36619 47
36620 INF
36621 44
36622 27
36623 42
36624 37
36625 42
36626 41
36627 33
36628 40
36629 41
36630 45
36631 35
36632 46
36633 38
36634 38
36635 25
36636 40
36637 34
36638 52
36639 46
36640 INF
36641 41
36642 43
36643 32
36644 40
36645 32
36646 INF
36647 38
36648 33
36649 44
36650 37
36651 42
36652 27
36653 47
36654 38
36655 30
36656 37
36657 42
36658 48
36659 29
36660 42
36661 44
36662 41
36663 34
36664 37
36665 35
36666 31
36667 41
36668 INF
36669 24
36670 44
36671 36
36672 INF
36673 38
36674 37
36675 40
36676 21
36677 35
36678 42
36679 41
36680 42
36681 40
36682 36
36683 40
36684 INF
36685 37
36686 35
36687 39
36688 41
36689 38
36690 49
36691 45
36692 40
36693 39
36694 35
36695 35
36696 29
36697 35
36698 32
36699 37
36700 38
36701 34
36702 35
36703 INF
36704 44
36705 39
36706 35
36707 38
36708 44
36709 43
36710 25
36711 39
36712 42
36713 36
36714 40
36715 23
36716 33
36717 41
36718 19
36719 34
36720 25
36721 46
36722 43
36723 47
36724 48
36725 35
36726 40
36727 42
36728 41
36729 31
36730 47
36731 36
36732 39
36733 42
36734 38
36735 36
36736 40
36737 35
36738 37
36739 39
36740 60
36741 34
36742 47
36743 37
36744 35
36745 41
36746 38
36747 28
36748 30
36749 25
36750 INF
36751 42
36752 25
36753 36
36754 33
36755 41
36756 30
36757 36
36758 41
36759 53
36760 30
36761 32
36762 31
36763 44
36764 44
36765 37
36766 30
36767 43
36768 34
36769 44
36770 38
36771 INF
36772 35
36773 41
36774 54
36775 52
36776 28
36777 47
36778 35
36779 35
36780 40
36781 35
36782 39
36783 51
36784 33
36785 54
36786 INF
36787 41
36788 47
36789 36
36790 37
36791 45
36792 26
36793 48
36794 43
36795 51
36796 42
36797 35
36798 38
36799 43
36800 36
36801 INF
36802 27
36803 46
36804 35
36805 39
36806 38
36807 36
36808 40
36809 38
36810 INF
36811 33
36812 41
36813 INF
36814 INF
36815 40
36816 39
36817 49
36818 40
36819 28
36820 42
36821 40
36822 31
36823 44
36824 INF
36825 41
36826 40
36827 45
36828 40
36829 34
36830 27
36831 40
36832 32
36833 40
36834 53
36835 40
36836 43
36837 36
36838 37
36839 37
36840 34
36841 42
36842 64
36843 18
36844 42
36845 37
36846 29
36847 38
36848 36
36849 51
36850 41
36851 43
36852 32
36853 33
36854 56
36855 38
36856 41
36857 38
36858 44
36859 35
36860 36
36861 40
36862 INF
36863 41
36864 45
36865 35
36866 49
36867 44
36868 42
36869 32
36870 38
36871 31
36872 35
36873 35
36874 37
36875 27
36876 32
36877 35
36878 46
36879 54
36880 33
36881 41
36882 30
36883 46
36884 31
36885 39
36886 INF
36887 50
36888 44
36889 41
36890 45
36891 33
36892 INF
36893 36
36894 38
36895 36
36896 31
36897 36
36898 45
36899 44
36900 37
36901 45
36902 39
36903 35
36904 32
36905 42
36906 42
36907 39
36908 33
36909 INF
36910 46
36911 27
36912 33
36913 35
36914 43
36915 49
36916 38
36917 44
36918 25
36919 45
36920 38
36921 23
36922 24
36923 41
36924 39
36925 INF
36926 41
36927 40
36928 41
36929 43
36930 35
36931 35
36932 40
36933 INF
36934 53
36935 50
36936 35
36937 47
36938 41
36939 28
36940 34
36941 43
36942 28
36943 40
36944 41
36945 37
36946 28
36947 35
36948 47
36949 26
36950 38
36951 27
36952 31
36953 50
36954 44
36955 38
36956 37
36957 46
36958 36
36959 35
36960 41
36961 47
36962 39
36963 45
36964 INF
36965 37
36966 46
36967 44
36968 38
36969 31
36970 40
36971 50
36972 40
36973 48
36974 39
36975 INF
36976 39
36977 39
36978 41
36979 42
36980 36
36981 42
36982 46
36983 39
36984 40
36985 38
36986 40
36987 36
36988 40
36989 28
36990 41
36991 36
36992 30
36993 33
36994 40
36995 41
36996 40
36997 43
36998 43
36999 39
37000 32
37001 37
37002 39
37003 38
37004 INF
37005 34
37006 38
37007 45
37008 32
37009 43
37010 40
37011 45
37012 58
37013 26
37014 42
37015 44
37016 33
37017 38
37018 48
37019 47
37020 36
37021 39
37022 42
37023 47
37024 44
37025 26
37026 28
37027 27
37028 38
37029 45
37030 33
37031 52
37032 41
37033 41
37034 45
37035 38
37036 40
37037 44
37038 36
37039 45
37040 49
37041 42
37042 43
37043 29
37044 38
37045 50
37046 42
37047 49
37048 46
37049 41
37050 45
37051 42
37052 38
37053 38
37054 41
37055 53
37056 36
37057 39
37058 33
37059 35
37060 37
37061 39
37062 40
37063 43
37064 36
37065 45
37066 38
37067 33
37068 36
37069 40
37070 33
37071 36
37072 30
37073 44
37074 42
37075 35
37076 40
37077 41
37078 37
37079 33
37080 INF
37081 38
37082 39
37083 38
37084 43
37085 51
37086 38
37087 43
37088 24
37089 37
37090 33
37091 21
37092 42
37093 32
37094 39
37095 45
37096 29
37097 37
37098 40
37099 44
37100 46
37101 50
37102 43
37103 44
37104 35
37105 38
37106 32
37107 42
37108 28
37109 INF
37110 40
37111 28
37112 41
37113 40
37114 31
37115 44
37116 42
37117 32
37118 49
37119 37
37120 40
37121 35
37122 36
37123 35
37124 INF
37125 47
37126 40
37127 38
37128 43
37129 47
37130 INF
37131 28
37132 40
37133 37
37134 47
37135 33
37136 42
37137 45
37138 32
37139 37
37140 37
37141 51
37142 38
37143 INF
37144 44
37145 44
37146 37
37147 41
37148 52
37149 35
37150 31
37151 51
37152 32
37153 28
37154 INF
37155 34
37156 42
37157 43
37158 43
37159 31
37160 43
37161 51
37162 44
37163 37
37164 30
37165 40
37166 36
37167 40
37168 41
37169 45
37170 27
37171 33
37172 34
37173 35
37174 45
37175 34
37176 38
37177 36
37178 38
37179 39
37180 27
37181 41
37182 46
37183 43
37184 40
37185 40
37186 40
37187 INF
37188 INF
37189 38
37190 50
37191 38
37192 INF
37193 35
37194 35
37195 42
37196 45
37197 43
37198 45
37199 51
37200 44
37201 39
37202 45
37203 38
37204 INF
37205 44
37206 40
37207 42
37208 45
37209 34
37210 31
37211 37
37212 40
37213 31
37214 38
37215 38
37216 38
37217 43
37218 41
37219 48
37220 40
37221 44
37222 38
37223 37
37224 43
37225 INF
37226 INF
37227 24
37228 48
37229 31
37230 45
37231 47
37232 41
37233 39
37234 41
37235 54
37236 40
37237 42
37238 39
37239 49
37240 37
37241 38
37242 39
37243 45
37244 38
37245 31
37246 41
37247 12
37248 50
37249 55
37250 INF
37251 29
37252 35
37253 41
37254 40
37255 INF
37256 42
37257 36
37258 32
37259 45
37260 43
37261 41
37262 45
37263 44
37264 47
37265 39
37266 39
37267 50
37268 39
37269 41
37270 45
37271 40
37272 45
37273 49
37274 31
37275 46
37276 44
37277 46
37278 36
37279 38
37280 39
37281 44
37282 49
37283 37
37284 25
37285 21
37286 45
37287 44
37288 41
37289 41
37290 45
37291 41
37292 43
37293 38
37294 36
37295 36
37296 39
37297 39
37298 INF
37299 INF
37300 39
37301 22
37302 44
37303 41
37304 41
37305 38
37306 39
37307 39
37308 46
37309 34
37310 44
37311 43
37312 35
37313 43
37314 46
37315 38
37316 37
37317 41
37318 28
37319 47
37320 31
37321 43
37322 39
37323 47
37324 39
37325 33
37326 39
37327 26
37328 29
37329 36
37330 34
37331 54
37332 43
37333 37
37334 38
37335 41
37336 39
37337 49
37338 45
37339 39
37340 34
37341 39
37342 46
37343 39
37344 36
37345 34
37346 35
37347 36
37348 38
37349 40
37350 INF
37351 34
37352 41
37353 32
37354 45
37355 41
37356 36
37357 54
37358 46
37359 40
37360 40
37361 33
37362 22
37363 42
37364 41
37365 34
37366 43
37367 40
37368 45
37369 45
37370 37
37371 53
37372 40
37373 38
37374 44
37375 38
37376 43
37377 41
37378 38
37379 47
37380 46
37381 42
37382 35
37383 39
37384 43
37385 35
37386 41
37387 41
37388 39
37389 48
37390 29
37391 41
37392 41
37393 39
37394 45
37395 38
37396 37
37397 59
37398 37
37399 34
37400 32
37401 43
37402 35
37403 35
37404 40
37405 38
37406 39
37407 43
37408 37
37409 38
37410 43
37411 43
37412 41
37413 40
37414 48
37415 44
37416 38
37417 39
37418 27
37419 37
37420 INF
37421 45
37422 36
37423 INF
37424 30
37425 42
37426 42
37427 43
37428 40
37429 36
37430 40
37431 43
37432 41
37433 42
37434 38
37435 45
37436 31
37437 30
37438 39
37439 33
37440 42
37441 39
37442 INF
37443 42
37444 42
37445 35
37446 40
37447 42
37448 47
37449 40
37450 INF
37451 37
37452 36
37453 44
37454 46
37455 43
37456 31
37457 41
37458 40
37459 38
37460 38
37461 41
37462 40
37463 INF
37464 39
37465 41
37466 39
37467 41
37468 39
37469 INF
37470 INF
37471 43
37472 32
37473 INF
37474 34
37475 34
37476 38
37477 36
37478 43
37479 49
37480 39
37481 40
37482 34
37483 61
37484 35
37485 40
37486 35
37487 42
37488 38
37489 INF
37490 41
37491 42
37492 37
37493 47
37494 37
37495 28
37496 51
37497 41
37498 39
37499 29
37500 39
37501 49
37502 42
37503 42
37504 32
37505 35
37506 51
37507 41
37508 33
37509 43
37510 INF
37511 39
37512 34
37513 42
37514 51
37515 41
37516 43
37517 61
37518 39
37519 36
37520 47
37521 41
37522 43
37523 46
37524 43
37525 40
37526 INF
37527 37
37528 39
37529 31
37530 42
37531 32
37532 39
37533 38
37534 29
37535 INF
37536 38
37537 41
37538 21
37539 42
37540 44
37541 36
37542 INF
37543 43
37544 37
37545 40
37546 31
37547 41
37548 42
37549 35
37550 39
37551 40
37552 INF
37553 44
37554 37
37555 52
37556 23
37557 35
37558 35
37559 30
37560 31
37561 47
37562 47
37563 39
37564 36
37565 45
37566 35
37567 35
37568 41
37569 43
37570 37
37571 43
37572 41
37573 41
37574 53
37575 37
37576 14
37577 37
37578 37
37579 38
37580 39
37581 36
37582 34
37583 32
37584 38
37585 41
37586 INF
37587 21
37588 42
37589 48
37590 41
37591 25
37592 46
37593 49
37594 52
37595 41
37596 34
37597 32
37598 38
37599 43
37600 53
37601 39
37602 39
37603 32
37604 27
37605 45
37606 31
37607 39
37608 36
37609 37
37610 36
37611 34
37612 61
37613 39
37614 40
37615 40
37616 41
37617 39
37618 27
37619 38
37620 41
37621 39
37622 42
37623 28
37624 39
37625 37
37626 42
37627 40
37628 38
37629 29
37630 46
37631 36
37632 INF
37633 38
37634 34
37635 43
37636 35
37637 28
37638 34
37639 INF
37640 INF
37641 48
37642 28
37643 36
37644 41
37645 INF
37646 34
37647 46
37648 47
37649 47
37650 43
37651 53
37652 38
37653 42
37654 35
37655 33
37656 39
37657 38
37658 37
37659 39
37660 43
37661 43
37662 39
37663 38
37664 39
37665 36
37666 26
37667 43
37668 47
37669 44
37670 45
37671 35
37672 INF
37673 43
37674 47
37675 34
37676 46
37677 33
37678 40
37679 27
37680 46
37681 38
37682 40
37683 41
37684 INF
37685 40
37686 40
37687 INF
37688 INF
37689 37
37690 38
37691 31
37692 28
37693 36
37694 39
37695 40
37696 44
37697 32
37698 39
37699 39
37700 44
37701 40
37702 29
37703 46
37704 38
37705 39
37706 40
37707 37
37708 41
37709 40
37710 52
37711 41
37712 32
37713 54
37714 37
37715 33
37716 40
37717 INF
37718 39
37719 29
37720 INF
37721 37
37722 41
37723 37
37724 38
37725 30
37726 46
37727 22
37728 34
37729 40
37730 42
37731 41
37732 33
37733 40
37734 34
37735 34
37736 41
37737 33
37738 39
37739 INF
37740 47
37741 35
37742 37
37743 33
37744 36
37745 42
37746 48
37747 35
37748 45
37749 38
37750 31
37751 58
37752 40
37753 31
37754 40
37755 27
37756 32
37757 37
37758 37
37759 35
37760 35
37761 39
37762 44
37763 41
37764 37
37765 57
37766 29
37767 44
37768 31
37769 35
37770 38
37771 43
37772 40
37773 38
37774 38
37775 36
37776 40
37777 33
37778 46
37779 37
37780 41
37781 41
37782 43
37783 37
37784 27
37785 39
37786 31
37787 63
37788 41
37789 36
37790 22
37791 35
37792 39
37793 38
37794 28
37795 46
37796 44
37797 INF
37798 35
37799 43
37800 33
37801 29
37802 38
37803 26
37804 38
37805 39
37806 44
37807 42
37808 49
37809 35
37810 44
37811 41
37812 32
37813 12
37814 53
37815 40
37816 42
37817 42
37818 37
37819 42
37820 28
37821 INF
37822 40
37823 29
37824 44
37825 39
37826 41
37827 35
37828 42
37829 51
37830 INF
37831 60
37832 34
37833 41
37834 INF
37835 47
37836 35
37837 36
37838 44
37839 49
37840 42
37841 36
37842 35
37843 44
37844 30
37845 37
37846 34
37847 41
37848 42
37849 51
37850 42
37851 18
37852 40
37853 34
37854 46
37855 34
37856 39
37857 37
37858 INF
37859 37
37860 37
37861 41
37862 45
37863 INF
37864 41
37865 31
37866 32
37867 29
37868 28
37869 41
37870 39
37871 38
37872 41
37873 39
37874 43
37875 41
37876 32
37877 47
37878 44
37879 36
37880 41
37881 34
37882 40
37883 43
37884 32
37885 40
37886 41
37887 38
37888 41
37889 41
37890 8
37891 41
37892 43
37893 55
37894 48
37895 43
37896 33
37897 35
37898 49
37899 46
37900 42
37901 38
37902 43
37903 44
37904 35
37905 38
37906 34
37907 INF
37908 41
37909 41
37910 41
37911 36
37912 33
37913 47
37914 37
37915 48
37916 47
37917 42
37918 49
37919 44
37920 42
37921 50
37922 38
37923 42
37924 32
37925 40
37926 45
37927 42
37928 42
37929 40
37930 INF
37931 34
37932 38
37933 30
37934 36
37935 39
37936 36
37937 38
37938 INF
37939 45
37940 39
37941 36
37942 35
37943 33
37944 50
37945 44
37946 30
37947 42
37948 38
37949 38
37950 34
37951 INF
37952 23
37953 39
37954 43
37955 42
37956 42
37957 26
37958 37
37959 40
37960 38
37961 32
37962 44
37963 39
37964 50
37965 34
37966 32
37967 38
37968 41
37969 38
37970 35
37971 46
37972 40
37973 39
37974 36
37975 41
37976 34
37977 32
37978 37
37979 30
37980 INF
37981 42
37982 49
37983 36
37984 43
37985 41
37986 39
37987 38
37988 28
37989 45
37990 39
37991 26
37992 22
37993 41
37994 33
37995 36
37996 37
37997 37
37998 34
37999 40
38000 34
38001 33
38002 29
38003 41
38004 INF
38005 40
38006 49
38007 39
38008 34
38009 INF
38010 37
38011 39
38012 41
38013 24
38014 INF
38015 46
38016 41
38017 36
38018 31
38019 30
38020 35
38021 41
38022 39
38023 47
38024 40
38025 40
38026 INF
38027 38
38028 30
38029 41
38030 38
38031 45
38032 33
38033 38
38034 54
38035 37
38036 37
38037 42
38038 INF
38039 43
38040 36
38041 28
38042 38
38043 38
38044 15
38045 29
38046 INF
38047 38
38048 39
38049 46
38050 37
38051 40
38052 34
38053 36
38054 36
38055 36
38056 36
38057 47
38058 31
38059 INF
38060 58
38061 41
38062 30
38063 31
38064 44
38065 36
38066 37
38067 46
38068 36
38069 42
38070 52
38071 36
38072 35
38073 43
38074 INF
38075 47
38076 34
38077 42
38078 40
38079 48
38080 41
38081 41
38082 35
38083 52
38084 38
38085 33
38086 39
38087 41
38088 26
38089 43
38090 36
38091 33
38092 39
38093 55
38094 25
38095 36
38096 42
38097 33
38098 40
38099 51
38100 INF
38101 INF
38102 41
38103 37
38104 39
38105 46
38106 48
38107 33
38108 INF
38109 37
38110 34
38111 45
38112 37
38113 39
38114 42
38115 41
38116 30
38117 48
38118 43
38119 31
38120 20
38121 39
38122 38
38123 30
38124 40
38125 33
38126 45
38127 45
38128 44
38129 36
38130 38
38131 24
38132 INF
38133 40
38134 42
38135 48
38136 42
38137 32
38138 53
38139 48
38140 34
38141 23
38142 39
38143 63
38144 34
38145 36
38146 45
38147 36
38148 39
38149 39
38150 39
38151 41
38152 33
38153 38
38154 INF
38155 31
38156 38
38157 38
38158 36
38159 42
38160 41
38161 39
38162 39
38163 49
38164 40
38165 49
38166 25
38167 47
38168 42
38169 17
38170 35
38171 31
38172 43
38173 31
38174 43
38175 33
38176 33
38177 36
38178 43
38179 36
38180 47
38181 37
38182 36
38183 31
38184 36
38185 39
38186 33
38187 INF
38188 48
38189 44
38190 38
38191 44
38192 42
38193 40
38194 35
38195 44
38196 39
38197 36
38198 48
38199 41
38200 INF
38201 39
38202 INF
38203 35
38204 35
38205 41
38206 34
38207 47
38208 52
38209 39
38210 36
38211 34
38212 45
38213 44
38214 39
38215 30
38216 32
38217 42
38218 INF
38219 47
38220 37
38221 40
38222 42
38223 50
38224 36
38225 35
38226 39
38227 48
38228 34
38229 32
38230 26
38231 33
38232 40
38233 42
38234 37
38235 34
38236 43
38237 33
38238 36
38239 INF
38240 41
38241 32
38242 35
38243 35
38244 34
38245 52
38246 37
38247 43
38248 40
38249 45
38250 45
38251 47
38252 29
38253 41
38254 31
38255 INF
38256 36
38257 29
38258 42
38259 INF
38260 34
38261 42
38262 35
38263 46
38264 38
38265 22
38266 INF
38267 42
38268 44
38269 38
38270 31
38271 INF
38272 41
38273 INF
38274 39
38275 39
38276 43
38277 50
38278 43
38279 38
38280 32
38281 41
38282 40
38283 23
38284 46
38285 37
38286 45
38287 36
38288 49
38289 36
38290 48
38291 31
38292 23
38293 38
38294 34
38295 34
38296 53
38297 38
38298 39
38299 40
38300 35
38301 39
38302 34
38303 45
38304 32
38305 42
38306 31
38307 39
38308 46
38309 39
38310 36
38311 35
38312 38
38313 40
38314 31
38315 39
38316 46
38317 35
38318 44
38319 38
38320 46
38321 41
38322 32
38323 43
38324 33
38325 46
38326 38
38327 44
38328 43
38329 33
38330 42
38331 38
38332 43
38333 42
38334 41
38335 33
38336 40
38337 36
38338 42
38339 INF
38340 40
38341 44
38342 37
38343 47
38344 25
38345 35
38346 20
38347 39
38348 46
38349 17
38350 33
38351 39
38352 45
38353 45
38354 36
38355 35
38356 42
38357 31
38358 38
38359 42
38360 28
38361 INF
38362 44
38363 46
38364 INF
38365 37
38366 38
38367 29
38368 44
38369 41
38370 45
38371 INF
38372 40
38373 48
38374 49
38375 46
38376 39
38377 37
38378 42
38379 33
38380 37
38381 38
38382 28
38383 33
38384 48
38385 36
38386 38
38387 INF
38388 32
38389 41
38390 INF
38391 33
38392 37
38393 37
38394 37
38395 36
38396 31
38397 46
38398 38
38399 INF
38400 39
38401 32
38402 35
38403 37
38404 41
38405 46
38406 43
38407 36
38408 41
38409 35
38410 33
38411 35
38412 21
38413 39
38414 40
38415 34
38416 37
38417 45
38418 44
38419 INF
38420 42
38421 35
38422 50
38423 22
38424 36
38425 35
38426 48
38427 INF
38428 43
38429 38
38430 INF
38431 35
38432 29
38433 33
38434 28
38435 44
38436 44
38437 34
38438 40
38439 INF
38440 45
38441 36
38442 42
38443 41
38444 34
38445 43
38446 47
38447 44
38448 43
38449 25
38450 34
38451 26
38452 24
38453 INF
38454 49
38455 40
38456 43
38457 36
38458 30
38459 38
38460 32
38461 43
38462 24
38463 35
38464 35
38465 47
38466 49
38467 39
38468 22
38469 43
38470 41
38471 26
38472 43
38473 34
38474 41
38475 42
38476 29
38477 48
38478 41
38479 35
38480 45
38481 41
38482 40
38483 44
38484 29
38485 45
38486 36
38487 42
38488 34
38489 36
38490 39
38491 43
38492 31
38493 38
38494 40
38495 43
38496 40
38497 25
38498 37
38499 36
38500 39
38501 37
38502 35
38503 37
38504 33
38505 44
38506 32
38507 42
38508 35
38509 37
38510 31
38511 41
38512 35
38513 39
38514 19
38515 39
38516 37
38517 43
38518 31
38519 21
38520 42
38521 40
38522 38
38523 45
38524 37
38525 42
38526 42
38527 34
38528 50
38529 32
38530 56
38531 44
38532 35
38533 51
38534 41
38535 44
38536 37
38537 37
38538 48
38539 35
38540 40
38541 39
38542 37
38543 28
38544 26
38545 46
38546 42
38547 INF
38548 38
38549 34
38550 INF
38551 34
38552 40
38553 34
38554 40
38555 40
38556 INF
38557 INF
38558 40
38559 33
38560 36
38561 37
38562 37
38563 35
38564 47
38565 39
38566 INF
38567 45
38568 41
38569 39
38570 39
38571 37
38572 34
38573 34
38574 33
38575 49
38576 43
38577 28
38578 39
38579 25
38580 40
38581 39
38582 36
38583 40
38584 44
38585 39
38586 45
38587 44
38588 25
38589 52
38590 32
38591 31
38592 38
38593 24
38594 38
38595 60
38596 35
38597 32
38598 39
38599 40
38600 40
38601 44
38602 20
38603 12
38604 45
38605 46
38606 26
38607 35
38608 27
38609 INF
38610 34
38611 46
38612 41
38613 41
38614 45
38615 42
38616 INF
38617 38
38618 35
38619 INF
38620 45
38621 37
38622 47
38623 39
38624 INF
38625 48
38626 42
38627 41
38628 50
38629 40
38630 39
38631 37
38632 46
38633 41
38634 INF
38635 39
38636 52
38637 42
38638 38
38639 36
38640 27
38641 44
38642 49
38643 42
38644 39
38645 39
38646 40
38647 36
38648 40
38649 39
38650 34
38651 INF
38652 44
38653 38
38654 44
38655 39
38656 36
38657 48
38658 27
38659 27
38660 47
38661 35
38662 38
38663 39
38664 42
38665 41
38666 42
38667 51
38668 36
38669 42
38670 49
38671 32
38672 52
38673 33
38674 29
38675 39
38676 36
38677 46
38678 24
38679 37
38680 45
38681 39
38682 36
38683 34
38684 39
38685 47
38686 24
38687 41
38688 55
38689 48
38690 41
38691 42
38692 40
38693 38
38694 39
38695 45
38696 42
38697 43
38698 24
38699 33
38700 32
38701 37
38702 41
38703 32
38704 39
38705 46
38706 47
38707 42
38708 44
38709 INF
38710 43
38711 41
38712 42
38713 41
38714 35
38715 42
38716 43
38717 37
38718 38
38719 35
38720 40
38721 32
38722 44
38723 34
38724 36
38725 30
38726 37
38727 35
38728 27
38729 35
38730 37
38731 36
38732 55
38733 37
38734 42
38735 42
38736 36
38737 30
38738 42
38739 42
38740 36
38741 42
38742 53
38743 39
38744 40
38745 48
38746 30
38747 38
38748 55
38749 23
38750 43
38751 46
38752 45
38753 35
38754 36
38755 32
38756 46
38757 39
38758 37
38759 39
38760 41
38761 40
38762 46
38763 43
38764 36
38765 INF
38766 30
38767 INF
38768 39
38769 45
38770 45
38771 36
38772 37
38773 47
38774 42
38775 42
38776 34
38777 49
38778 47
38779 36
38780 38
38781 43
38782 INF
38783 54
38784 39
38785 42
38786 35
38787 46
38788 49
38789 INF
38790 42
38791 36
38792 38
38793 37
38794 50
38795 42
38796 45
38797 44
38798 38
38799 50
38800 39
38801 32
38802 39
38803 INF
38804 42
38805 35
38806 40
38807 37
38808 38
38809 INF
38810 50
38811 37
38812 34
38813 18
38814 42
38815 44
38816 36
38817 43
38818 37
38819 41
38820 INF
38821 36
38822 44
38823 38
38824 35
38825 41
38826 INF
38827 24
38828 36
38829 48
38830 46
38831 38
38832 35
38833 44
38834 36
38835 37
38836 38
38837 32
38838 37
38839 INF
38840 39
38841 INF
38842 41
38843 INF
38844 34
38845 41
38846 33
38847 37
38848 47
38849 47
38850 41
38851 45
38852 41
38853 41
38854 35
38855 INF
38856 33
38857 40
38858 38
38859 38
38860 40
38861 40
38862 37
38863 33
38864 36
38865 42
38866 33
38867 33
38868 48
38869 44
38870 30
38871 24
38872 35
38873 35
38874 41
38875 49
38876 33
38877 31
38878 41
38879 32
38880 INF
38881 40
38882 39
38883 INF
38884 44
38885 35
38886 35
38887 35
38888 50
38889 43
38890 44
38891 44
38892 28
38893 40
38894 26
38895 48
38896 41
38897 37
38898 41
38899 40
38900 43
38901 INF
38902 31
38903 39
38904 36
38905 40
38906 36
38907 39
38908 41
38909 27
38910 40
38911 38
38912 41
38913 36
38914 48
38915 39
38916 44
38917 31
38918 37
38919 34
38920 39
38921 42
38922 INF
38923 35
38924 INF
38925 35
38926 43
38927 42
38928 46
38929 35
38930 41
38931 36
38932 24
38933 39
38934 38
38935 37
38936 40
38937 30
38938 32
38939 41
38940 53
38941 35
38942 35
38943 31
38944 31
38945 46
38946 25
38947 37
38948 30
38949 30
38950 44
38951 33
38952 INF
38953 40
38954 23
38955 39
38956 39
38957 45
38958 39
38959 36
38960 41
38961 34
38962 43
38963 43
38964 40
38965 52
38966 45
38967 41
38968 40
38969 35
38970 38
38971 41
38972 49
38973 40
38974 41
38975 42
38976 44
38977 45
38978 41
38979 INF
38980 INF
38981 51
38982 46
38983 40
38984 41
38985 42
38986 35
38987 45
38988 48
38989 35
38990 31
38991 44
38992 37
38993 34
38994 32
38995 INF
38996 33
38997 29
38998 34
38999 26
39000 37
39001 57
39002 41
39003 INF
39004 46
39005 41
39006 INF
39007 46
39008 53
39009 31
39010 48
39011 43
39012 45
39013 31
39014 23
39015 48
39016 46
39017 INF
39018 30
39019 41
39020 50
39021 INF
39022 37
39023 40
39024 24
39025 39
39026 32
39027 31
39028 35
39029 40
39030 44
39031 41
39032 37
39033 44
39034 INF
39035 39
39036 38
39037 37
39038 32
39039 INF
39040 30
39041 36
39042 35
39043 42
39044 30
39045 34
39046 55
39047 39
39048 42
39049 38
39050 43
39051 40
39052 43
39053 28
39054 47
39055 46
39056 42
39057 54
39058 36
39059 37
39060 46
39061 46
39062 45
39063 30
39064 30
39065 44
39066 39
39067 41
39068 38
39069 41
39070 42
39071 34
39072 43
39073 44
39074 45
39075 36
39076 35
39077 43
39078 35
39079 46
39080 41
39081 46
39082 44
39083 34
39084 41
39085 30
39086 40
39087 50
39088 INF
39089 28
39090 41
39091 31
39092 INF
39093 25
39094 46
39095 41
39096 37
39097 43
39098 44
39099 45
39100 36
39101 38
39102 40
39103 55
39104 37
39105 38
39106 41
39107 39
39108 30
39109 27
39110 45
39111 50
39112 40
39113 33
39114 36
39115 33
39116 27
39117 43
39118 39
39119 44
39120 40
39121 36
39122 32
39123 34
39124 48
39125 45
39126 34
39127 47
39128 44
39129 42
39130 44
39131 46
39132 39
39133 44
39134 39
39135 33
39136 38
39137 18
39138 36
39139 33
39140 37
39141 43
39142 43
39143 34
39144 43
39145 34
39146 43
39147 34
39148 41
39149 27
39150 29
39151 33
39152 21
39153 29
39154 38
39155 31
39156 31
39157 45
39158 43
39159 39
39160 38
39161 36
39162 41
39163 37
39164 45
39165 39
39166 38
39167 37
39168 44
39169 38
39170 32
39171 35
39172 38
39173 49
39174 40
39175 36
39176 36
39177 44
39178 39
39179 52
39180 32
39181 48
39182 39
39183 31
39184 40
39185 40
39186 31
39187 46
39188 46
39189 38
39190 27
39191 37
39192 26
39193 35
39194 36
39195 29
39196 32
39197 44
39198 38
39199 38
39200 40
39201 32
39202 28
39203 45
39204 43
39205 40
39206 40
39207 50
39208 42
39209 35
39210 38
39211 35
39212 42
39213 51
39214 35
39215 42
39216 48
39217 37
39218 41
39219 31
39220 41
39221 31
39222 38
39223 47
39224 36
39225 23
39226 42
39227 36
39228 33
39229 39
39230 42
39231 42
39232 40
39233 26
39234 26
39235 31
39236 31
39237 37
39238 37
39239 46
39240 54
39241 INF
39242 37
39243 36
39244 18
39245 33
39246 38
39247 31
39248 38
39249 47
39250 29
39251 41
39252 27
39253 40
39254 38
39255 42
39256 INF
39257 41
39258 37
39259 43
39260 INF
39261 41
39262 27
39263 27
39264 34
39265 55
39266 46
39267 36
39268 38
39269 41
39270 33
39271 42
39272 30
39273 38
39274 39
39275 40
39276 38
39277 INF
39278 48
39279 35
39280 43
39281 37
39282 43
39283 31
39284 38
39285 36
39286 36
39287 32
39288 25
39289 37
39290 36
39291 41
39292 46
39293 32
39294 46
39295 41
39296 43
39297 42
39298 39
39299 48
39300 30
39301 44
39302 39
39303 45
39304 43
39305 39
39306 26
39307 29
39308 36
39309 39
39310 35
39311 46
39312 50
39313 35
39314 35
39315 37
39316 38
39317 37
39318 50
39319 57
39320 31
39321 27
39322 45
39323 39
39324 46
39325 38
39326 49
39327 46
39328 42
39329 47
39330 45
39331 32
39332 40
39333 37
39334 45
39335 36
39336 51
39337 39
39338 43
39339 INF
39340 36
39341 42
39342 36
39343 40
39344 36
39345 30
39346 32
39347 36
39348 42
39349 42
39350 31
39351 38
39352 38
39353 41
39354 32
39355 35
39356 40
39357 44
39358 44
39359 47
39360 43
39361 41
39362 37
39363 46
39364 39
39365 37
39366 28
39367 INF
39368 36
39369 37
39370 46
39371 30
39372 47
39373 39
39374 42
39375 43
39376 33
39377 52
39378 33
39379 39
39380 29
39381 40
39382 35
39383 43
39384 39
39385 30
39386 41
39387 48
39388 15
39389 48
39390 37
39391 41
39392 40
39393 41
39394 41
39395 45
39396 34
39397 34
39398 40
39399 51
39400 38
39401 39
39402 36
39403 41
39404 33
39405 45
39406 33
39407 39
39408 34
39409 25
39410 32
39411 56
39412 35
39413 42
39414 40
39415 44
39416 42
39417 40
39418 35
39419 28
39420 36
39421 41
39422 39
39423 39
39424 36
39425 48
39426 38
39427 58
39428 38
39429 34
39430 38
39431 42
39432 50
39433 32
39434 37
39435 31
39436 41
39437 37
39438 39
39439 31
39440 INF
39441 45
39442 INF
39443 44
39444 43
39445 19
39446 45
39447 40
39448 26
39449 39
39450 42
39451 43
39452 34
39453 31
39454 35
39455 37
39456 27
39457 32
39458 37
39459 48
39460 38
39461 42
39462 29
39463 38
39464 27
39465 38
39466 42
39467 40
39468 42
39469 44
39470 34
39471 50
39472 50
39473 26
39474 46
39475 38
39476 40
39477 27
39478 28
39479 43
39480 51
39481 41
39482 48
39483 35
39484 36
39485 32
39486 46
39487 31
39488 25
39489 41
39490 36
39491 29
39492 40
39493 18
39494 43
39495 53
39496 37
39497 INF
39498 33
39499 43
39500 39
39501 42
39502 41
39503 39
39504 50
39505 40
39506 37
39507 41
39508 45
39509 31
39510 30
39511 38
39512 42
39513 43
39514 39
39515 44
39516 INF
39517 52
39518 44
39519 43
39520 36
39521 32
39522 41
39523 30
39524 38
39525 38
39526 38
39527 46
39528 37
39529 38
39530 41
39531 26
39532 44
39533 41
39534 34
39535 30
39536 52
39537 48
39538 40
39539 45
39540 41
39541 35
39542 36
39543 36
39544 48
39545 33
39546 INF
39547 35
39548 40
39549 45
39550 37
39551 37
39552 INF
39553 38
39554 44
39555 40
39556 37
39557 35
39558 41
39559 44
39560 22
39561 INF
39562 38
39563 40
39564 23
39565 32
39566 42
39567 40
39568 39
39569 49
39570 37
39571 44
39572 41
39573 46
39574 31
39575 48
39576 INF
39577 39
39578 34
39579 46
39580 48
39581 56
39582 42
39583 42
39584 42
39585 37
39586 43
39587 32
39588 49
39589 INF
39590 40
39591 35
39592 29
39593 41
39594 56
39595 35
39596 40
39597 55
39598 37
39599 36
39600 34
39601 40
39602 44
39603 37
39604 37
39605 43
39606 45
39607 INF
39608 43
39609 38
39610 27
39611 50
39612 35
39613 48
39614 37
39615 42
39616 41
39617 38
39618 31
39619 45
39620 41
39621 36
39622 41
39623 44
39624 40
39625 39
39626 42
39627 40
39628 36
39629 33
39630 39
39631 INF
39632 43
39633 30
39634 28
39635 39
39636 41
39637 30
39638 31
39639 43
39640 34
39641 34
39642 INF
39643 35
39644 27
39645 INF
39646 36
39647 30
39648 41
39649 31
39650 11
39651 45
39652 34
39653 42
39654 38
39655 42
39656 27
39657 49
39658 37
39659 41
39660 35
39661 41
39662 47
39663 34
39664 49
39665 38
39666 39
39667 40
39668 43
39669 42
39670 55
39671 43
39672 INF
39673 42
39674 33
39675 36
39676 41
39677 31
39678 37
39679 45
39680 36
39681 33
39682 52
39683 45
39684 45
39685 46
39686 35
39687 INF
39688 33
39689 39
39690 39
39691 37
39692 INF
39693 39
39694 33
39695 INF
39696 49
39697 38
39698 36
39699 29
39700 36
39701 40
39702 39
39703 33
39704 32
39705 36
39706 41
39707 45
39708 49
39709 52
39710 26
39711 36
39712 37
39713 50
39714 34
39715 42
39716 41
39717 33
39718 42
39719 43
39720 21
39721 51
39722 35
39723 37
39724 42
39725 23
39726 38
39727 31
39728 31
39729 INF
39730 34
39731 42
39732 36
39733 43
39734 37
39735 41
39736 51
39737 38
39738 30
39739 INF
39740 43
39741 30
39742 41
39743 58
39744 50
39745 42
39746 42
39747 36
39748 38
39749 36
39750 41
39751 46
39752 38
39753 43
39754 40
39755 38
39756 38
39757 51
39758 40
39759 46
39760 44
39761 34
39762 31
39763 26
39764 45
39765 34
39766 26
39767 38
39768 34
39769 28
39770 38
39771 49
39772 40
39773 35
39774 42
39775 40
39776 46
39777 39
39778 41
39779 38
39780 51
39781 36
39782 38
39783 41
39784 45
39785 34
39786 38
39787 41
39788 45
39789 42
39790 43
39791 45
39792 37
39793 42
39794 34
39795 38
39796 41
39797 28
39798 39
39799 38
39800 37
39801 38
39802 42
39803 37
39804 35
39805 40
39806 43
39807 38
39808 47
39809 38
39810 47
39811 41
39812 43
39813 43
39814 43
39815 38
39816 37
39817 44
39818 32
39819 41
39820 45
39821 41
39822 43
39823 42
39824 39
39825 INF
39826 INF
39827 38
39828 59
39829 INF
39830 37
39831 42
39832 38
39833 INF
39834 INF
39835 43
39836 46
39837 45
39838 44
39839 37
39840 INF
39841 37
39842 39
39843 35
39844 38
39845 27
39846 35
39847 INF
39848 33
39849 37
39850 44
39851 INF
39852 41
39853 47
39854 55
39855 38
39856 44
39857 47
39858 34
39859 33
39860 52
39861 33
39862 47
39863 34
39864 45
39865 32
39866 43
39867 36
39868 30
39869 53
39870 27
39871 INF
39872 48
39873 30
39874 39
39875 39
39876 41
39877 36
39878 37
39879 44
39880 36
39881 34
39882 40
39883 30
39884 31
39885 41
39886 41
39887 42
39888 39
39889 42
39890 39
39891 38
39892 34
39893 42
39894 37
39895 35
39896 35
39897 34
39898 INF
39899 32
39900 25
39901 41
39902 35
39903 41
39904 33
39905 INF
39906 38
39907 43
39908 40
39909 32
39910 40
39911 37
39912 43
39913 49
39914 44
39915 46
39916 49
39917 51
39918 29
39919 44
39920 37
39921 36
39922 49
39923 38
39924 39
39925 INF
39926 37
39927 38
39928 36
39929 36
39930 34
39931 40
39932 45
39933 46
39934 37
39935 46
39936 39
39937 38
39938 INF
39939 48
39940 45
39941 47
39942 42
39943 35
39944 41
39945 44
39946 INF
39947 45
39948 32
39949 39
39950 44
39951 37
39952 42
39953 33
39954 49
39955 49
39956 40
39957 38
39958 42
39959 24
39960 40
39961 46
39962 42
39963 46
39964 39
39965 36
39966 42
39967 38
39968 20
39969 44
39970 34
39971 INF
39972 43
39973 37
39974 37
39975 53
39976 36
39977 49
39978 24
39979 50
39980 42
39981 33
39982 46
39983 24
39984 32
39985 41
39986 34
39987 42
39988 INF
39989 43
39990 51
39991 26
39992 37
39993 48
39994 40
39995 30
39996 45
39997 INF
39998 44
39999 INF
40000 42
40001 37
40002 41
40003 46
40004 43
40005 42
40006 36
40007 43
40008 43
40009 28
40010 41
40011 35
40012 34
40013 38
40014 40
40015 41
40016 30
40017 37
40018 39
40019 39
40020 36
40021 47
40022 34
40023 49
40024 33
40025 42
40026 23
40027 33
40028 35
40029 45
40030 47
40031 42
40032 47
40033 32
40034 INF
40035 33
40036 36
40037 34
40038 45
40039 25
40040 35
40041 40
40042 47
40043 28
40044 39
40045 41
40046 33
40047 42
40048 40
40049 INF
40050 35
40051 30
40052 51
40053 38
40054 42
40055 48
40056 32
40057 36
40058 37
40059 42
40060 46
40061 INF
40062 32
40063 INF
40064 38
40065 39
40066 39
40067 30
40068 INF
40069 37
40070 30
40071 42
40072 46
40073 22
40074 39
40075 31
40076 24
40077 44
40078 37
40079 44
40080 41
40081 54
40082 36
40083 27
40084 42
40085 32
40086 39
40087 43
40088 46
40089 39
40090 47
40091 38
40092 38
40093 41
40094 37
40095 42
40096 48
40097 25
40098 27
40099 47
40100 36
40101 46
40102 33
40103 36
40104 37
40105 40
40106 38
40107 43
40108 35
40109 29
40110 43
40111 46
40112 35
40113 43
40114 39
40115 34
40116 44
40117 47
40118 32
40119 36
40120 33
40121 45
40122 34
40123 35
40124 30
40125 38
40126 44
40127 38
40128 32
40129 41
40130 33
40131 35
40132 37
40133 35
40134 42
40135 INF
40136 44
40137 41
40138 35
40139 INF
40140 39
40141 37
40142 43
40143 34
40144 33
40145 32
40146 40
40147 32
40148 36
40149 36
40150 41
40151 39
40152 42
40153 43
40154 36
40155 30
40156 37
40157 33
40158 40
40159 31
40160 36
40161 32
40162 INF
40163 27
40164 35
40165 38
40166 50
40167 INF
40168 41
40169 36
40170 37
40171 INF
40172 36
40173 32
40174 34
40175 39
40176 40
40177 INF
40178 36
40179 43
40180 46
40181 50
40182 22
40183 39
40184 40
40185 38
40186 55
40187 44
40188 46
40189 40
40190 37
40191 37
40192 41
40193 47
40194 INF
40195 39
40196 41
40197 37
40198 36
40199 INF
40200 27
40201 36
40202 37
40203 45
40204 30
40205 36
40206 41
40207 33
40208 38
40209 39
40210 37
40211 38
40212 INF
40213 37
40214 54
40215 40
40216 32
40217 35
40218 39
40219 44
40220 39
40221 49
40222 37
40223 27
40224 40
40225 52
40226 30
40227 37
40228 39
40229 43
40230 INF
40231 41
40232 INF
40233 37
40234 50
40235 45
40236 33
40237 31
40238 44
40239 38
40240 43
40241 48
40242 36
40243 42
40244 45
40245 42
40246 36
40247 39
40248 38
40249 49
40250 42
40251 26
40252 35
40253 42
40254 29
40255 45
40256 INF
40257 33
40258 33
40259 35
40260 35
40261 43
40262 39
40263 38
40264 39
40265 37
40266 39
40267 39
40268 41
40269 47
40270 46
40271 40
40272 39
40273 38
40274 34
40275 34
40276 38
40277 32
40278 20
40279 43
40280 50
40281 48
40282 46
40283 42
40284 29
40285 INF
40286 37
40287 40
40288 30
40289 22
40290 45
40291 35
40292 INF
40293 29
40294 29
40295 48
40296 38
40297 34
40298 INF
40299 52
40300 INF
40301 43
40302 40
40303 51
40304 43
40305 30
40306 47
40307 41
40308 52
40309 41
40310 45
40311 39
40312 44
40313 INF
40314 40
40315 29
40316 41
40317 29
40318 44
40319 35
40320 29
40321 43
40322 40
40323 25
40324 46
40325 40
40326 43
40327 INF
40328 42
40329 37
40330 47
40331 40
40332 INF
40333 32
40334 34
40335 39
40336 35
40337 40
40338 42
40339 46
40340 39
40341 35
40342 35
40343 38
40344 51
40345 34
40346 47
40347 43
40348 34
40349 43
40350 36
40351 34
40352 30
40353 23
40354 47
40355 38
40356 42
40357 42
40358 45
40359 42
40360 40
40361 28
40362 34
40363 45
40364 44
40365 42
40366 41
40367 39
40368 38
40369 INF
40370 39
40371 45
40372 42
40373 34
40374 46
40375 34
40376 26
40377 40
40378 26
40379 29
40380 55
40381 40
40382 28
40383 38
40384 49
40385 19
40386 36
40387 36
40388 33
40389 41
40390 39
40391 47
40392 46
40393 42
40394 33
40395 48
40396 46
40397 36
40398 37
40399 45
40400 37
40401 34
40402 35
40403 39
40404 35
40405 43
40406 23
40407 34
40408 43
40409 27
40410 32
40411 INF
40412 46
40413 29
40414 34
40415 37
40416 36
40417 31
40418 39
40419 41
40420 51
40421 19
40422 INF
40423 35
40424 47
40425 40
40426 45
40427 36
40428 36
40429 36
40430 39
40431 36
40432 43
40433 31
40434 INF
40435 39
40436 37
40437 36
40438 35
40439 37
40440 29
40441 49
40442 INF
40443 29
40444 28
40445 42
40446 41
40447 46
40448 30
40449 INF
40450 37
40451 47
40452 32
40453 INF
40454 30
40455 51
40456 37
40457 43
40458 42
40459 45
40460 36
40461 46
40462 40
40463 43
40464 25
40465 28
40466 47
40467 35
40468 50
40469 42
40470 36
40471 48
40472 41
40473 32
40474 51
40475 43
40476 46
40477 30
40478 36
40479 37
40480 46
40481 34
40482 37
40483 49
40484 38
40485 35
40486 41
40487 43
40488 40
40489 51
40490 34
40491 41
40492 43
40493 39
40494 43
40495 39
40496 34
40497 47
40498 37
40499 31
40500 47
40501 43
40502 18
40503 40
40504 30
40505 42
40506 33
40507 40
40508 38
40509 38
40510 48
40511 45
40512 36
40513 26
40514 44
40515 43
40516 39
40517 29
40518 40
40519 32
40520 44
40521 47
40522 50
40523 40
40524 18
40525 40
40526 35
40527 43
40528 45
40529 33
40530 34
40531 42
40532 53
40533 25
40534 39
40535 39
40536 31
40537 38
40538 39
40539 40
40540 51
40541 39
40542 38
40543 39
40544 48
40545 35
40546 36
40547 40
40548 34
40549 38
40550 36
40551 46
40552 40
40553 19
40554 27
40555 50
40556 37
40557 44
40558 34
40559 47
40560 41
40561 45
40562 43
40563 43
40564 32
40565 41
40566 47
40567 50
40568 40
40569 41
40570 36
40571 35
40572 43
40573 46
40574 27
40575 INF
40576 52
40577 32
40578 INF
40579 41
40580 28
40581 40
40582 38
40583 46
40584 21
40585 37
40586 51
40587 44
40588 39
40589 35
40590 39
40591 30
40592 30
40593 INF
40594 39
40595 INF
40596 INF
40597 43
40598 43
40599 39
40600 44
40601 INF
40602 37
40603 39
40604 38
40605 34
40606 36
40607 30
40608 35
40609 42
40610 40
40611 43
40612 44
40613 41
40614 39
40615 37
40616 47
40617 39
40618 27
40619 33
40620 47
40621 45
40622 46
40623 52
40624 41
40625 42
40626 35
40627 38
40628 INF
40629 34
40630 33
40631 37
40632 19
40633 28
40634 43
40635 40
40636 44
40637 39
40638 37
40639 45
40640 35
40641 INF
40642 26
40643 35
40644 35
40645 32
40646 34
40647 49
40648 31
40649 46
40650 42
40651 INF
40652 39
40653 45
40654 22
40655 43
40656 45
40657 45
40658 37
40659 38
40660 35
40661 46
40662 35
40663 44
40664 37
40665 53
40666 INF
40667 42
40668 46
40669 37
40670 53
40671 37
40672 44
40673 49
40674 43
40675 22
40676 44
40677 44
40678 42
40679 39
40680 40
40681 56
40682 36
40683 38
40684 38
40685 38
40686 41
40687 49
40688 33
40689 40
40690 20
40691 36
40692 38
40693 35
40694 42
40695 37
40696 38
40697 30
40698 44
40699 40
40700 37
40701 35
40702 40
40703 28
40704 33
40705 43
40706 39
40707 34
40708 43
40709 29
40710 34
40711 INF
40712 48
40713 41
40714 38
40715 27
40716 52
40717 44
40718 30
40719 30
40720 45
40721 47
40722 44
40723 37
40724 31
40725 40
40726 43
40727 42
40728 33
40729 41
40730 49
40731 58
40732 38
40733 32
40734 29
40735 30
40736 40
40737 34
40738 36
40739 51
40740 37
40741 42
40742 34
40743 44
40744 46
40745 43
40746 37
40747 39
40748 53
40749 33
40750 34
40751 38
40752 37
40753 19
40754 44
40755 44
40756 39
40757 34
40758 42
40759 36
40760 39
40761 37
40762 42
40763 41
40764 43
40765 33
40766 48
40767 43
40768 50
40769 34
40770 35
40771 29
40772 52
40773 43
40774 45
40775 44
40776 44
40777 36
40778 33
40779 40
40780 35
40781 35
40782 42
40783 38
40784 35
40785 32
40786 31
40787 41
40788 31
40789 INF
40790 43
40791 INF
40792 44
40793 39
40794 37
40795 41
40796 37
40797 38
40798 33
40799 36
40800 44
40801 36
40802 34
40803 50
40804 35
40805 40
40806 36
40807 38
40808 41
40809 34
40810 42
40811 40
40812 46
40813 39
40814 37
40815 29
40816 47
40817 28
40818 53
40819 31
40820 44
40821 INF
40822 40
40823 46
40824 40
40825 40
40826 28
40827 40
40828 32
40829 33
40830 42
40831 43
40832 41
40833 38
40834 40
40835 47
40836 44
40837 INF
40838 34
40839 45
40840 34
40841 35
40842 36
40843 46
40844 30
40845 INF
40846 41
40847 28
40848 52
40849 39
40850 33
40851 29
40852 36
40853 37
40854 30
40855 13
40856 51
40857 40
40858 41
40859 36
40860 48
40861 31
40862 42
40863 52
40864 40
40865 25
40866 36
40867 34
40868 36
40869 42
40870 37
40871 41
40872 INF
40873 44
40874 41
40875 INF
40876 45
40877 41
40878 57
40879 40
40880 60
40881 40
40882 38
40883 28
40884 37
40885 39
40886 45
40887 INF
40888 42
40889 44
40890 35
40891 46
40892 46
40893 36
40894 43
40895 52
40896 37
40897 35
40898 38
40899 INF
40900 30
40901 32
40902 39
40903 INF
40904 35
40905 43
40906 INF
40907 37
40908 43
40909 39
40910 31
40911 28
40912 46
40913 21
40914 41
40915 29
40916 39
40917 36
40918 40
40919 43
40920 47
40921 35
40922 45
40923 35
40924 40
40925 35
40926 31
40927 43
40928 33
40929 37
40930 39
40931 42
40932 38
40933 43
40934 34
40935 37
40936 37
40937 38
40938 INF
40939 35
40940 40
40941 38
40942 43
40943 INF
40944 35
40945 35
40946 45
40947 43
40948 35
40949 39
40950 45
40951 36
40952 42
40953 38
40954 INF
40955 27
40956 32
40957 34
40958 INF
40959 36
40960 INF
40961 38
40962 INF
40963 48
40964 40
40965 41
40966 41
40967 30
40968 35
40969 35
40970 43
40971 36
40972 40
40973 43
40974 36
40975 62
40976 29
40977 45
40978 39
40979 40
40980 49
40981 INF
40982 41
40983 44
40984 35
40985 40
40986 27
40987 38
40988 45
40989 34
40990 40
40991 35
40992 45
40993 41
40994 40
40995 43
40996 36
40997 41
40998 35
40999 34
41000 27
41001 46
41002 INF
41003 37
41004 32
41005 34
41006 37
41007 37
41008 41
41009 37
41010 39
41011 35
41012 32
41013 38
41014 35
41015 45
41016 39
41017 31
41018 48
41019 54
41020 35
41021 37
41022 56
41023 34
41024 30
41025 40
41026 33
41027 27
41028 35
41029 42
41030 48
41031 33
41032 45
41033 34
41034 45
41035 INF
41036 37
41037 33
41038 31
41039 39
41040 25
41041 INF
41042 46
41043 42
41044 50
41045 40
41046 38
41047 38
41048 36
41049 41
41050 39
41051 42
41052 38
41053 29
41054 43
41055 39
41056 28
41057 30
41058 39
41059 32
41060 43
41061 33
41062 45
41063 14
41064 40
41065 43
41066 38
41067 54
41068 39
41069 43
41070 41
41071 41
41072 32
41073 41
41074 43
41075 32
41076 37
41077 21
41078 46
41079 42
41080 41
41081 39
41082 48
41083 37
41084 39
41085 33
41086 44
41087 28
41088 INF
41089 37
41090 36
41091 48
41092 47
41093 43
41094 INF
41095 42
41096 48
41097 35
41098 42
41099 43
41100 45
41101 40
41102 47
41103 31
41104 INF
41105 38
41106 41
41107 32
41108 36
41109 40
41110 36
41111 37
41112 38
41113 42
41114 37
41115 27
41116 48
41117 38
41118 51
41119 40
41120 36
41121 36
41122 38
41123 47
41124 39
41125 32
41126 INF
41127 48
41128 43
41129 42
41130 49
41131 40
41132 48
41133 43
41134 39
41135 46
41136 35
41137 30
41138 45
41139 38
41140 24
41141 48
41142 37
41143 47
41144 29
41145 36
41146 43
41147 37
41148 48
41149 30
41150 38
41151 INF
41152 INF
41153 34
41154 31
41155 31
41156 23
41157 26
41158 43
41159 33
41160 48
41161 41
41162 40
41163 39
41164 32
41165 35
41166 28
41167 60
41168 43
41169 29
41170 42
41171 47
41172 46
41173 43
41174 39
41175 53
41176 37
41177 40
41178 38
41179 INF
41180 44
41181 INF
41182 38
41183 40
41184 41
41185 34
41186 INF
41187 46
41188 34
41189 37
41190 42
41191 INF
41192 37
41193 41
41194 58
41195 37
41196 33
41197 34
41198 37
41199 53
41200 53
41201 30
41202 36
41203 36
41204 29
41205 59
41206 37
41207 35
41208 44
41209 39
41210 30
41211 53
41212 57
41213 41
41214 41
41215 33
41216 38
41217 INF
41218 30
41219 43
41220 38
41221 47
41222 40
41223 43
41224 35
41225 39
41226 39
41227 49
41228 39
41229 46
41230 45
41231 39
41232 35
41233 41
41234 36
41235 33
41236 38
41237 43
41238 31
41239 40
41240 57
41241 46
41242 44
41243 48
41244 38
41245 33
41246 41
41247 41
41248 48
41249 33
41250 39
41251 37
41252 41
41253 44
41254 INF
41255 37
41256 32
41257 38
41258 36
41259 41
41260 43
41261 47
41262 39
41263 47
41264 40
41265 37
41266 INF
41267 37
41268 32
41269 28
41270 39
41271 42
41272 41
41273 INF
41274 40
41275 30
41276 28
41277 45
41278 35
41279 41
41280 INF
41281 29
41282 33
41283 48
41284 26
41285 44
41286 46
41287 28
41288 41
41289 35
41290 34
41291 37
41292 39
41293 43
41294 44
41295 36
41296 36
41297 35
41298 36
41299 31
41300 38
41301 38
41302 49
41303 32
41304 42
41305 39
41306 38
41307 33
41308 44
41309 40
41310 45
41311 46
41312 43
41313 41
41314 38
41315 49
41316 37
41317 37
41318 25
41319 33
41320 31
41321 44
41322 40
41323 35
41324 35
41325 34
41326 38
41327 43
41328 41
41329 39
41330 50
41331 46
41332 23
41333 41
41334 33
41335 INF
41336 44
41337 46
41338 38
41339 33
41340 41
41341 40
41342 41
41343 37
41344 39
41345 38
41346 34
41347 35
41348 27
41349 29
41350 37
41351 42
41352 27
41353 35
41354 54
41355 41
41356 36
41357 43
41358 26
41359 47
41360 40
41361 42
41362 23
41363 38
41364 INF
41365 35
41366 47
41367 41
41368 23
41369 38
41370 34
41371 30
41372 31
41373 44
41374 38
41375 33
41376 36
41377 43
41378 32
41379 42
41380 34
41381 45
41382 33
41383 27
41384 44
41385 44
41386 41
41387 43
41388 33
41389 37
41390 47
41391 38
41392 36
41393 39
41394 41
41395 INF
41396 35
41397 42
41398 28
41399 34
41400 47
41401 6
41402 53
41403 44
41404 52
41405 31
41406 37
41407 48
41408 36
41409 31
41410 32
41411 34
41412 32
41413 35
41414 29
41415 37
41416 40
41417 36
41418 33
41419 35
41420 36
41421 40
41422 36
41423 62
41424 45
41425 40
41426 44
41427 40
41428 39
41429 41
41430 38
41431 36
41432 34
41433 35
41434 41
41435 35
41436 32
41437 39
41438 33
41439 16
41440 38
41441 35
41442 37
41443 46
41444 36
41445 INF
41446 38
41447 34
41448 40
41449 27
41450 42
41451 34
41452 46
41453 34
41454 34
41455 36
41456 42
41457 30
41458 42
41459 33
41460 38
41461 38
41462 33
41463 33
41464 INF
41465 INF
41466 34
41467 50
41468 INF
41469 32
41470 37
41471 26
41472 INF
41473 42
41474 40
41475 40
41476 57
41477 29
41478 38
41479 37
41480 45
41481 31
41482 22
41483 28
41484 38
41485 50
41486 29
41487 20
41488 52
41489 43
41490 31
41491 42
41492 39
41493 34
41494 36
41495 32
41496 39
41497 44
41498 43
41499 33
41500 41
41501 36
41502 38
41503 51
41504 35
41505 33
41506 40
41507 41
41508 44
41509 44
41510 37
41511 42
41512 50
41513 37
41514 36
41515 49
41516 35
41517 32
41518 34
41519 45
41520 40
41521 41
41522 41
41523 41
41524 31
41525 22
41526 39
41527 44
41528 37
41529 43
41530 36
41531 33
41532 44
41533 38
41534 38
41535 36
41536 INF
41537 43
41538 46
41539 34
41540 37
41541 30
41542 41
41543 40
41544 36
41545 35
41546 42
41547 51
41548 43
41549 35
41550 26
41551 45
41552 45
41553 40
41554 40
41555 38
41556 43
41557 29
41558 34
41559 33
41560 43
41561 41
41562 37
41563 38
41564 33
41565 46
41566 40
41567 35
41568 37
41569 45
41570 46
41571 81
41572 48
41573 49
41574 33
41575 40
41576 42
41577 46
41578 36
41579 39
41580 35
41581 33
41582 42
41583 39
41584 INF
41585 45
41586 51
41587 38
41588 41
41589 38
41590 41
41591 39
41592 45
41593 INF
41594 INF
41595 32
41596 37
41597 INF
41598 36
41599 33
41600 36
41601 49
41602 37
41603 33
41604 40
41605 40
41606 36
41607 42
41608 45
41609 48
41610 40
41611 38
41612 44
41613 40
41614 41
41615 38
41616 43
41617 24
41618 40
41619 36
41620 41
41621 INF
41622 41
41623 49
41624 30
41625 39
41626 43
41627 39
41628 51
41629 42
41630 36
41631 46
41632 26
41633 36
41634 43
41635 27
41636 47
41637 40
41638 40
41639 40
41640 32
41641 40
41642 50
41643 41
41644 41
41645 31
41646 40
41647 39
41648 44
41649 38
41650 46
41651 31
41652 37
41653 46
41654 34
41655 43
41656 36
41657 41
41658 40
41659 28
41660 40
41661 49
41662 38
41663 41
41664 40
41665 43
41666 37
41667 41
41668 39
41669 38
41670 43
41671 38
41672 33
41673 42
41674 INF
41675 30
41676 35
41677 35
41678 46
41679 INF
41680 32
41681 52
41682 38
41683 37
41684 31
41685 36
41686 35
41687 43
41688 42
41689 47
41690 41
41691 36
41692 38
41693 35
41694 51
41695 33
41696 47
41697 43
41698 INF
41699 34
41700 39
41701 37
41702 39
41703 44
41704 42
41705 36
41706 37
41707 43
41708 44
41709 35
41710 34
41711 41
41712 42
41713 32
41714 39
41715 45
41716 33
41717 40
41718 42
41719 49
41720 30
41721 48
41722 32
41723 36
41724 29
41725 37
41726 35
41727 35
41728 38
41729 47
41730 41
41731 46
41732 INF
41733 49
41734 36
41735 45
41736 21
41737 40
41738 42
41739 35
41740 36
41741 31
41742 45
41743 33
41744 42
41745 53
41746 34
41747 32
41748 41
41749 46
41750 34
41751 38
41752 42
41753 40
41754 26
41755 34
41756 39
41757 39
41758 45
41759 45
41760 36
41761 40
41762 38
41763 36
41764 42
41765 33
41766 INF
41767 53
41768 44
41769 29
41770 37
41771 40
41772 39
41773 42
41774 38
41775 42
41776 38
41777 43
41778 27
41779 36
41780 35
41781 47
41782 33
41783 43
41784 INF
41785 40
41786 35
41787 39
41788 44
41789 40
41790 29
41791 26
41792 43
41793 41
41794 42
41795 38
41796 40
41797 56
41798 35
41799 39
41800 23
41801 41
41802 34
41803 35
41804 46
41805 INF
41806 38
41807 31
41808 38
41809 40
41810 50
41811 34
41812 INF
41813 39
41814 39
41815 37
41816 38
41817 41
41818 50
41819 43
41820 32
41821 32
41822 35
41823 47
41824 44
41825 36
41826 31
41827 37
41828 33
41829 23
41830 47
41831 45
41832 29
41833 38
41834 19
41835 42
41836 39
41837 48
41838 44
41839 32
41840 45
41841 40
41842 35
41843 37
41844 40
41845 27
41846 33
41847 34
41848 37
41849 35
41850 51
41851 34
41852 INF
41853 41
41854 37
41855 44
41856 INF
41857 32
41858 38
41859 47
41860 51
41861 35
41862 43
41863 34
41864 40
41865 46
41866 43
41867 INF
41868 37
41869 51
41870 33
41871 35
41872 INF
41873 39
41874 25
41875 35
41876 34
41877 40
41878 29
41879 42
41880 43
41881 42
41882 49
41883 43
41884 41
41885 45
41886 40
41887 46
41888 37
41889 40
41890 INF
41891 INF
41892 33
41893 43
41894 40
41895 40
41896 31
41897 44
41898 35
41899 31
41900 30
41901 38
41902 43
41903 39
41904 30
41905 29
41906 32
41907 43
41908 32
41909 36
41910 44
41911 39
41912 44
41913 38
41914 41
41915 44
41916 44
41917 30
41918 42
41919 44
41920 38
41921 30
41922 50
41923 42
41924 34
41925 56
41926 29
41927 43
41928 41
41929 30
41930 INF
41931 34
41932 48
41933 31
41934 31
41935 40
41936 46
41937 31
41938 38
41939 31
41940 39
41941 39
41942 33
41943 33
41944 42
41945 39
41946 38
41947 INF
41948 46
41949 45
41950 38
41951 39
41952 43
41953 47
41954 INF
41955 36
41956 38
41957 31
41958 41
41959 47
41960 21
41961 38
41962 29
41963 36
41964 35
41965 45
41966 INF
41967 43
41968 45
41969 32
41970 30
41971 47
41972 36
41973 29
41974 43
41975 40
41976 26
41977 36
41978 39
41979 23
41980 37
41981 40
41982 43
41983 INF
41984 36
41985 35
41986 INF
41987 38
41988 35
41989 38
41990 51
41991 39
41992 26
41993 23
41994 27
41995 55
41996 38
41997 43
41998 37
41999 43
42000 34
42001 40
42002 44
42003 INF
42004 38
42005 38
42006 36
42007 42
42008 39
42009 39
42010 33
42011 34
42012 43
42013 29
42014 36
42015 INF
42016 41
42017 36
42018 19
42019 40
42020 44
42021 41
42022 42
42023 41
42024 37
42025 46
42026 42
42027 54
42028 37
42029 36
42030 39
42031 23
42032 49
42033 32
42034 34
42035 42
42036 38
42037 42
42038 29
42039 29
42040 35
42041 41
42042 22
42043 39
42044 33
42045 48
42046 33
42047 43
42048 45
42049 42
42050 50
42051 39
42052 38
42053 37
42054 45
42055 40
42056 35
42057 34
42058 31
42059 38
42060 44
42061 29
42062 37
42063 35
42064 50
42065 28
42066 39
42067 36
42068 34
42069 31
42070 42
42071 38
42072 39
42073 44
42074 45
42075 INF
42076 43
42077 40
42078 42
42079 42
42080 41
42081 46
42082 35
42083 33
42084 38
42085 34
42086 40
42087 34
42088 INF
42089 31
42090 39
42091 41
42092 49
42093 35
42094 32
42095 41
42096 40
42097 40
42098 46
42099 34
42100 39
42101 37
42102 38
42103 43
42104 INF
42105 33
42106 41
42107 41
42108 39
42109 32
42110 48
42111 35
42112 44
42113 42
42114 44
42115 58
42116 31
42117 42
42118 46
42119 39
42120 48
42121 35
42122 37
42123 48
42124 51
42125 29
42126 30
42127 INF
42128 32
42129 31
42130 44
42131 40
42132 32
42133 36
42134 39
42135 34
42136 41
42137 40
42138 37
42139 44
42140 INF
42141 37
42142 33
42143 35
42144 51
42145 44
42146 35
42147 38
42148 22
42149 32
42150 36
42151 38
42152 44
42153 51
42154 45
42155 37
42156 42
42157 38
42158 37
42159 36
42160 36
42161 17
42162 INF
42163 42
42164 36
42165 36
42166 53
42167 42
42168 45
42169 42
42170 39
42171 45
42172 31
42173 45
42174 34
42175 32
42176 38
42177 43
42178 33
42179 38
42180 34
42181 42
42182 34
42183 38
42184 33
42185 58
42186 33
42187 35
42188 37
42189 34
42190 38
42191 35
42192 57
42193 44
42194 40
42195 38
42196 45
42197 44
42198 40
42199 61
42200 34
42201 40
42202 39
42203 35
42204 31
42205 37
42206 37
42207 33
42208 43
42209 18
42210 46
42211 45
42212 44
42213 43
42214 22
42215 48
42216 30
42217 40
42218 42
42219 36
42220 32
42221 38
42222 INF
42223 41
42224 47
42225 45
42226 38
42227 47
42228 45
42229 38
42230 39
42231 38
42232 36
42233 37
42234 49
42235 34
42236 42
42237 40
42238 45
42239 44
42240 36
42241 51
42242 41
42243 42
42244 27
42245 48
42246 28
42247 32
42248 44
42249 42
42250 45
42251 35
42252 33
42253 45
42254 37
42255 41
42256 37
42257 41
42258 41
42259 44
42260 47
42261 43
42262 37
42263 38
42264 35
42265 46
42266 43
42267 34
42268 35
42269 30
42270 31
42271 INF
42272 35
42273 43
42274 51
42275 56
42276 INF
42277 41
42278 45
42279 33
42280 37
42281 52
42282 35
42283 36
42284 31
42285 35
42286 36
42287 44
42288 17
42289 41
42290 41
42291 33
42292 INF
42293 44
42294 42
42295 45
42296 34
42297 INF
42298 INF
42299 47
42300 INF
42301 44
42302 33
42303 32
42304 47
42305 34
42306 41
42307 35
42308 40
42309 41
42310 38
42311 36
42312 48
42313 50
42314 40
42315 42
42316 28
42317 37
42318 45
42319 38
42320 46
42321 47
42322 34
42323 29
42324 37
42325 37
42326 31
42327 38
42328 38
42329 36
42330 36
42331 34
42332 46
42333 42
42334 48
42335 43
42336 48
42337 38
42338 42
42339 42
42340 28
42341 49
42342 36
42343 29
42344 36
42345 38
42346 48
42347 44
42348 46
42349 52
42350 54
42351 39
42352 INF
42353 17
42354 25
42355 38
42356 30
42357 37
42358 44
42359 39
42360 34
42361 31
42362 34
42363 48
42364 39
42365 INF
42366 41
42367 41
42368 INF
42369 36
42370 36
42371 49
42372 33
42373 37
42374 34
42375 36
42376 38
42377 43
42378 31
42379 36
42380 36
42381 34
42382 15
42383 38
42384 41
42385 47
42386 43
42387 37
42388 37
42389 39
42390 44
42391 33
42392 47
42393 56
42394 43
42395 47
42396 49
42397 44
42398 36
42399 42
42400 42
42401 60
42402 40
42403 35
42404 INF
42405 41
42406 41
42407 35
42408 INF
42409 36
42410 59
42411 28
42412 35
42413 INF
42414 44
42415 39
42416 46
42417 INF
42418 INF
42419 48
42420 33
42421 46
42422 38
42423 43
42424 36
42425 36
42426 33
42427 36
42428 46
42429 39
42430 42
42431 39
42432 37
42433 INF
42434 42
42435 42
42436 37
42437 39
42438 47
42439 45
42440 35
42441 44
42442 31
42443 42
42444 46
42445 29
42446 24
42447 50
42448 32
42449 42
42450 INF
42451 26
42452 48
42453 47
42454 37
42455 42
42456 41
42457 42
42458 39
42459 39
42460 40
42461 49
42462 35
42463 41
42464 32
42465 44
42466 36
42467 46
42468 44
42469 46
42470 42
42471 33
42472 41
42473 36
42474 35
42475 45
42476 45
42477 INF
42478 42
42479 34
42480 35
42481 30
42482 33
42483 INF
42484 35
42485 46
42486 42
42487 45
42488 32
42489 49
42490 37
42491 35
42492 55
42493 47
42494 44
42495 33
42496 34
42497 36
42498 41
42499 33
42500 INF
42501 43
42502 37
42503 48
42504 44
42505 39
42506 INF
42507 39
42508 46
42509 34
42510 25
42511 44
42512 40
42513 35
42514 35
42515 35
42516 44
42517 34
42518 42
42519 35
42520 36
42521 38
42522 INF
42523 34
42524 45
42525 41
42526 INF
42527 43
42528 35
42529 41
42530 39
42531 38
42532 33
42533 34
42534 34
42535 37
42536 43
42537 37
42538 55
42539 40
42540 28
42541 53
42542 39
42543 40
42544 42
42545 33
42546 30
42547 42
42548 41
42549 29
42550 41
42551 42
42552 37
42553 49
42554 38
42555 54
42556 26
42557 45
42558 41
42559 46
42560 36
42561 47
42562 39
42563 45
42564 36
42565 48
42566 40
42567 38
42568 44
42569 38
42570 34
42571 32
42572 39
42573 40
42574 44
42575 INF
42576 36
42577 39
42578 44
42579 44
42580 42
42581 INF
42582 49
42583 25
42584 38
42585 55
42586 39
42587 39
42588 46
42589 INF
42590 43
42591 INF
42592 38
42593 35
42594 35
42595 48
42596 32
42597 35
42598 35
42599 42
42600 49
42601 36
42602 48
42603 INF
42604 36
42605 46
42606 42
42607 43
42608 35
42609 35
42610 46
42611 46
42612 40
42613 47
42614 41
42615 27
42616 27
42617 INF
42618 23
42619 30
42620 30
42621 39
42622 43
42623 41
42624 40
42625 40
42626 58
42627 41
42628 50
42629 30
42630 41
42631 37
42632 31
42633 35
42634 38
42635 39
42636 35
42637 38
42638 40
42639 41
42640 33
42641 39
42642 60
42643 41
42644 29
42645 39
42646 33
42647 46
42648 46
42649 36
42650 INF
42651 41
42652 34
42653 24
42654 38
42655 51
42656 41
42657 45
42658 35
42659 33
42660 34
42661 34
42662 37
42663 44
42664 20
42665 43
42666 20
42667 37
42668 40
42669 43
42670 40
42671 INF
42672 36
42673 37
42674 41
42675 36
42676 36
42677 47
42678 45
42679 41
42680 41
42681 35
42682 38
42683 44
42684 46
42685 34
42686 41
42687 40
42688 38
42689 49
42690 37
42691 49
42692 53
42693 43
42694 39
42695 38
42696 40
42697 39
42698 29
42699 51
42700 31
42701 42
42702 54
42703 36
42704 28
42705 42
42706 35
42707 37
42708 28
42709 40
42710 34
42711 38
42712 INF
42713 43
42714 36
42715 38
42716 36
42717 27
42718 INF
42719 41
42720 INF
42721 41
42722 33
42723 43
42724 31
42725 31
42726 40
42727 26
42728 38
42729 43
42730 36
42731 50
42732 32
42733 46
42734 39
42735 24
42736 38
42737 42
42738 29
42739 45
42740 47
42741 32
42742 INF
42743 35
42744 39
42745 35
42746 40
42747 56
42748 38
42749 30
42750 34
42751 INF
42752 35
42753 30
42754 48
42755 48
42756 41
42757 17
42758 38
42759 43
42760 45
42761 INF
42762 39
42763 39
42764 34
42765 46
42766 41
42767 62
42768 36
42769 36
42770 37
42771 37
42772 42
42773 33
42774 44
42775 44
42776 31
42777 43
42778 32
42779 42
42780 39
42781 33
42782 32
42783 INF
42784 31
42785 41
42786 35
42787 46
42788 36
42789 44
42790 38
42791 45
42792 46
42793 32
42794 39
42795 34
42796 36
42797 49
42798 39
42799 INF
42800 43
42801 29
42802 43
42803 42
42804 40
42805 41
42806 45
42807 38
42808 41
42809 INF
42810 43
42811 38
42812 45
42813 INF
42814 38
42815 42
42816 39
42817 48
42818 43
42819 34
42820 32
42821 21
42822 37
42823 41
42824 32
42825 38
42826 38
42827 39
42828 41
42829 42
42830 27
42831 33
42832 39
42833 INF
42834 36
42835 44
42836 34
42837 36
42838 40
42839 39
42840 29
42841 38
42842 43
42843 56
42844 45
42845 39
42846 26
42847 38
42848 40
42849 38
42850 53
42851 36
42852 41
42853 41
42854 36
42855 37
42856 46
42857 39
42858 39
42859 16
42860 40
42861 27
42862 40
42863 INF
42864 32
42865 37
42866 42
42867 29
42868 47
42869 38
42870 49
42871 37
42872 39
42873 45
42874 38
42875 33
42876 36
42877 42
42878 35
42879 40
42880 41
42881 36
42882 46
42883 47
42884 37
42885 38
42886 41
42887 39
42888 33
42889 32
42890 36
42891 42
42892 38
42893 44
42894 37
42895 36
42896 39
42897 39
42898 29
42899 41
42900 37
42901 INF
42902 44
42903 35
42904 32
42905 36
42906 34
42907 43
42908 34
42909 40
42910 44
42911 36
42912 36
42913 30
42914 47
42915 35
42916 43
42917 36
42918 43
42919 25
42920 41
42921 31
42922 39
42923 46
42924 57
42925 38
42926 46
42927 54
42928 38
42929 50
42930 42
42931 40
42932 51
42933 42
42934 36
42935 41
42936 36
42937 40
42938 43
42939 INF
42940 15
42941 35
42942 41
42943 47
42944 32
42945 37
42946 45
42947 42
42948 39
42949 41
42950 34
42951 51
42952 37
42953 49
42954 45
42955 45
42956 38
42957 INF
42958 23
42959 35
42960 57
42961 39
42962 41
42963 45
42964 41
42965 37
42966 39
42967 20
42968 40
42969 54
42970 43
42971 44
42972 45
42973 38
42974 32
42975 22
42976 40
42977 42
42978 39
42979 32
42980 45
42981 39
42982 INF
42983 43
42984 INF
42985 43
42986 60
42987 40
42988 37
42989 38
42990 45
42991 37
42992 38
42993 31
42994 38
42995 41
42996 35
42997 37
42998 INF
42999 11
43000 INF
43001 32
43002 36
43003 45
43004 40
43005 31
43006 43
43007 22
43008 33
43009 52
43010 36
43011 26
43012 43
43013 22
43014 39
43015 33
43016 39
43017 28
43018 36
43019 45
43020 33
43021 34
43022 34
43023 37
43024 27
43025 39
43026 42
43027 26
43028 42
43029 INF
43030 38
43031 33
43032 31
43033 37
43034 40
43035 49
43036 32
43037 45
43038 35
43039 29
43040 43
43041 37
43042 INF
43043 49
43044 35
43045 41
43046 42
43047 27
43048 52
43049 38
43050 46
43051 41
43052 40
43053 41
43054 27
43055 38
43056 35
43057 39
43058 22
43059 44
43060 40
43061 25
43062 39
43063 51
43064 44
43065 38
43066 42
43067 43
43068 33
43069 36
43070 35
43071 39
43072 38
43073 9
43074 38
43075 31
43076 46
43077 40
43078 46
43079 34
43080 45
43081 35
43082 32
43083 45
43084 42
43085 38
43086 39
43087 48
43088 48
43089 43
43090 41
43091 45
43092 46
43093 33
43094 33
43095 42
43096 22
43097 37
43098 37
43099 51
43100 40
43101 30
43102 54
43103 47
43104 37
43105 38
43106 40
43107 38
43108 46
43109 34
43110 45
43111 38
43112 39
43113 44
43114 38
43115 49
43116 24
43117 39
43118 30
43119 48
43120 35
43121 38
43122 43
43123 42
43124 46
43125 34
43126 34
43127 44
43128 35
43129 50
43130 39
43131 41
43132 54
43133 41
43134 30
43135 26
43136 50
43137 36
43138 INF
43139 44
43140 36
43141 48
43142 28
43143 35
43144 42
43145 33
43146 47
43147 38
43148 33
43149 43
43150 40
43151 30
43152 36
43153 INF
43154 47
43155 35
43156 43
43157 37
43158 39
43159 39
43160 30
43161 INF
43162 36
43163 38
43164 38
43165 34
43166 42
43167 42
43168 40
43169 43
43170 39
43171 42
43172 38
43173 INF
43174 39
43175 40
43176 INF
43177 34
43178 44
43179 53
43180 27
43181 34
43182 30
43183 34
43184 38
43185 38
43186 52
43187 42
43188 35
43189 48
43190 30
43191 39
43192 42
43193 41
43194 38
43195 38
43196 40
43197 36
43198 42
43199 37
43200 39
43201 41
43202 31
43203 33
43204 41
43205 41
43206 47
43207 31
43208 34
43209 47
43210 40
43211 37
43212 37
43213 36
43214 41
43215 43
43216 38
43217 34
43218 38
43219 42
43220 32
43221 33
43222 45
43223 39
43224 46
43225 39
43226 43
43227 41
43228 39
43229 43
43230 48
43231 41
43232 37
43233 34
43234 47
43235 INF
43236 47
43237 56
43238 47
43239 39
43240 32
43241 INF
43242 45
43243 33
43244 36
43245 39
43246 INF
43247 INF
43248 40
43249 25
43250 44
43251 40
43252 51
43253 41
43254 49
43255 41
43256 INF
43257 34
43258 31
43259 44
43260 29
43261 36
43262 38
43263 45
43264 43
43265 37
43266 43
43267 41
43268 44
43269 29
43270 34
43271 44
43272 38
43273 42
43274 32
43275 35
43276 40
43277 40
43278 29
43279 20
43280 55
43281 26
43282 51
43283 35
43284 46
43285 46
43286 41
43287 INF
43288 INF
43289 39
43290 31
43291 37
43292 39
43293 INF
43294 43
43295 49
43296 31
43297 36
43298 38
43299 37
43300 43
43301 43
43302 26
43303 30
43304 37
43305 33
43306 37
43307 39
43308 47
43309 38
43310 43
43311 42
43312 INF
43313 45
43314 41
43315 51
43316 38
43317 47
43318 46
43319 INF
43320 34
43321 INF
43322 40
43323 31
43324 37
43325 34
43326 INF
43327 16
43328 38
43329 38
43330 43
43331 37
43332 41
43333 44
43334 42
43335 49
43336 35
43337 46
43338 39
43339 43
43340 11
43341 35
43342 41
43343 41
43344 41
43345 34
43346 35
43347 43
43348 41
43349 46
43350 32
43351 43
43352 38
43353 34
43354 45
43355 31
43356 24
43357 45
43358 INF
43359 48
43360 44
43361 37
43362 44
43363 59
43364 47
43365 37
43366 44
43367 33
43368 21
43369 45
43370 37
43371 54
43372 INF
43373 40
43374 34
43375 38
43376 32
43377 30
43378 39
43379 45
43380 34
43381 34
43382 30
43383 41
43384 44
43385 40
43386 51
43387 40
43388 41
43389 37
43390 44
43391 24
43392 38
43393 48
43394 43
43395 37
43396 41
43397 31
43398 34
43399 41
43400 43
43401 39
43402 46
43403 44
43404 44
43405 42
43406 33
43407 34
43408 39
43409 40
43410 42
43411 INF
43412 33
43413 53
43414 30
43415 44
43416 35
43417 29
43418 36
43419 INF
43420 37
43421 43
43422 46
43423 32
43424 45
43425 42
43426 45
43427 27
43428 42
43429 40
43430 49
43431 43
43432 40
43433 44
43434 40
43435 50
43436 38
43437 49
43438 INF
43439 39
43440 35
43441 30
43442 35
43443 INF
43444 28
43445 34
43446 37
43447 35
43448 54
43449 37
43450 47
43451 42
43452 36
43453 32
43454 47
43455 33
43456 35
43457 41
43458 33
43459 46
43460 38
43461 21
43462 39
43463 47
43464 31
43465 45
43466 INF
43467 35
43468 48
43469 37
43470 44
43471 43
43472 43
43473 36
43474 INF
43475 33
43476 43
43477 41
43478 INF
43479 23
43480 29
43481 51
43482 39
43483 34
43484 31
43485 INF
43486 43
43487 43
43488 39
43489 45
43490 33
43491 39
43492 30
43493 35
43494 46
43495 42
43496 31
43497 23
43498 33
43499 44
43500 34
43501 41
43502 34
43503 47
43504 INF
43505 22
43506 55
43507 40
43508 38
43509 39
43510 36
43511 INF
43512 43
43513 32
43514 47
43515 38
43516 41
43517 43
43518 38
43519 31
43520 38
43521 39
43522 42
43523 51
43524 36
43525 42
43526 47
43527 39
43528 28
43529 30
43530 29
43531 34
43532 INF
43533 32
43534 51
43535 35
43536 33
43537 36
43538 47
43539 35
43540 43
43541 33
43542 43
43543 37
43544 49
43545 46
43546 46
43547 41
43548 46
43549 34
43550 46
43551 41
43552 40
43553 40
43554 43
43555 43
43556 INF
43557 38
43558 46
43559 57
43560 40
43561 19
43562 36
43563 42
43564 37
43565 38
43566 40
43567 33
43568 41
43569 35
43570 41
43571 53
43572 52
43573 40
43574 44
43575 35
43576 38
43577 38
43578 35
43579 45
43580 44
43581 45
43582 31
43583 INF
43584 40
43585 43
43586 46
43587 35
43588 40
43589 INF
43590 36
43591 40
43592 39
43593 30
43594 34
43595 57
43596 47
43597 42
43598 30
43599 40
43600 34
43601 INF
43602 44
43603 36
43604 44
43605 37
43606 37
43607 44
43608 40
43609 38
43610 38
43611 41
43612 22
43613 37
43614 43
43615 38
43616 26
43617 37
43618 40
43619 INF
43620 38
43621 INF
43622 37
43623 37
43624 39
43625 40
43626 46
43627 31
43628 38
43629 36
43630 43
43631 45
43632 36
43633 48
43634 52
43635 INF
43636 37
43637 36
43638 41
43639 33
43640 33
43641 60
43642 33
43643 34
43644 37
43645 32
43646 38
43647 INF
43648 36
43649 45
43650 44
43651 37
43652 INF
43653 26
43654 38
43655 37
43656 47
43657 INF
43658 36
43659 33
43660 40
43661 29
43662 35
43663 25
43664 41
43665 45
43666 40
43667 45
43668 49
43669 48
43670 39
43671 38
43672 49
43673 30
43674 43
43675 36
43676 40
43677 38
43678 32
43679 34
43680 28
43681 46
43682 INF
43683 43
43684 INF
43685 40
43686 46
43687 38
43688 40
43689 40
43690 45
43691 28
43692 38
43693 40
43694 44
43695 39
43696 26
43697 43
43698 38
43699 INF
43700 44
43701 23
43702 49
43703 28
43704 INF
43705 54
43706 40
43707 42
43708 29
43709 41
43710 38
43711 41
43712 37
43713 32
43714 43
43715 34
43716 39
43717 INF
43718 38
43719 52
43720 39
43721 36
43722 45
43723 45
43724 38
43725 36
43726 43
43727 44
43728 32
43729 54
43730 44
43731 36
43732 41
43733 44
43734 43
43735 42
43736 INF
43737 47
43738 41
43739 39
43740 39
43741 40
43742 37
43743 34
43744 40
43745 32
43746 35
43747 29
43748 25
43749 39
43750 43
43751 38
43752 49
43753 42
43754 36
43755 38
43756 46
43757 INF
43758 42
43759 40
43760 INF
43761 42
43762 38
43763 29
43764 39
43765 47
43766 54
43767 43
43768 46
43769 40
43770 39
43771 35
43772 33
43773 48
43774 21
43775 41
43776 41
43777 42
43778 42
43779 32
43780 42
43781 49
43782 44
43783 48
43784 47
43785 33
43786 42
43787 30
43788 37
43789 23
43790 26
43791 29
43792 35
43793 INF
43794 35
43795 35
43796 INF
43797 36
43798 31
43799 41
43800 44
43801 43
43802 34
43803 40
43804 24
43805 34
43806 46
43807 31
43808 36
43809 48
43810 38
43811 36
43812 44
43813 39
43814 30
43815 INF
43816 48
43817 45
43818 46
43819 36
43820 40
43821 44
43822 42
43823 35
43824 38
43825 41
43826 41
43827 30
43828 42
43829 27
43830 44
43831 40
43832 42
43833 30
43834 37
43835 36
43836 44
43837 26
43838 42
43839 36
43840 40
43841 34
43842 40
43843 37
43844 36
43845 51
43846 44
43847 40
43848 42
43849 38
43850 INF
43851 39
43852 30
43853 27
43854 46
43855 40
43856 43
43857 33
43858 35
43859 39
43860 44
43861 42
43862 38
43863 44
43864 38
43865 36
43866 33
43867 38
43868 37
43869 50
43870 41
43871 33
43872 INF
43873 43
43874 36
43875 39
43876 33
43877 39
43878 33
43879 56
43880 35
43881 34
43882 43
43883 46
43884 51
43885 39
43886 37
43887 32
43888 43
43889 37
43890 43
43891 42
43892 41
43893 38
43894 41
43895 36
43896 24
43897 43
43898 37
43899 40
43900 48
43901 43
43902 39
43903 41
43904 36
43905 36
43906 45
43907 INF
43908 35
43909 40
43910 42
43911 41
43912 39
43913 38
43914 59
43915 57
43916 43
43917 46
43918 46
43919 37
43920 44
43921 44
43922 34
43923 42
43924 26
43925 46
43926 42
43927 52
43928 39
43929 39
43930 29
43931 43
43932 INF
43933 31
43934 49
43935 44
43936 27
43937 37
43938 31
43939 28
43940 39
43941 44
43942 33
43943 49
43944 61
43945 33
43946 41
43947 35
43948 34
43949 23
43950 45
43951 43
43952 34
43953 31
43954 24
43955 39
43956 45
43957 43
43958 33
43959 INF
43960 35
43961 41
43962 26
43963 48
43964 36
43965 47
43966 31
43967 43
43968 48
43969 38
43970 45
43971 44
43972 50
43973 45
43974 39
43975 39
43976 48
43977 INF
43978 48
43979 34
43980 41
43981 45
43982 36
43983 34
43984 20
43985 36
43986 40
43987 37
43988 27
43989 35
43990 40
43991 33
43992 50
43993 39
43994 35
43995 40
43996 43
43997 40
43998 39
43999 37
44000 37
44001 41
44002 41
44003 41
44004 50
44005 49
44006 51
44007 38
44008 39
44009 46
44010 40
44011 30
44012 43
44013 37
44014 52
44015 44
44016 45
44017 37
44018 35
44019 45
44020 38
44021 41
44022 42
44023 39
44024 53
44025 45
44026 38
44027 30
44028 53
44029 33
44030 39
44031 45
44032 60
44033 23
44034 44
44035 INF
44036 38
44037 40
44038 42
44039 41
44040 38
44041 25
44042 33
44043 53
44044 INF
44045 INF
44046 30
44047 24
44048 41
44049 41
44050 44
44051 48
44052 32
44053 41
44054 33
44055 40
44056 40
44057 39
44058 35
44059 29
44060 41
44061 42
44062 31
44063 36
44064 38
44065 36
44066 46
44067 38
44068 45
44069 51
44070 35
44071 47
44072 39
44073 35
44074 26
44075 46
44076 29
44077 32
44078 39
44079 40
44080 42
44081 44
44082 31
44083 41
44084 36
44085 30
44086 45
44087 35
44088 40
44089 37
44090 36
44091 41
44092 34
44093 40
44094 42
44095 37
44096 26
44097 39
44098 40
44099 44
44100 42
44101 32
44102 32
44103 32
44104 41
44105 INF
44106 39
44107 36
44108 38
44109 34
44110 25
44111 35
44112 INF
44113 42
44114 48
44115 48
44116 43
44117 51
44118 INF
44119 38
44120 44
44121 47
44122 39
44123 49
44124 45
44125 49
44126 40
44127 38
44128 46
44129 42
44130 INF
44131 INF
44132 39
44133 44
44134 31
44135 37
44136 38
44137 41
44138 40
44139 55
44140 36
44141 38
44142 34
44143 47
44144 38
44145 42
44146 34
44147 52
44148 INF
44149 41
44150 39
44151 44
44152 42
44153 33
44154 47
44155 43
44156 40
44157 51
44158 31
44159 32
44160 46
44161 39
44162 38
44163 INF
44164 43
44165 45
44166 40
44167 43
44168 44
44169 47
44170 44
44171 46
44172 39
44173 37
44174 37
44175 43
44176 40
44177 36
44178 43
44179 INF
44180 38
44181 37
44182 INF
44183 36
44184 37
44185 38
44186 43
44187 37
44188 34
44189 INF
44190 42
44191 43
44192 41
44193 INF
44194 40
44195 30
44196 35
44197 40
44198 46
44199 37
44200 49
44201 48
44202 30
44203 44
44204 39
44205 28
44206 40
44207 37
44208 INF
44209 INF
44210 39
44211 28
44212 44
44213 39
44214 36
44215 47
44216 38
44217 36
44218 44
44219 45
44220 34
44221 26
44222 36
44223 26
44224 43
44225 31
44226 40
44227 31
44228 34
44229 36
44230 43
44231 43
44232 31
44233 39
44234 53
44235 41
44236 36
44237 39
44238 INF
44239 22
44240 43
44241 30
44242 44
44243 47
44244 37
44245 41
44246 40
44247 39
44248 35
44249 37
44250 39
44251 36
44252 47
44253 39
44254 39
44255 35
44256 43
44257 45
44258 37
44259 INF
44260 36
44261 42
44262 39
44263 45
44264 49
44265 45
44266 45
44267 35
44268 34
44269 42
44270 41
44271 34
44272 32
44273 22
44274 INF
44275 31
44276 37
44277 31
44278 INF
44279 39
44280 38
44281 41
44282 INF
44283 50
44284 28
44285 38
44286 34
44287 29
44288 48
44289 33
44290 39
44291 32
44292 38
44293 41
44294 50
44295 INF
44296 39
44297 42
44298 34
44299 INF
44300 35
44301 38
44302 47
44303 44
44304 32
44305 44
44306 41
44307 37
44308 40
44309 55
44310 42
44311 43
44312 48
44313 31
44314 38
44315 35
44316 41
44317 49
44318 59
44319 26
44320 36
44321 39
44322 37
44323 34
44324 43
44325 40
44326 26
44327 31
44328 35
44329 58
44330 33
44331 35
44332 35
44333 32
44334 46
44335 42
44336 41
44337 38
44338 47
44339 34
44340 40
44341 51
44342 30
44343 41
44344 46
44345 40
44346 INF
44347 36
44348 INF
44349 INF
44350 44
44351 44
44352 41
44353 34
44354 40
44355 33
44356 39
44357 40
44358 37
44359 39
44360 45
44361 35
44362 47
44363 42
44364 33
44365 35
44366 39
44367 47
44368 INF
44369 42
44370 38
44371 44
44372 38
44373 INF
44374 39
44375 37
44376 43
44377 33
44378 44
44379 40
44380 35
44381 32
44382 44
44383 32
44384 27
44385 45
44386 38
44387 46
44388 40
44389 43
44390 40
44391 51
44392 INF
44393 43
44394 39
44395 37
44396 33
44397 34
44398 47
44399 44
44400 40
44401 56
44402 27
44403 36
44404 42
44405 38
44406 42
44407 52
44408 29
44409 34
44410 41
44411 INF
44412 37
44413 39
44414 45
44415 30
44416 28
44417 31
44418 48
44419 30
44420 INF
44421 45
44422 40
44423 34
44424 49
44425 54
44426 39
44427 40
44428 INF
44429 35
44430 40
44431 35
44432 41
44433 37
44434 44
44435 39
44436 60
44437 46
44438 48
44439 INF
44440 INF
44441 39
44442 26
44443 47
44444 43
44445 41
44446 35
44447 44
44448 51
44449 44
44450 42
44451 40
44452 INF
44453 34
44454 30
44455 44
44456 54
44457 36
44458 40
44459 28
44460 19
44461 29
44462 46
44463 43
44464 40
44465 40
44466 40
44467 39
44468 40
44469 36
44470 37
44471 38
44472 28
44473 42
44474 INF
44475 46
44476 44
44477 45
44478 41
44479 42
44480 45
44481 39
44482 48
44483 37
44484 INF
44485 40
44486 36
44487 37
44488 56
44489 35
44490 38
44491 42
44492 42
44493 38
44494 31
44495 38
44496 26
44497 39
44498 42
44499 35
44500 35
44501 46
44502 41
44503 37
44504 37
44505 INF
44506 38
44507 44
44508 42
44509 44
44510 44
44511 42
44512 48
44513 32
44514 44
44515 44
44516 36
44517 31
44518 39
44519 37
44520 30
44521 INF
44522 41
44523 25
44524 33
44525 44
44526 31
44527 38
44528 32
44529 40
44530 38
44531 43
44532 40
44533 43
44534 24
44535 41
44536 43
44537 43
44538 40
44539 39
44540 38
44541 INF
44542 42
44543 36
44544 35
44545 INF
44546 43
44547 36
44548 45
44549 36
44550 33
44551 48
44552 44
44553 40
44554 43
44555 44
44556 27
44557 28
44558 INF
44559 50
44560 36
44561 39
44562 43
44563 44
44564 35
44565 37
44566 43
44567 INF
44568 40
44569 43
44570 59
44571 41
44572 36
44573 44
44574 47
44575 39
44576 43
44577 32
44578 48
44579 46
44580 43
44581 37
44582 39
44583 43
44584 45
44585 40
44586 37
44587 39
44588 44
44589 37
44590 33
44591 38
44592 33
44593 37
44594 47
44595 41
44596 48
44597 36
44598 39
44599 41
44600 47
44601 26
44602 37
44603 41
44604 42
44605 42
44606 INF
44607 40
44608 46
44609 37
44610 41
44611 42
44612 37
44613 52
44614 INF
44615 44
44616 34
44617 INF
44618 43
44619 52
44620 29
44621 54
44622 42
44623 25
44624 39
44625 42
44626 31
44627 38
44628 33
44629 49
44630 INF
44631 24
44632 29
44633 30
44634 INF
44635 41
44636 34
44637 56
44638 49
44639 38
44640 36
44641 38
44642 41
44643 38
44644 35
44645 37
44646 43
44647 42
44648 42
44649 35
44650 30
44651 37
44652 25
44653 INF
44654 40
44655 39
44656 INF
44657 40
44658 42
44659 60
44660 38
44661 40
44662 38
44663 39
44664 INF
44665 47
44666 49
44667 39
44668 30
44669 36
44670 30
44671 30
44672 37
44673 53
44674 41
44675 32
44676 36
44677 45
44678 32
44679 57
44680 40
44681 43
44682 36
44683 INF
44684 36
44685 40
44686 41
44687 37
44688 33
44689 35
44690 54
44691 42
44692 38
44693 42
44694 37
44695 39
44696 49
44697 34
44698 35
44699 43
44700 35
44701 36
44702 46
44703 36
44704 36
44705 40
44706 33
44707 INF
44708 51
44709 32
44710 35
44711 INF
44712 44
44713 42
44714 INF
44715 29
44716 39
44717 42
44718 51
44719 32
44720 54
44721 39
44722 34
44723 21
44724 INF
44725 INF
44726 35
44727 28
44728 39
44729 41
44730 31
44731 28
44732 47
44733 35
44734 38
44735 48
44736 35
44737 48
44738 44
44739 46
44740 34
44741 29
44742 27
44743 39
44744 41
44745 45
44746 35
44747 16
44748 44
44749 36
44750 29
44751 33
44752 36
44753 35
44754 34
44755 22
44756 29
44757 38
44758 34
44759 32
44760 37
44761 44
44762 38
44763 45
44764 38
44765 37
44766 33
44767 40
44768 INF
44769 37
44770 28
44771 42
44772 29
44773 38
44774 36
44775 35
44776 47
44777 36
44778 43
44779 40
44780 49
44781 43
44782 39
44783 40
44784 41
44785 38
44786 35
44787 42
44788 50
44789 36
44790 51
44791 38
44792 41
44793 53
44794 37
44795 37
44796 35
44797 30
44798 30
44799 38
44800 25
44801 40
44802 42
44803 43
44804 INF
44805 44
44806 40
44807 37
44808 39
44809 33
44810 38
44811 38
44812 32
44813 53
44814 38
44815 39
44816 33
44817 39
44818 29
44819 43
44820 37
44821 30
44822 31
44823 45
44824 42
44825 30
44826 27
44827 34
44828 42
44829 41
44830 33
44831 35
44832 44
44833 37
44834 37
44835 47
44836 42
44837 43
44838 INF
44839 48
44840 46
44841 33
44842 37
44843 42
44844 45
44845 34
44846 38
44847 44
44848 INF
44849 46
44850 39
44851 39
44852 41
44853 48
44854 37
44855 33
44856 43
44857 INF
44858 44
44859 32
44860 37
44861 32
44862 45
44863 36
44864 42
44865 43
44866 38
44867 36
44868 43
44869 31
44870 48
44871 41
44872 41
44873 39
44874 38
44875 INF
44876 29
44877 44
44878 38
44879 33
44880 38
44881 35
44882 52
44883 33
44884 38
44885 44
44886 37
44887 34
44888 50
44889 40
44890 37
44891 42
44892 34
44893 44
44894 28
44895 37
44896 39
44897 46
44898 39
44899 29
44900 43
44901 44
44902 INF
44903 INF
44904 33
44905 INF
44906 38
44907 INF
44908 INF
44909 38
44910 41
44911 40
44912 41
44913 42
44914 37
44915 40
44916 40
44917 30
44918 32
44919 44
44920 34
44921 39
44922 44
44923 40
44924 38
44925 40
44926 41
44927 INF
44928 45
44929 16
44930 41
44931 46
44932 23
44933 41
44934 43
44935 33
44936 35
44937 39
44938 34
44939 31
44940 43
44941 40
44942 48
44943 36
44944 30
44945 46
44946 31
44947 INF
44948 34
44949 46
44950 38
44951 32
44952 30
44953 47
44954 40
44955 41
44956 46
44957 40
44958 31
44959 INF
44960 44
44961 34
44962 28
44963 INF
44964 41
44965 42
44966 40
44967 38
44968 41
44969 42
44970 38
44971 38
44972 34
44973 24
44974 45
44975 33
44976 35
44977 46
44978 41
44979 33
44980 INF
44981 37
44982 30
44983 38
44984 INF
44985 40
44986 44
44987 37
44988 42
44989 32
44990 32
44991 43
44992 37
44993 30
44994 35
44995 34
44996 46
44997 38
44998 46
44999 40
45000 45
45001 43
45002 41
45003 33
45004 36
45005 41
45006 42
45007 INF
45008 38
45009 40
45010 48
45011 43
45012 36
45013 45
45014 39
45015 37
45016 32
45017 34
45018 44
45019 38
45020 48
45021 36
45022 39
45023 41
45024 46
45025 41
45026 INF
45027 32
45028 36
45029 39
45030 39
45031 31
45032 42
45033 41
45034 39
45035 44
45036 41
45037 40
45038 39
45039 40
45040 41
45041 39
45042 38
45043 43
45044 38
45045 40
45046 INF
45047 29
45048 39
45049 34
45050 36
45051 44
45052 43
45053 35
45054 45
45055 36
45056 44
45057 49
45058 43
45059 38
45060 39
45061 37
45062 36
45063 36
45064 53
45065 40
45066 43
45067 45
45068 34
45069 INF
45070 INF
45071 35
45072 42
45073 48
45074 33
45075 51
45076 39
45077 41
45078 40
45079 45
45080 44
45081 34
45082 47
45083 43
45084 33
45085 50
45086 54
45087 38
45088 42
45089 39
45090 40
45091 29
45092 37
45093 42
45094 52
45095 37
45096 36
45097 24
45098 44
45099 43
45100 39
45101 INF
45102 45
45103 34
45104 40
45105 37
45106 42
45107 42
45108 27
45109 42
45110 46
45111 36
45112 31
45113 32
45114 35
45115 38
45116 39
45117 37
45118 41
45119 33
45120 42
45121 23
45122 27
45123 42
45124 37
45125 40
45126 46
45127 39
45128 52
45129 34
45130 30
45131 32
45132 INF
45133 55
45134 24
45135 42
45136 35
45137 43
45138 38
45139 42
45140 47
45141 37
45142 38
45143 39
45144 24
45145 37
45146 INF
45147 34
45148 41
45149 42
45150 INF
45151 45
45152 39
45153 31
45154 29
45155 37
45156 23
45157 38
45158 48
45159 39
45160 21
45161 48
45162 38
45163 27
45164 36
45165 47
45166 42
45167 33
45168 40
45169 42
45170 38
45171 39
45172 44
45173 42
45174 38
45175 36
45176 45
45177 46
45178 37
45179 INF
45180 42
45181 42
45182 42
45183 44
45184 44
45185 46
45186 36
45187 42
45188 43
45189 37
45190 34
45191 41
45192 34
45193 37
45194 29
45195 INF
45196 31
45197 INF
45198 35
45199 43
45200 INF
45201 38
45202 36
45203 39
45204 45
45205 INF
45206 36
45207 35
45208 26
45209 22
45210 27
45211 35
45212 32
45213 40
45214 41
45215 43
45216 37
45217 39
45218 32
45219 41
45220 35
45221 35
45222 47
45223 39
45224 52
45225 43
45226 39
45227 33
45228 INF
45229 20
45230 31
45231 43
45232 14
45233 39
45234 36
45235 31
45236 29
45237 63
45238 54
45239 33
45240 INF
45241 INF
45242 51
45243 38
45244 43
45245 37
45246 43
45247 35
45248 42
45249 36
45250 33
45251 41
45252 49
45253 42
45254 42
45255 INF
45256 36
45257 37
45258 41
45259 40
45260 34
45261 38
45262 45
45263 INF
45264 32
45265 48
45266 35
45267 32
45268 42
45269 42
45270 42
45271 37
45272 31
45273 40
45274 46
45275 32
45276 45
45277 49
45278 30
45279 42
45280 42
45281 32
45282 22
45283 46
45284 45
45285 39
45286 45
45287 42
45288 46
45289 INF
45290 30
45291 40
45292 43
45293 37
45294 37
45295 47
45296 43
45297 INF
45298 45
45299 34
45300 37
45301 29
45302 32
45303 39
45304 36
45305 26
45306 30
45307 38
45308 38
45309 32
45310 44
45311 43
45312 35
45313 39
45314 39
45315 44
45316 37
45317 39
45318 45
45319 37
45320 43
45321 36
45322 40
45323 32
45324 37
45325 34
45326 47
45327 43
45328 37
45329 36
45330 46
45331 46
45332 39
45333 49
45334 45
45335 35
45336 INF
45337 42
45338 44
45339 33
45340 25
45341 36
45342 INF
45343 INF
45344 29
45345 38
45346 INF
45347 50
45348 37
45349 37
45350 40
45351 46
45352 54
45353 41
45354 53
45355 37
45356 39
45357 50
45358 26
45359 39
45360 34
45361 48
45362 INF
45363 46
45364 39
45365 41
45366 37
45367 41
45368 52
45369 43
45370 38
45371 46
45372 48
45373 34
45374 25
45375 INF
45376 56
45377 29
45378 46
45379 39
45380 38
45381 42
45382 37
45383 37
45384 37
45385 48
45386 41
45387 40
45388 38
45389 42
45390 INF
45391 41
45392 46
45393 32
45394 30
45395 49
45396 INF
45397 37
45398 44
45399 40
45400 46
45401 INF
45402 42
45403 48
45404 42
45405 41
45406 27
45407 39
45408 39
45409 56
45410 38
45411 39
45412 36
45413 37
45414 35
45415 44
45416 36
45417 33
45418 36
45419 37
45420 45
45421 47
45422 43
45423 45
45424 43
45425 23
45426 45
45427 37
45428 43
45429 INF
45430 40
45431 47
45432 33
45433 30
45434 40
45435 26
45436 35
45437 41
45438 33
45439 43
45440 38
45441 29
45442 35
45443 31
45444 35
45445 45
45446 35
45447 INF
45448 28
45449 46
45450 37
45451 40
45452 33
45453 38
45454 39
45455 36
45456 45
45457 46
45458 44
45459 35
45460 33
45461 INF
45462 40
45463 44
45464 26
45465 43
45466 37
45467 45
45468 41
45469 36
45470 38
45471 34
45472 31
45473 42
45474 37
45475 INF
45476 34
45477 41
45478 52
45479 37
45480 44
45481 50
45482 INF
45483 35
45484 31
45485 35
45486 28
45487 12
45488 41
45489 38
45490 33
45491 45
45492 39
45493 24
45494 38
45495 36
45496 38
45497 44
45498 34
45499 46
45500 60
45501 41
45502 51
45503 53
45504 37
45505 39
45506 40
45507 INF
45508 INF
45509 46
45510 INF
45511 46
45512 47
45513 31
45514 34
45515 32
45516 42
45517 48
45518 41
45519 46
45520 34
45521 43
45522 35
45523 38
45524 INF
45525 37
45526 36
45527 43
45528 27
45529 50
45530 38
45531 41
45532 39
45533 43
45534 44
45535 38
45536 19
45537 39
45538 37
45539 46
45540 38
45541 33
45542 40
45543 40
45544 41
45545 38
45546 32
45547 26
45548 47
45549 41
45550 44
45551 48
45552 36
45553 32
45554 37
45555 39
45556 45
45557 35
45558 37
45559 37
45560 40
45561 41
45562 39
45563 48
45564 33
45565 41
45566 50
45567 36
45568 38
45569 38
45570 39
45571 29
45572 45
45573 32
45574 39
45575 INF
45576 44
45577 40
45578 34
45579 53
45580 43
45581 38
45582 38
45583 35
45584 36
45585 31
45586 36
45587 40
45588 34
45589 37
45590 40
45591 41
45592 41
45593 47
45594 28
45595 44
45596 46
45597 41
45598 41
45599 33
45600 43
45601 23
45602 45
45603 46
45604 37
45605 37
45606 47
45607 36
45608 37
45609 33
45610 40
45611 42
45612 45
45613 42
45614 29
45615 13
45616 39
45617 45
45618 48
45619 42
45620 45
45621 INF
45622 INF
45623 39
45624 52
45625 41
45626 27
45627 42
45628 41
45629 47
45630 36
45631 INF
45632 42
45633 33
45634 36
45635 39
45636 INF
45637 39
45638 46
45639 48
45640 INF
45641 42
45642 44
45643 35
45644 39
45645 INF
45646 47
45647 41
45648 40
45649 35
45650 33
45651 39
45652 38
45653 34
45654 31
45655 41
45656 INF
45657 40
45658 45
45659 39
45660 44
45661 34
45662 39
45663 INF
45664 41
45665 47
45666 34
45667 28
45668 39
45669 48
45670 38
45671 31
45672 48
45673 31
45674 40
45675 39
45676 42
45677 INF
45678 42
45679 42
45680 43
45681 35
45682 39
45683 33
45684 33
45685 45
45686 39
45687 36
45688 INF
45689 35
45690 49
45691 44
45692 40
45693 36
45694 INF
45695 32
45696 INF
45697 39
45698 40
45699 40
45700 49
45701 39
45702 46
45703 36
45704 38
45705 41
45706 43
45707 44
45708 41
45709 37
45710 36
45711 36
45712 36
45713 46
45714 39
45715 44
45716 38
45717 32
45718 31
45719 33
45720 INF
45721 33
45722 42
45723 44
45724 36
45725 43
45726 35
45727 31
45728 45
45729 45
45730 41
45731 31
45732 50
45733 34
45734 47
45735 44
45736 39
45737 38
45738 39
45739 40
45740 40
45741 34
45742 37
45743 42
45744 38
45745 32
45746 33
45747 36
45748 45
45749 36
45750 40
45751 37
45752 44
45753 37
45754 INF
45755 35
45756 INF
45757 40
45758 35
45759 41
45760 44
45761 36
45762 37
45763 50
45764 39
45765 44
45766 40
45767 45
45768 38
45769 38
45770 39
45771 38
45772 49
45773 38
45774 34
45775 40
45776 35
45777 41
45778 36
45779 27
45780 31
45781 45
45782 34
45783 28
45784 24
45785 39
45786 35
45787 34
45788 50
45789 42
45790 34
45791 35
45792 32
45793 47
45794 37
45795 42
45796 INF
45797 38
45798 38
45799 45
45800 INF
45801 41
45802 43
45803 29
45804 35
45805 40
45806 35
45807 32
45808 INF
45809 40
45810 43
45811 40
45812 41
45813 28
45814 46
45815 36
45816 36
45817 43
45818 38
45819 39
45820 39
45821 42
45822 38
45823 46
45824 43
45825 43
45826 42
45827 30
45828 41
45829 30
45830 35
45831 47
45832 45
45833 30
45834 49
45835 37
45836 37
45837 44
45838 41
45839 40
45840 50
45841 37
45842 36
45843 36
45844 30
45845 57
45846 38
45847 44
45848 37
45849 34
45850 42
45851 35
45852 33
45853 34
45854 24
45855 42
45856 45
45857 50
45858 37
45859 37
45860 37
45861 38
45862 45
45863 36
45864 45
45865 37
45866 41
45867 43
45868 28
45869 33
45870 26
45871 52
45872 41
45873 44
45874 60
45875 40
45876 35
45877 33
45878 38
45879 39
45880 41
45881 32
45882 34
45883 45
45884 37
45885 45
45886 38
45887 44
45888 30
45889 38
45890 43
45891 39
45892 27
45893 46
45894 25
45895 34
45896 37
45897 36
45898 36
45899 44
45900 34
45901 39
45902 41
45903 37
45904 31
45905 43
45906 38
45907 33
45908 44
45909 42
45910 35
45911 42
45912 34
45913 39
45914 35
45915 36
45916 43
45917 31
45918 46
45919 46
45920 43
45921 38
45922 47
45923 45
45924 29
45925 INF
45926 INF
45927 INF
45928 41
45929 40
45930 44
45931 41
45932 39
45933 38
45934 INF
45935 44
45936 47
45937 40
45938 35
45939 40
45940 33
45941 57
45942 42
45943 43
45944 47
45945 49
45946 30
45947 36
45948 33
45949 36
45950 34
45951 35
45952 31
45953 38
45954 50
45955 31
45956 34
45957 41
45958 34
45959 30
45960 40
45961 53
45962 44
45963 43
45964 48
45965 44
45966 39
45967 32
45968 39
45969 39
45970 38
45971 39
45972 46
45973 33
45974 34
45975 33
45976 32
45977 30
45978 INF
45979 37
45980 31
45981 43
45982 44
45983 35
45984 40
45985 35
45986 39
45987 37
45988 44
45989 44
45990 43
45991 30
45992 40
45993 29
45994 36
45995 43
45996 30
45997 30
45998 50
45999 44
46000 32
46001 45
46002 37
46003 39
46004 INF
46005 20
46006 INF
46007 39
46008 37
46009 35
46010 34
46011 41
46012 39
46013 36
46014 32
46015 44
46016 48
46017 29
46018 38
46019 35
46020 37
46021 40
46022 42
46023 43
46024 33
46025 33
46026 37
46027 37
46028 32
46029 39
46030 50
46031 27
46032 39
46033 36
46034 51
46035 31
46036 47
46037 36
46038 INF
46039 41
46040 37
46041 INF
46042 46
46043 31
46044 41
46045 38
46046 38
46047 35
46048 39
46049 36
46050 39
46051 40
46052 35
46053 31
46054 35
46055 28
46056 39
46057 49
46058 53
46059 39
46060 35
46061 35
46062 42
46063 46
46064 41
46065 49
46066 31
46067 33
46068 44
46069 30
46070 36
46071 35
46072 44
46073 45
46074 35
46075 43
46076 38
46077 36
46078 26
46079 40
46080 40
46081 39
46082 39
46083 34
46084 54
46085 37
46086 43
46087 50
46088 35
46089 27
46090 42
46091 34
46092 38
46093 INF
46094 12
46095 22
46096 35
46097 38
46098 40
46099 52
46100 43
46101 39
46102 33
46103 29
46104 INF
46105 43
46106 44
46107 45
46108 43
46109 43
46110 35
46111 35
46112 38
46113 56
46114 42
46115 32
46116 40
46117 41
46118 42
46119 42
46120 INF
46121 INF
46122 37
46123 35
46124 40
46125 30
46126 35
46127 44
46128 34
46129 31
46130 45
46131 42
46132 55
46133 37
46134 45
46135 35
46136 40
46137 46
46138 41
46139 40
46140 41
46141 22
46142 40
46143 32
46144 37
46145 61
46146 47
46147 48
46148 31
46149 34
46150 43
46151 33
46152 44
46153 40
46154 48
46155 45
46156 41
46157 45
46158 44
46159 50
46160 37
46161 34
46162 40
46163 40
46164 39
46165 35
46166 37
46167 33
46168 38
46169 52
46170 41
46171 43
46172 31
46173 34
46174 41
46175 41
46176 42
46177 62
46178 INF
46179 43
46180 41
46181 44
46182 33
46183 46
46184 INF
46185 40
46186 45
46187 41
46188 43
46189 33
46190 INF
46191 22
46192 31
46193 49
46194 47
46195 40
46196 38
46197 39
46198 38
46199 46
46200 37
46201 47
46202 55
46203 37
46204 26
46205 INF
46206 34
46207 39
46208 34
46209 32
46210 35
46211 24
46212 58
46213 33
46214 40
46215 28
46216 38
46217 40
46218 36
46219 35
46220 40
46221 34
46222 41
46223 30
46224 34
46225 INF
46226 40
46227 35
46228 43
46229 38
46230 36
46231 37
46232 33
46233 41
46234 43
46235 56
46236 INF
46237 44
46238 38
46239 46
46240 INF
46241 33
46242 42
46243 49
46244 32
46245 34
46246 35
46247 INF
46248 39
46249 45
46250 45
46251 16
46252 36
46253 39
46254 32
46255 37
46256 40
46257 38
46258 35
46259 30
46260 42
46261 16
46262 INF
46263 43
46264 36
46265 54
46266 38
46267 52
46268 40
46269 34
46270 42
46271 36
46272 35
46273 42
46274 33
46275 34
46276 37
46277 39
46278 37
46279 35
46280 35
46281 48
46282 35
46283 27
46284 40
46285 44
46286 INF
46287 37
46288 40
46289 48
46290 38
46291 32
46292 47
46293 28
46294 35
46295 39
46296 36
46297 46
46298 34
46299 34
46300 37
46301 46
46302 INF
46303 37
46304 30
46305 41
46306 39
46307 32
46308 35
46309 28
46310 45
46311 41
46312 30
46313 INF
46314 46
46315 46
46316 44
46317 INF
46318 44
46319 32
46320 40
46321 39
46322 42
46323 INF
46324 INF
46325 40
46326 42
46327 35
46328 41
46329 43
46330 36
46331 40
46332 42
46333 45
46334 30
46335 39
46336 37
46337 43
46338 42
46339 32
46340 35
46341 40
46342 INF
46343 40
46344 38
46345 38
46346 39
46347 43
46348 43
46349 58
46350 40
46351 38
46352 36
46353 41
46354 24
46355 25
46356 35
46357 45
46358 36
46359 40
46360 40
46361 47
46362 37
46363 36
46364 INF
46365 44
46366 29
46367 39
46368 36
46369 INF
46370 41
46371 42
46372 40
46373 36
46374 41
46375 43
46376 59
46377 43
46378 52
46379 42
46380 50
46381 INF
46382 40
46383 38
46384 34
46385 37
46386 41
46387 53
46388 38
46389 32
46390 40
46391 28
46392 38
46393 47
46394 34
46395 37
46396 36
46397 INF
46398 45
46399 44
46400 40
46401 49
46402 42
46403 28
46404 11
46405 INF
46406 39
46407 47
46408 INF
46409 46
46410 53
46411 39
46412 43
46413 41
46414 40
46415 34
46416 37
46417 48
46418 39
46419 36
46420 48
46421 48
46422 33
46423 45
46424 38
46425 40
46426 INF
46427 44
46428 32
46429 39
46430 27
46431 38
46432 30
46433 INF
46434 40
46435 40
46436 41
46437 43
46438 34
46439 44
46440 39
46441 38
46442 43
46443 37
46444 47
46445 35
46446 39
46447 43
46448 43
46449 32
46450 INF
46451 INF
46452 49
46453 35
46454 45
46455 43
46456 38
46457 35
46458 INF
46459 34
46460 42
46461 42
46462 47
46463 45
46464 40
46465 39
46466 33
46467 37
46468 40
46469 46
46470 42
46471 35
46472 38
46473 41
46474 38
46475 36
46476 36
46477 31
46478 41
46479 36
46480 40
46481 35
46482 32
46483 25
46484 34
46485 31
46486 40
46487 47
46488 42
46489 43
46490 34
46491 56
46492 33
46493 42
46494 38
46495 27
46496 40
46497 31
46498 43
46499 38
46500 46
46501 38
46502 32
46503 44
46504 23
46505 37
46506 45
46507 33
46508 47
46509 39
46510 31
46511 20
46512 42
46513 34
46514 41
46515 39
46516 20
46517 45
46518 39
46519 31
46520 24
46521 38
46522 42
46523 35
46524 42
46525 34
46526 41
46527 43
46528 35
46529 41
46530 50
46531 48
46532 36
46533 44
46534 34
46535 37
46536 40
46537 44
46538 38
46539 37
46540 35
46541 32
46542 38
46543 46
46544 32
46545 37
46546 45
46547 39
46548 41
46549 41
46550 39
46551 29
46552 34
46553 35
46554 40
46555 42
46556 44
46557 51
46558 32
46559 35
46560 42
46561 45
46562 45
46563 42
46564 31
46565 42
46566 39
46567 40
46568 31
46569 37
46570 34
46571 41
46572 41
46573 40
46574 43
46575 32
46576 35
46577 24
46578 26
46579 40
46580 44
46581 41
46582 32
46583 34
46584 29
46585 40
46586 45
46587 INF
46588 37
46589 45
46590 50
46591 38
46592 39
46593 42
46594 34
46595 41
46596 35
46597 39
46598 38
46599 42
46600 35
46601 29
46602 40
46603 INF
46604 37
46605 37
46606 41
46607 36
46608 39
46609 36
46610 35
46611 30
46612 36
46613 46
46614 37
46615 39
46616 35
46617 34
46618 38
46619 30
46620 43
46621 30
46622 39
46623 39
46624 38
46625 53
46626 47
46627 30
46628 33
46629 39
46630 47
46631 39
46632 47
46633 29
46634 32
46635 32
46636 32
46637 48
46638 36
46639 35
46640 INF
46641 45
46642 43
46643 41
46644 INF
46645 38
46646 39
46647 INF
46648 37
46649 51
46650 43
46651 INF
46652 35
46653 48
46654 27
46655 37
46656 45
46657 40
46658 39
46659 39
46660 53
46661 INF
46662 46
46663 INF
46664 30
46665 40
46666 43
46667 21
46668 46
46669 38
46670 39
46671 20
46672 40
46673 37
46674 38
46675 45
46676 44
46677 41
46678 43
46679 41
46680 38
46681 42
46682 47
46683 37
46684 41
46685 38
46686 33
46687 41
46688 48
46689 30
46690 41
46691 44
46692 40
46693 INF
46694 44
46695 47
46696 43
46697 40
46698 36
46699 41
46700 41
46701 39
46702 INF
46703 44
46704 47
46705 40
46706 34
46707 37
46708 41
46709 42
46710 31
46711 40
46712 41
46713 41
46714 40
46715 34
46716 39
46717 43
46718 48
46719 30
46720 43
46721 34
46722 30
46723 45
46724 46
46725 49
46726 40
46727 44
46728 46
46729 37
46730 28
46731 53
46732 47
46733 INF
46734 45
46735 46
46736 45
46737 51
46738 38
46739 32
46740 47
46741 36
46742 36
46743 48
46744 41
46745 46
46746 40
46747 40
46748 INF
46749 40
46750 26
46751 43
46752 37
46753 41
46754 INF
46755 46
46756 37
46757 38
46758 39
46759 INF
46760 32
46761 46
46762 43
46763 41
46764 44
46765 42
46766 49
46767 45
46768 34
46769 39
46770 47
46771 44
46772 43
46773 46
46774 38
46775 42
46776 38
46777 47
46778 36
46779 29
46780 29
46781 46
46782 48
46783 34
46784 35
46785 45
46786 39
46787 39
46788 40
46789 39
46790 47
46791 48
46792 31
46793 46
46794 33
46795 34
46796 35
46797 INF
46798 42
46799 35
46800 37
46801 43
46802 51
46803 34
46804 49
46805 38
46806 41
46807 41
46808 33
46809 46
46810 42
46811 38
46812 42
46813 50
46814 45
46815 INF
46816 INF
46817 43
46818 44
46819 38
46820 26
46821 39
46822 33
46823 39
46824 40
46825 43
46826 45
46827 53
46828 23
46829 32
46830 39
46831 37
46832 35
46833 34
46834 INF
46835 39
46836 40
46837 39
46838 39
46839 31
46840 41
46841 44
46842 32
46843 42
46844 38
46845 34
46846 43
46847 41
46848 39
46849 41
46850 44
46851 49
46852 35
46853 34
46854 54
46855 40
46856 46
46857 40
46858 35
46859 42
46860 37
46861 39
46862 38
46863 44
46864 46
46865 44
46866 34
46867 INF
46868 46
46869 33
46870 37
46871 38
46872 40
46873 40
46874 INF
46875 46
46876 32
46877 42
46878 35
46879 47
46880 49
46881 43
46882 60
46883 43
46884 39
46885 37
46886 26
46887 40
46888 34
46889 32
46890 40
46891 35
46892 39
46893 45
46894 46
46895 35
46896 41
46897 31
46898 38
46899 34
46900 25
46901 44
46902 42
46903 47
46904 49
46905 52
46906 40
46907 39
46908 40
46909 35
46910 43
46911 30
46912 37
46913 46
46914 38
46915 36
46916 40
46917 48
46918 40
46919 41
46920 44
46921 48
46922 29
46923 46
46924 39
46925 33
46926 37
46927 40
46928 45
46929 32
46930 44
46931 35
46932 38
46933 29
46934 42
46935 38
46936 31
46937 45
46938 17
46939 39
46940 35
46941 43
46942 26
46943 26
46944 43
46945 39
46946 50
46947 49
46948 41
46949 39
46950 40
46951 38
46952 40
46953 45
46954 48
46955 49
46956 45
46957 38
46958 43
46959 36
46960 40
46961 29
46962 36
46963 22
46964 34
46965 42
46966 43
46967 37
46968 35
46969 41
46970 45
46971 35
46972 45
46973 24
46974 39
46975 38
46976 45
46977 46
46978 33
46979 39
46980 36
46981 29
46982 37
46983 38
46984 40
46985 27
46986 45
46987 36
46988 42
46989 37
46990 57
46991 43
46992 41
46993 44
46994 42
46995 34
46996 29
46997 19
46998 38
46999 42
47000 31
47001 INF
47002 32
47003 42
47004 34
47005 INF
47006 45
47007 36
47008 44
47009 39
47010 35
47011 50
47012 INF
47013 42
47014 INF
47015 37
47016 32
47017 36
47018 37
47019 42
47020 26
47021 39
47022 44
47023 33
47024 34
47025 34
47026 43
47027 42
47028 INF
47029 47
47030 33
47031 36
47032 38
47033 40
47034 37
47035 38
47036 54
47037 43
47038 32
47039 33
47040 30
47041 32
47042 37
47043 41
47044 40
47045 50
47046 INF
47047 45
47048 INF
47049 INF
47050 38
47051 34
47052 35
47053 INF
47054 34
47055 34
47056 36
47057 36
47058 29
47059 25
47060 INF
47061 43
47062 35
47063 51
47064 37
47065 35
47066 30
47067 38
47068 63
47069 INF
47070 44
47071 39
47072 34
47073 36
47074 42
47075 41
47076 36
47077 47
47078 41
47079 35
47080 42
47081 41
47082 39
47083 31
47084 33
47085 41
47086 43
47087 39
47088 INF
47089 42
47090 39
47091 INF
47092 44
47093 42
47094 35
47095 45
47096 47
47097 INF
47098 35
47099 40
47100 47
47101 25
47102 36
47103 INF
47104 50
47105 40
47106 50
47107 49
47108 52
47109 36
47110 32
47111 36
47112 47
47113 26
47114 46
47115 40
47116 47
47117 42
47118 39
47119 INF
47120 39
47121 39
47122 44
47123 42
47124 47
47125 36
47126 38
47127 44
47128 44
47129 32
47130 40
47131 42
47132 29
47133 37
47134 34
47135 37
47136 34
47137 40
47138 27
47139 43
47140 43
47141 37
47142 48
47143 42
47144 33
47145 44
47146 29
47147 44
47148 45
47149 INF
47150 42
47151 37
47152 49
47153 46
47154 38
47155 41
47156 37
47157 INF
47158 33
47159 34
47160 42
47161 52
47162 37
47163 25
47164 36
47165 38
47166 44
47167 32
47168 INF
47169 37
47170 35
47171 40
47172 26
47173 27
47174 22
47175 36
47176 36
47177 29
47178 34
47179 27
47180 46
47181 58
47182 32
47183 40
47184 42
47185 39
47186 44
47187 44
47188 37
47189 29
47190 30
47191 42
47192 44
47193 44
47194 36
47195 43
47196 35
47197 INF
47198 38
47199 32
47200 24
47201 40
47202 37
47203 44
47204 38
47205 44
47206 43
47207 44
47208 51
47209 38
47210 50
47211 35
47212 41
47213 44
47214 36
47215 34
47216 44
47217 42
47218 33
47219 32
47220 32
47221 44
47222 37
47223 42
47224 INF
47225 41
47226 46
47227 35
47228 39
47229 46
47230 36
47231 27
47232 32
47233 36
47234 35
47235 29
47236 42
47237 41
47238 25
47239 45
47240 35
47241 50
47242 39
47243 49
47244 38
47245 41
47246 33
47247 34
47248 38
47249 48
47250 40
47251 34
47252 47
47253 33
47254 42
47255 54
47256 33
47257 40
47258 38
47259 44
47260 37
47261 INF
47262 32
47263 38
47264 21
47265 38
47266 38
47267 44
47268 37
47269 40
47270 48
47271 INF
47272 44
47273 33
47274 43
47275 35
47276 41
47277 48
47278 55
47279 36
47280 38
47281 36
47282 41
47283 35
47284 45
47285 36
47286 39
47287 31
47288 34
47289 33
47290 47
47291 38
47292 44
47293 41
47294 34
47295 36
47296 45
47297 31
47298 51
47299 38
47300 44
47301 44
47302 25
47303 44
47304 41
47305 33
47306 34
47307 44
47308 41
47309 42
47310 40
47311 39
47312 34
47313 33
47314 48
47315 31
47316 38
47317 35
47318 32
47319 41
47320 39
47321 41
47322 36
47323 42
47324 42
47325 44
47326 43
47327 33
47328 43
47329 43
47330 46
47331 41
47332 46
47333 INF
47334 49
47335 39
47336 44
47337 47
47338 39
47339 43
47340 39
47341 38
47342 40
47343 47
47344 36
47345 41
47346 INF
47347 48
47348 40
47349 42
47350 40
47351 45
47352 31
47353 36
47354 44
47355 INF
47356 43
47357 48
47358 INF
47359 37
47360 41
47361 39
47362 48
47363 33
47364 50
47365 37
47366 41
47367 41
47368 37
47369 59
47370 40
47371 43
47372 39
47373 48
47374 38
47375 34
47376 37
47377 40
47378 42
47379 40
47380 37
47381 43
47382 31
47383 42
47384 26
47385 32
47386 34
47387 37
47388 42
47389 32
47390 INF
47391 INF
47392 50
47393 31
47394 51
47395 37
47396 44
47397 37
47398 37
47399 37
47400 39
47401 37
47402 46
47403 INF
47404 33
47405 39
47406 39
47407 36
47408 37
47409 41
47410 43
47411 38
47412 38
47413 40
47414 37
47415 49
47416 42
47417 38
47418 30
47419 45
47420 52
47421 43
47422 32
47423 35
47424 45
47425 38
47426 41
47427 46
47428 47
47429 40
47430 INF
47431 42
47432 38
47433 INF
47434 38
47435 35
47436 47
47437 53
47438 40
47439 43
47440 42
47441 42
47442 35
47443 42
47444 36
47445 35
47446 42
47447 50
47448 33
47449 39
47450 27
47451 44
47452 38
47453 47
47454 34
47455 39
47456 34
47457 37
47458 34
47459 40
47460 45
47461 30
47462 49
47463 38
47464 INF
47465 39
47466 INF
47467 41
47468 37
47469 24
47470 31
47471 39
47472 41
47473 29
47474 33
47475 42
47476 50
47477 36
47478 38
47479 39
47480 34
47481 46
47482 44
47483 39
47484 28
47485 42
47486 40
47487 35
47488 46
47489 INF
47490 43
47491 37
47492 40
47493 24
47494 42
47495 44
47496 37
47497 36
47498 39
47499 41
47500 51
47501 40
47502 18
47503 46
47504 46
47505 26
47506 39
47507 39
47508 31
47509 41
47510 33
47511 34
47512 45
47513 43
47514 38
47515 42
47516 44
47517 35
47518 32
47519 45
47520 35
47521 34
47522 55
47523 37
47524 30
47525 38
47526 34
47527 INF
47528 47
47529 35
47530 44
47531 36
47532 33
47533 41
47534 43
47535 40
47536 47
47537 35
47538 31
47539 29
47540 45
47541 34
47542 24
47543 35
47544 44
47545 32
47546 30
47547 48
47548 44
47549 53
47550 36
47551 INF
47552 36
47553 39
47554 41
47555 36
47556 40
47557 43
47558 38
47559 29
47560 37
47561 42
47562 31
47563 39
47564 34
47565 34
47566 42
47567 43
47568 36
47569 28
47570 40
47571 41
47572 51
47573 48
47574 41
47575 45
47576 38
47577 33
47578 49
47579 47
47580 41
47581 39
47582 30
47583 38
47584 47
47585 42
47586 39
47587 38
47588 INF
47589 48
47590 49
47591 46
47592 INF
47593 40
47594 49
47595 39
47596 35
47597 36
47598 39
47599 30
47600 42
47601 26
47602 37
47603 48
47604 30
47605 36
47606 51
47607 26
47608 43
47609 34
47610 32
47611 38
47612 51
47613 INF
47614 41
47615 44
47616 45
47617 41
47618 44
47619 44
47620 INF
47621 36
47622 35
47623 33
47624 35
47625 28
47626 27
47627 35
47628 42
47629 38
47630 INF
47631 36
47632 38
47633 40
47634 35
47635 45
47636 37
47637 36
47638 36
47639 39
47640 31
47641 39
47642 INF
47643 35
47644 38
47645 46
47646 31
47647 39
47648 39
47649 38
47650 38
47651 48
47652 48
47653 38
47654 39
47655 37
47656 39
47657 48
47658 48
47659 39
47660 34
47661 39
47662 48
47663 38
47664 36
47665 47
47666 34
47667 46
47668 36
47669 35
47670 41
47671 40
47672 46
47673 37
47674 41
47675 31
47676 35
47677 38
47678 33
47679 37
47680 39
47681 45
47682 44
47683 29
47684 40
47685 50
47686 35
47687 39
47688 45
47689 26
47690 INF
47691 39
47692 47
47693 35
47694 41
47695 50
47696 48
47697 49
47698 42
47699 INF
47700 39
47701 36
47702 45
47703 37
47704 40
47705 39
47706 43
47707 39
47708 INF
47709 46
47710 INF
47711 31
47712 46
47713 39
47714 52
47715 37
47716 37
47717 43
47718 36
47719 39
47720 43
47721 37
47722 INF
47723 33
47724 44
47725 34
47726 26
47727 43
47728 45
47729 35
47730 32
47731 35
47732 41
47733 INF
47734 37
47735 38
47736 32
47737 39
47738 INF
47739 38
47740 37
47741 42
47742 25
47743 42
47744 37
47745 38
47746 35
47747 35
47748 45
47749 31
47750 24
47751 33
47752 39
47753 28
47754 24
47755 49
47756 56
47757 41
47758 37
47759 38
47760 38
47761 28
47762 36
47763 45
47764 66
47765 20
47766 43
47767 27
47768 INF
47769 32
47770 38
47771 31
47772 39
47773 45
47774 34
47775 28
47776 45
47777 49
47778 42
47779 39
47780 46
47781 35
47782 44
47783 36
47784 40
47785 35
47786 44
47787 37
47788 48
47789 INF
47790 32
47791 40
47792 36
47793 33
47794 36
47795 54
47796 37
47797 28
47798 34
47799 47
47800 42
47801 41
47802 40
47803 39
47804 46
47805 30
47806 36
47807 37
47808 44
47809 39
47810 29
47811 28
47812 28
47813 35
47814 42
47815 39
47816 35
47817 INF
47818 50
47819 INF
47820 46
47821 37
47822 26
47823 39
47824 18
47825 40
47826 42
47827 38
47828 52
47829 42
47830 30
47831 31
47832 30
47833 INF
47834 40
47835 39
47836 38
47837 40
47838 36
47839 37
47840 37
47841 40
47842 46
47843 INF
47844 46
47845 47
47846 38
47847 33
47848 40
47849 23
47850 41
47851 38
47852 40
47853 42
47854 43
47855 32
47856 38
47857 39
47858 36
47859 45
47860 42
47861 43
47862 50
47863 INF
47864 32
47865 47
47866 33
47867 45
47868 INF
47869 39
47870 40
47871 37
47872 42
47873 42
47874 32
47875 39
47876 INF
47877 36
47878 43
47879 47
47880 INF
47881 33
47882 43
47883 39
47884 40
47885 41
47886 37
47887 49
47888 37
47889 32
47890 45
47891 37
47892 35
47893 38
47894 20
47895 38
47896 35
47897 42
47898 32
47899 51
47900 43
47901 35
47902 44
47903 48
47904 29
47905 42
47906 35
47907 40
47908 38
47909 38
47910 35
47911 41
47912 41
47913 29
47914 40
47915 46
47916 37
47917 43
47918 38
47919 36
47920 37
47921 39
47922 34
47923 38
47924 36
47925 41
47926 41
47927 39
47928 36
47929 43
47930 39
47931 33
47932 48
47933 42
47934 46
47935 40
47936 45
47937 35
47938 42
47939 45
47940 41
47941 42
47942 33
47943 35
47944 37
47945 45
47946 50
47947 39
47948 46
47949 31
47950 46
47951 44
47952 31
47953 53
47954 INF
47955 42
47956 47
47957 45
47958 48
47959 39
47960 INF
47961 31
47962 22
47963 40
47964 50
47965 43
47966 25
47967 39
47968 31
47969 28
47970 27
47971 INF
47972 41
47973 INF
47974 43
47975 48
47976 44
47977 50
47978 49
47979 32
47980 56
47981 30
47982 40
47983 40
47984 45
47985 35
47986 35
47987 35
47988 30
47989 44
47990 36
47991 40
47992 30
47993 30
47994 39
47995 54
47996 42
47997 50
47998 40
47999 45
48000 41
48001 36
48002 42
48003 48
48004 38
48005 57
48006 38
48007 39
48008 36
48009 42
48010 42
48011 48
48012 49
48013 36
48014 33
48015 INF
48016 35
48017 39
48018 42
48019 47
48020 34
48021 34
48022 37
48023 48
48024 40
48025 INF
48026 INF
48027 38
48028 34
48029 40
48030 49
48031 32
48032 37
48033 32
48034 51
48035 37
48036 INF
48037 28
48038 33
48039 33
48040 22
48041 49
48042 36
48043 42
48044 39
48045 49
48046 38
48047 37
48048 40
48049 45
48050 40
48051 46
48052 42
48053 48
48054 INF
48055 34
48056 46
48057 37
48058 47
48059 32
48060 39
48061 44
48062 49
48063 53
48064 43
48065 34
48066 60
48067 37
48068 38
48069 45
48070 40
48071 44
48072 35
48073 34
48074 41
48075 41
48076 50
48077 34
48078 43
48079 50
48080 42
48081 INF
48082 43
48083 47
48084 36
48085 36
48086 40
48087 34
48088 40
48089 48
48090 30
48091 34
48092 33
48093 32
48094 42
48095 19
48096 47
48097 34
48098 35
48099 37
48100 42
48101 41
48102 37
48103 47
48104 34
48105 40
48106 26
48107 41
48108 INF
48109 41
48110 35
48111 45
48112 39
48113 INF
48114 35
48115 35
48116 39
48117 47
48118 34
48119 29
48120 46
48121 25
48122 44
48123 43
48124 51
48125 INF
48126 40
48127 39
48128 41
48129 39
48130 36
48131 44
48132 28
48133 50
48134 44
48135 38
48136 49
48137 48
48138 44
48139 44
48140 31
48141 33
48142 INF
48143 39
48144 42
48145 38
48146 47
48147 56
48148 INF
48149 42
48150 35
48151 27
48152 39
48153 51
48154 49
48155 39
48156 33
48157 41
48158 40
48159 45
48160 42
48161 44
48162 46
48163 39
48164 38
48165 21
48166 42
48167 42
48168 34
48169 38
48170 INF
48171 INF
48172 35
48173 44
48174 38
48175 35
48176 46
48177 38
48178 38
48179 INF
48180 26
48181 33
48182 46
48183 42
48184 31
48185 35
48186 38
48187 48
48188 41
48189 42
48190 43
48191 38
48192 38
48193 38
48194 45
48195 51
48196 43
48197 33
48198 INF
48199 33
48200 37
48201 40
48202 39
48203 42
48204 47
48205 44
48206 43
48207 37
48208 45
48209 41
48210 35
48211 43
48212 45
48213 46
48214 38
48215 46
48216 INF
48217 39
48218 44
48219 46
48220 38
48221 40
48222 43
48223 38
48224 43
48225 50
48226 50
48227 43
48228 35
48229 29
48230 36
48231 44
48232 41
48233 37
48234 28
48235 48
48236 37
48237 50
48238 33
48239 43
48240 31
48241 36
48242 41
48243 36
48244 40
48245 37
48246 35
48247 37
48248 23
48249 29
48250 INF
48251 45
48252 36
48253 33
48254 41
48255 27
48256 42
48257 40
48258 39
48259 38
48260 34
48261 INF
48262 49
48263 34
48264 49
48265 45
48266 43
48267 35
48268 37
48269 48
48270 43
48271 33
48272 29
48273 INF
48274 31
48275 51
48276 41
48277 52
48278 40
48279 40
48280 43
48281 47
48282 26
48283 39
48284 18
48285 27
48286 44
48287 34
48288 31
48289 28
48290 39
48291 43
48292 37
48293 33
48294 35
48295 25
48296 39
48297 39
48298 20
48299 42
48300 46
48301 33
48302 41
48303 42
48304 44
48305 INF
48306 33
48307 48
48308 47
48309 42
48310 32
48311 42
48312 35
48313 37
48314 39
48315 51
48316 35
48317 40
48318 18
48319 INF
48320 41
48321 35
48322 18
48323 19
48324 31
48325 38
48326 32
48327 37
48328 41
48329 25
48330 27
48331 41
48332 39
48333 41
48334 43
48335 46
48336 35
48337 46
48338 39
48339 23
48340 38
48341 INF
48342 33
48343 38
48344 40
48345 44
48346 26
48347 38
48348 52
48349 45
48350 37
48351 40
48352 42
48353 40
48354 50
48355 41
48356 45
48357 36
48358 42
48359 27
48360 37
48361 37
48362 42
48363 46
48364 31
48365 46
48366 36
48367 37
48368 42
48369 24
48370 42
48371 39
48372 44
48373 44
48374 37
48375 32
48376 43
48377 44
48378 40
48379 43
48380 45
48381 57
48382 40
48383 43
48384 33
48385 41
48386 33
48387 39
48388 35
48389 40
48390 35
48391 INF
48392 36
48393 38
48394 35
48395 40
48396 35
48397 INF
48398 51
48399 40
48400 28
48401 25
48402 37
48403 37
48404 23
48405 39
48406 44
48407 35
48408 39
48409 53
48410 32
48411 21
48412 30
48413 54
48414 44
48415 41
48416 42
48417 52
48418 49
48419 47
48420 39
48421 34
48422 33
48423 37
48424 30
48425 40
48426 40
48427 35
48428 42
48429 30
48430 INF
48431 41
48432 41
48433 37
48434 INF
48435 37
48436 45
48437 45
48438 47
48439 46
48440 32
48441 34
48442 45
48443 42
48444 32
48445 37
48446 41
48447 56
48448 49
48449 35
48450 33
48451 35
48452 34
48453 45
48454 40
48455 13
48456 46
48457 41
48458 39
48459 32
48460 43
48461 52
48462 41
48463 43
48464 42
48465 40
48466 41
48467 43
48468 38
48469 46
48470 38
48471 47
48472 INF
48473 INF
48474 36
48475 43
48476 39
48477 38
48478 37
48479 38
48480 42
48481 38
48482 42
48483 40
48484 38
48485 41
48486 35
48487 32
48488 43
48489 40
48490 52
48491 38
48492 39
48493 37
48494 44
48495 38
48496 38
48497 39
48498 41
48499 45
48500 45
48501 45
48502 29
48503 46
48504 33
48505 46
48506 33
48507 41
48508 39
48509 29
48510 42
48511 30
48512 47
48513 47
48514 42
48515 32
48516 43
48517 30
48518 36
48519 46
48520 29
48521 43
48522 40
48523 26
48524 INF
48525 33
48526 INF
48527 53
48528 43
48529 33
48530 41
48531 44
48532 32
48533 29
48534 30
48535 42
48536 37
48537 43
48538 31
48539 51
48540 48
48541 41
48542 41
48543 37
48544 52
48545 50
48546 44
48547 42
48548 40
48549 40
48550 39
48551 45
48552 45
48553 29
48554 38
48555 37
48556 29
48557 33
48558 39
48559 37
48560 32
48561 41
48562 50
48563 25
48564 35
48565 37
48566 32
48567 42
48568 23
48569 41
48570 31
48571 45
48572 45
48573 51
48574 INF
48575 47
48576 42
48577 43
48578 38
48579 INF
48580 42
48581 38
48582 38
48583 36
48584 45
48585 35
48586 37
48587 36
48588 INF
48589 INF
48590 44
48591 35
48592 42
48593 36
48594 46
48595 43
48596 32
48597 33
48598 39
48599 35
48600 27
48601 38
48602 38
48603 INF
48604 50
48605 38
48606 47
48607 34
48608 44
48609 40
48610 34
48611 33
48612 48
48613 34
48614 41
48615 51
48616 34
48617 52
48618 INF
48619 46
48620 35
48621 40
48622 46
48623 33
48624 29
48625 41
48626 40
48627 43
48628 43
48629 31
48630 34
48631 45
48632 42
48633 37
48634 41
48635 33
48636 48
48637 32
48638 41
48639 41
48640 54
48641 44
48642 54
48643 45
48644 39
48645 38
48646 55
48647 35
48648 13
48649 41
48650 31
48651 34
48652 49
48653 35
48654 40
48655 39
48656 40
48657 38
48658 29
48659 52
48660 32
48661 38
48662 38
48663 31
48664 37
48665 45
48666 43
48667 39
48668 46
48669 32
48670 46
48671 41
48672 47
48673 30
48674 36
48675 42
48676 42
48677 32
48678 INF
48679 40
48680 33
48681 40
48682 54
48683 35
48684 44
48685 45
48686 40
48687 41
48688 INF
48689 40
48690 36
48691 INF
48692 42
48693 41
48694 38
48695 38
48696 34
48697 37
48698 50
48699 41
48700 45
48701 45
48702 29
48703 22
48704 41
48705 50
48706 36
48707 43
48708 35
48709 40
48710 39
48711 40
48712 41
48713 53
48714 41
48715 37
48716 34
48717 36
48718 40
48719 31
48720 36
48721 39
48722 30
48723 42
48724 34
48725 35
48726 28
48727 38
48728 37
48729 42
48730 39
48731 34
48732 38
48733 31
48734 INF
48735 41
48736 49
48737 52
48738 34
48739 37
48740 46
48741 34
48742 32
48743 42
48744 33
48745 43
48746 47
48747 35
48748 35
48749 39
48750 54
48751 40
48752 INF
48753 33
48754 34
48755 33
48756 26
48757 39
48758 35
48759 38
48760 49
48761 37
48762 39
48763 37
48764 45
48765 40
48766 35
48767 INF
48768 41
48769 INF
48770 44
48771 39
48772 39
48773 36
48774 INF
48775 36
48776 37
48777 36
48778 38
48779 32
48780 42
48781 36
48782 31
48783 41
48784 42
48785 34
48786 INF
48787 INF
48788 44
48789 32
48790 50
48791 46
48792 40
48793 42
48794 38
48795 55
48796 31
48797 35
48798 42
48799 INF
48800 44
48801 41
48802 34
48803 53
48804 43
48805 37
48806 39
48807 37
48808 44
48809 39
48810 32
48811 29
48812 48
48813 42
48814 38
48815 35
48816 27
48817 32
48818 40
48819 54
48820 32
48821 41
48822 40
48823 35
48824 39
48825 INF
48826 43
48827 28
48828 32
48829 INF
48830 40
48831 36
48832 31
48833 35
48834 43
48835 36
48836 47
48837 30
48838 26
48839 53
48840 42
48841 40
48842 35
48843 38
48844 34
48845 39
48846 33
48847 39
48848 39
48849 40
48850 49
48851 42
48852 36
48853 24
48854 39
48855 43
48856 41
48857 39
48858 40
48859 35
48860 41
48861 31
48862 39
48863 40
48864 44
48865 30
48866 39
48867 42
48868 35
48869 40
48870 41
48871 40
48872 45
48873 44
48874 38
48875 49
48876 30
48877 30
48878 39
48879 38
48880 47
48881 42
48882 39
48883 30
48884 31
48885 39
48886 42
48887 43
48888 43
48889 44
48890 42
48891 37
48892 INF
48893 INF
48894 35
48895 40
48896 35
48897 41
48898 44
48899 41
48900 36
48901 34
48902 34
48903 INF
48904 51
48905 28
48906 31
48907 36
48908 32
48909 43
48910 38
48911 36
48912 37
48913 33
48914 40
48915 36
48916 35
48917 33
48918 34
48919 37
48920 37
48921 44
48922 35
48923 34
48924 32
48925 33
48926 33
48927 INF
48928 33
48929 47
48930 53
48931 41
48932 32
48933 44
48934 35
48935 27
48936 INF
48937 40
48938 39
48939 35
48940 42
48941 36
48942 48
48943 38
48944 41
48945 32
48946 43
48947 39
48948 INF
48949 41
48950 39
48951 51
48952 33
48953 43
48954 42
48955 34
48956 53
48957 23
48958 37
48959 36
48960 50
48961 INF
48962 34
48963 54
48964 44
48965 31
48966 33
48967 47
48968 44
48969 42
48970 42
48971 INF
48972 43
48973 36
48974 INF
48975 INF
48976 42
48977 33
48978 41
48979 40
48980 36
48981 34
48982 55
48983 34
48984 53
48985 35
48986 34
48987 39
48988 34
48989 45
48990 32
48991 39
48992 37
48993 40
48994 36
48995 30
48996 36
48997 34
48998 30
48999 39
49000 34
49001 38
49002 35
49003 INF
49004 INF
49005 40
49006 38
49007 33
49008 35
49009 51
49010 43
49011 55
49012 43
49013 37
49014 35
49015 32
49016 39
49017 35
49018 44
49019 41
49020 41
49021 39
49022 38
49023 40
49024 29
49025 48
49026 40
49027 27
49028 31
49029 39
49030 47
49031 43
49032 29
49033 INF
49034 37
49035 53
49036 39
49037 35
49038 30
49039 43
49040 40
49041 31
49042 40
49043 40
49044 43
49045 39
49046 43
49047 47
49048 34
49049 36
49050 35
49051 51
49052 43
49053 45
49054 43
49055 36
49056 36
49057 36
49058 39
49059 34
49060 37
49061 31
49062 35
49063 37
49064 INF
49065 56
49066 41
49067 42
49068 38
49069 33
49070 INF
49071 19
49072 44
49073 44
49074 24
49075 39
49076 44
49077 INF
49078 41
49079 37
49080 33
49081 45
49082 39
49083 39
49084 44
49085 31
49086 46
49087 35
49088 24
49089 28
49090 44
49091 49
49092 49
49093 37
49094 40
49095 45
49096 40
49097 45
49098 47
49099 31
49100 34
49101 37
49102 43
49103 42
49104 32
49105 36
49106 41
49107 44
49108 INF
49109 29
49110 41
49111 28
49112 38
49113 38
49114 40
49115 43
49116 43
49117 48
49118 51
49119 30
49120 47
49121 35
49122 46
49123 43
49124 INF
49125 31
49126 41
49127 43
49128 39
49129 37
49130 44
49131 51
49132 41
49133 46
49134 INF
49135 59
49136 40
49137 35
49138 39
49139 40
49140 39
49141 37
49142 43
49143 43
49144 22
49145 INF
49146 38
49147 51
49148 41
49149 44
49150 39
49151 27
49152 INF
49153 39
49154 26
49155 50
49156 36
49157 43
49158 40
49159 47
49160 39
49161 44
49162 45
49163 42
49164 39
49165 46
49166 45
49167 39
49168 37
49169 42
49170 34
49171 39
49172 35
49173 45
49174 46
49175 INF
49176 41
49177 37
49178 31
49179 40
49180 46
49181 52
49182 32
49183 47
49184 38
49185 INF
49186 INF
49187 38
49188 36
49189 42
49190 39
49191 36
49192 35
49193 35
49194 27
49195 41
49196 30
49197 45
49198 36
49199 46
49200 20
49201 47
49202 41
49203 39
49204 INF
49205 41
49206 30
49207 37
49208 38
49209 50
49210 36
49211 37
49212 43
49213 50
49214 38
49215 38
49216 31
49217 49
49218 35
49219 18
49220 28
49221 49
49222 40
49223 40
49224 42
49225 44
49226 34
49227 31
49228 42
49229 44
49230 47
49231 INF
49232 37
49233 38
49234 40
49235 32
49236 47
49237 34
49238 51
49239 INF
49240 40
49241 INF
49242 37
49243 36
49244 33
49245 45
49246 48
49247 45
49248 45
49249 39
49250 36
49251 40
49252 40
49253 37
49254 44
49255 31
49256 44
49257 41
49258 35
49259 45
49260 38
49261 43
49262 39
49263 42
49264 38
49265 36
49266 44
49267 41
49268 36
49269 INF
49270 22
49271 41
49272 35
49273 35
49274 39
49275 39
49276 47
49277 53
49278 31
49279 37
49280 38
49281 37
49282 30
49283 41
49284 36
49285 38
49286 33
49287 51
49288 50
49289 28
49290 39
49291 41
49292 INF
49293 46
49294 32
49295 36
49296 40
49297 INF
49298 33
49299 22
49300 43
49301 41
49302 39
49303 INF
49304 46
49305 26
49306 46
49307 INF
49308 32
49309 45
49310 39
49311 41
49312 53
49313 43
49314 45
49315 47
49316 36
49317 44
49318 26
49319 43
49320 39
49321 44
49322 48
49323 36
49324 45
49325 31
49326 33
49327 34
49328 48
49329 33
49330 37
49331 33
49332 38
49333 41
49334 44
49335 32
49336 32
49337 40
49338 30
49339 34
49340 41
49341 48
49342 58
49343 41
49344 34
49345 46
49346 INF
49347 38
49348 45
49349 45
49350 31
49351 INF
49352 46
49353 30
49354 INF
49355 36
49356 43
49357 25
49358 40
49359 30
49360 44
49361 34
49362 41
49363 38
49364 34
49365 48
49366 26
49367 42
49368 48
49369 33
49370 40
49371 38
49372 35
49373 46
49374 44
49375 INF
49376 39
49377 45
49378 46
49379 32
49380 INF
49381 37
49382 39
49383 45
49384 41
49385 32
49386 44
49387 53
49388 33
49389 44
49390 37
49391 48
49392 41
49393 38
49394 INF
49395 44
49396 44
49397 37
49398 44
49399 38
49400 31
49401 36
49402 45
49403 INF
49404 INF
49405 37
49406 30
49407 24
49408 39
49409 47
49410 50
49411 49
49412 46
49413 35
49414 39
49415 32
49416 41
49417 50
49418 INF
49419 37
49420 39
49421 37
49422 36
49423 45
49424 43
49425 43
49426 31
49427 42
49428 36
49429 43
49430 36
49431 41
49432 38
49433 49
49434 43
49435 48
49436 33
49437 43
49438 33
49439 36
49440 48
49441 31
49442 39
49443 48
49444 INF
49445 INF
49446 35
49447 41
49448 42
49449 38
49450 41
49451 40
49452 39
49453 37
49454 37
49455 59
49456 32
49457 INF
49458 35
49459 40
49460 INF
49461 35
49462 29
49463 25
49464 30
49465 31
49466 47
49467 43
49468 54
49469 46
49470 38
49471 37
49472 INF
49473 39
49474 55
49475 44
49476 41
49477 51
49478 40
49479 41
49480 37
49481 INF
49482 40
49483 28
49484 42
49485 41
49486 46
49487 41
49488 42
49489 55
49490 30
49491 44
49492 38
49493 47
49494 41
49495 44
49496 37
49497 45
49498 44
49499 33
49500 31
49501 42
49502 48
49503 35
49504 39
49505 37
49506 53
49507 43
49508 30
49509 28
49510 42
49511 25
49512 44
49513 46
49514 53
49515 42
49516 40
49517 39
49518 56
49519 35
49520 39
49521 40
49522 39
49523 37
49524 56
49525 45
49526 39
49527 46
49528 36
49529 45
49530 33
49531 33
49532 38
49533 32
49534 46
49535 32
49536 33
49537 43
49538 37
49539 35
49540 43
49541 35
49542 50
49543 36
49544 34
49545 40
49546 45
49547 34
49548 30
49549 37
49550 40
49551 42
49552 40
49553 57
49554 34
49555 INF
49556 47
49557 44
49558 41
49559 INF
49560 44
49561 37
49562 41
49563 45
49564 40
49565 30
49566 35
49567 43
49568 35
49569 36
49570 37
49571 34
49572 37
49573 34
49574 40
49575 49
49576 39
49577 31
49578 41
49579 39
49580 46
49581 42
49582 INF
49583 35
49584 43
49585 39
49586 51
49587 36
49588 41
49589 41
49590 29
49591 37
49592 46
49593 24
49594 41
49595 32
49596 INF
49597 INF
49598 42
49599 31
49600 38
49601 34
49602 42
49603 54
49604 38
49605 40
49606 41
49607 27
49608 39
49609 39
49610 21
49611 45
49612 36
49613 45
49614 32
49615 41
49616 29
49617 42
49618 47
49619 24
49620 INF
49621 46
49622 39
49623 46
49624 33
49625 33
49626 36
49627 29
49628 40
49629 33
49630 34
49631 26
49632 27
49633 41
49634 29
49635 49
49636 INF
49637 30
49638 35
49639 31
49640 32
49641 38
49642 24
49643 37
49644 35
49645 38
49646 51
49647 36
49648 34
49649 25
49650 44
49651 42
49652 35
49653 31
49654 25
49655 INF
49656 38
49657 38
49658 31
49659 42
49660 36
49661 31
49662 41
49663 39
49664 44
49665 27
49666 38
49667 39
49668 30
49669 36
49670 36
49671 44
49672 33
49673 33
49674 41
49675 36
49676 37
49677 39
49678 33
49679 35
49680 45
49681 40
49682 39
49683 46
49684 39
49685 45
49686 INF
49687 40
49688 37
49689 47
49690 39
49691 37
49692 INF
49693 41
49694 33
49695 48
49696 39
49697 43
49698 45
49699 51
49700 31
49701 38
49702 38
49703 36
49704 44
49705 34
49706 38
49707 44
49708 37
49709 38
49710 40
49711 35
49712 45
49713 45
49714 38
49715 50
49716 40
49717 39
49718 41
49719 43
49720 38
49721 33
49722 45
49723 39
49724 33
49725 42
49726 52
49727 37
49728 43
49729 45
49730 44
49731 42
49732 32
49733 38
49734 38
49735 36
49736 40
49737 30
49738 31
49739 36
49740 38
49741 40
49742 41
49743 48
49744 24
49745 INF
49746 17
49747 37
49748 46
49749 40
49750 43
49751 29
49752 38
49753 35
49754 46
49755 34
49756 43
49757 40
49758 15
49759 30
49760 46
49761 32
49762 41
49763 48
49764 47
49765 37
49766 42
49767 35
49768 39
49769 37
49770 38
49771 INF
49772 32
49773 31
49774 63
49775 34
49776 43
49777 34
49778 38
49779 33
49780 32
49781 39
49782 49
49783 46
49784 INF
49785 44
49786 47
49787 40
49788 46
49789 42
49790 34
49791 32
49792 INF
49793 39
49794 36
49795 47
49796 30
49797 34
49798 44
49799 INF
49800 35
49801 39
49802 33
49803 39
49804 57
49805 42
49806 35
49807 45
49808 34
49809 20
49810 25
49811 51
49812 24
49813 27
49814 39
49815 35
49816 30
49817 45
49818 36
49819 27
49820 43
49821 43
49822 34
49823 43
49824 38
49825 40
49826 38
49827 54
49828 31
49829 49
49830 INF
49831 42
49832 49
49833 34
49834 39
49835 39
49836 37
49837 47
49838 37
49839 38
49840 53
49841 32
49842 39
49843 41
49844 25
49845 50
49846 43
49847 49
49848 47
49849 40
49850 31
49851 31
49852 38
49853 49
49854 39
49855 INF
49856 33
49857 64
49858 35
49859 INF
49860 40
49861 38
49862 33
49863 35
49864 44
49865 41
49866 29
49867 35
49868 30
49869 23
49870 30
49871 43
49872 42
49873 41
49874 37
49875 40
49876 39
49877 37
49878 36
49879 42
49880 47
49881 34
49882 41
49883 46
49884 45
49885 33
49886 33
49887 42
49888 42
49889 37
49890 48
49891 38
49892 39
49893 49
49894 33
49895 40
49896 37
49897 31
49898 44
49899 31
49900 21
49901 36
49902 35
49903 39
49904 43
49905 37
49906 45
49907 INF
49908 29
49909 36
49910 37
49911 30
49912 35
49913 36
49914 39
49915 36
49916 48
49917 37
49918 34
49919 44
49920 52
49921 47
49922 INF
49923 33
49924 36
49925 40
49926 37
49927 40
49928 39
49929 39
49930 43
49931 42
49932 42
49933 40
49934 39
49935 38
49936 39
49937 37
49938 45
49939 35
49940 39
49941 39
49942 37
49943 41
49944 43
49945 44
49946 39
49947 46
49948 INF
49949 38
49950 37
49951 41
49952 25
49953 46
49954 30
49955 34
49956 INF
49957 33
49958 39
49959 40
49960 35
49961 40
49962 31
49963 34
49964 46
49965 39
49966 42
49967 38
49968 39
49969 46
49970 36
49971 33
49972 47
49973 46
49974 25
49975 39
49976 44
49977 43
49978 45
49979 30
49980 41
49981 33
49982 INF
49983 36
49984 INF
49985 34
49986 37
49987 32
49988 36
49989 52
49990 34
49991 45
49992 34
49993 40
49994 41
49995 35
49996 31
49997 38
49998 38
49999 40
Negative cycle: none
Execution time: 9.52062 ms
